case,cores,singlecore_reference_cycles,first_stage_cycles,q3_l2_cycles,same_plan_no_l2_cycles,first_stage_speedup,speedup_vs_reference,same_plan_l2_gain,added_copy_bytes,spill_added_copy_bytes,peak_l1_bytes,peak_ub_bytes,cache_hit_rate,cache_hit_bytes,cache_miss_bytes,official_search_calls,invalid_candidates,selected,branch_called,plan_sha256
case_001,1,233110.0,233110,233110,233110,1.0,1.0,1.0,0,0,13440,8192,0.0,0,820352,3,0,greedy,False,64d6f2b297b709b570b8b55d1d194fec38860aedf63c11aaf60cc64933d51970
case_001,2,233110.0,116868,116868,116868,1.9946435294520313,1.9946435294520313,1.0,1152,0,13440,8192,0.0,0,821504,15,0,greedy,False,fc7d4c6b099f9a509b58372974ca9b35bfd7db996285481d33b9f846e2c8cf38
case_001,3,233110.0,78545,78545,78545,2.9678528232223567,2.9678528232223567,1.0,2304,0,13440,8192,0.0,0,822656,24,0,greedy,False,037717ddda462b41200b189c3cc49d60b005dcd00cfc8a0b57c9e3a76ed30182
case_001,4,233110.0,58984,58984,58984,3.952088702020887,3.952088702020887,1.0,3456,0,13440,8192,0.0,0,823808,24,0,greedy,False,3ddd1070a59b500fd6ce5eec28f04a65ce82edb170caa33b50a06137ea49146d
case_001,5,233110.0,47502,47502,47502,4.9073723211654245,4.9073723211654245,1.0,4608,0,13440,8192,0.0,0,824960,24,0,greedy,False,8bbb5cdc53db45251b1d0840f587de58fd1d232ff41cadc1bab3b9d244fbe497
case_002,1,261945.0,255084,255084,255084,1.026897022157407,1.026897022157407,1.0,3551232,3551232,523776,130560,0.34597875569044007,1400832,2648064,9,0,greedy,False,6c793fa138c67945235d8d17af3fef6393081dcca9128daffe9fd871da447944
case_002,2,261945.0,124209,124209,124209,2.1089051518005943,2.1089051518005943,1.0,1121280,178176,463872,130560,0.22654462242562928,456192,1557504,24,0,greedy,False,39812125316561a0c947b96933d8ff9b5675ae65b61a5d700b278198add92f90
case_002,3,261945.0,83772,83772,83772,3.1268801031370863,3.1268801031370863,1.0,1003008,0,311808,102912,0.23547880690737832,460800,1496064,19,0,greedy,False,c014679dd9d816c5cfdf5478ee7ed50d590d84d4fe43e81b37ee56615b467f33
case_002,4,261945.0,65958,65958,65958,3.9713908851087054,3.9713908851087054,1.0,1274880,0,67584,24576,0.3077459874389393,677376,1523712,24,0,greedy,False,a97b33994b721af38858ec440382032f370a5f6ea81e3b0820eec6d9081278ca
case_002,5,261945.0,53071,53071,53071,4.93574645286503,4.93574645286503,1.0,1287168,0,53760,21504,0.3125,691200,1520640,24,0,greedy,False,e174059bd22065cfa5fbf65f1033ae208f6ec91231e41bd4b6fe6f5a662344a8
case_003,1,602212.0,560895,560895,560895,1.0736626284777009,1.0736626284777009,1.0,80932,80932,216576,129024,0.0,0,1324696,24,0,greedy,False,19ef62f7ea12f58045388dca04aade23e0338bd39051a69416c8f5dd934217fa
case_003,2,602212.0,313319,313319,313320,1.9220411146467338,1.9220411146467338,1.000003191635362,1059210,0,119424,57636,0.14431350760561323,284676,1687946,24,0,greedy,False,c9aba022acb3e0a08a287af17c9dd295ffbbeacc0323e21a8e18fbcf7a0fef6f
case_003,3,602212.0,217174,217174,217191,2.7729470378590437,2.7729470378590437,1.0000782782469357,2471182,0,118784,29058,0.39288095826541225,1179530,1822728,24,0,greedy,False,58c32865b5d7906b53934fbd070618cd96781abba3656019304b9150b10f58dd
case_003,4,602212.0,180034,180034,180280,3.344990390703978,3.344990390703978,1.0013664085672707,2854806,0,118272,21252,0.39155151940493926,1278736,1987082,24,0,greedy,False,ef6a11e0eaac8a132280c4baf3c3f3d85c1cdef15349a56b27778cfc128c0e38
case_003,5,602212.0,151659,151659,157729,3.9708292946676425,3.9708292946676425,1.0400240012132482,4863512,0,116736,19204,0.5487943414425035,2560400,2105100,26,0,greedy,False,56d403fcf969d53e1b96058db2c14aea7ea367ace0a7f0af7fb4cd585eafc96e
case_004,1,392357.0,386363,386363,386363,1.01551390790526,1.01551390790526,1.0,1118208,1118208,427008,129024,0.0,0,1010688,8,0,greedy,False,d863d8d1cbc88e3e2edbc99f7e4ca69dae3346323cc6028eacf24950b55e8a1a
case_004,2,392357.0,196032,196032,196032,2.0014946539340515,2.0014946539340515,1.0,983040,872448,258048,129024,0.036923076923076927,36864,961536,24,0,greedy,False,a161bba286460814cf1b77214501e0689a548d2cd3e1b1fba80c70d618879be9
case_004,3,392357.0,131412,131412,131412,2.985701458009923,2.985701458009923,1.0,847872,626688,199680,129024,0.0,0,986112,24,0,greedy,False,16010a3d4c6d80f753b5adb9ff58324be8d6bb0f32aee1b5d99c35f5e59e127d
case_004,4,392357.0,101428,101428,101428,3.8683302441140515,3.8683302441140515,1.0,712704,380928,172032,129024,0.0,0,973824,24,0,greedy,False,8e6d15e80359ec98bf052d55d67ba1242b22d6444afea37a6450f8cdc20021fe
case_004,5,392357.0,83941,83941,87522,4.674199735528526,4.674199735528526,1.0426609165961807,3170304,12288,285696,129024,0.28311057108140947,715776,1812480,24,0,greedy,False,f0131dd6b1ff51ccad0c78d96a0f1cb654058e992c0e63b45c88d0e2199a84bc
case_005,1,95618.0,84309,84309,84309,1.1341375179399589,1.1341375179399589,1.0,0,0,132224,113332,0.0,0,318822,24,0,greedy,False,17e84369db5b761f6f22ce773b2340974b84ad5d1f6708184d9d9728f25a34a3
case_005,2,95618.0,49399,49399,49399,1.9356262272515639,1.9356262272515639,1.0,324966,0,38400,55988,0.10863961776331817,55298,453706,24,0,greedy,False,dba7cd34dce1dec1853a5e9c02035723d511df7b595d869b6c89183f111386bb
case_005,3,95618.0,38266,38266,39698,2.4987717556054982,2.4987717556054982,1.037422254743114,995948,0,41856,21892,0.37085760002026474,351372,596086,25,0,greedy,False,4f030394fb58eb52a5cfbd50708b14ef14921ea8abbb8c25f190a4a82d22fe82
case_005,4,95618.0,32964,32964,34197,2.9006795291833516,2.9006795291833516,1.0374044412085912,1155566,0,61536,18388,0.3372090016952971,365196,717800,54,0,greedy,True,ad77e287ffbf4207855e4d715d1c1bac2c110930c5bd9c1d89dcc798b04744f1
case_005,5,95618.0,30287,30287,35237,3.157064086901971,3.157064086901971,1.1634364578862217,1696344,0,24768,15748,0.5508851295750303,799320,651654,58,0,greedy,True,21f099934189dca75894e222171ac0b3c7232bdc63b8107aa380ae644d56d288
case_006,1,82837.0,78005,78005,78067,1.0619447471315941,1.0619447471315941,1.0007948208448176,786502,786502,231168,130048,0.08481681816787492,82950,895040,22,0,greedy,False,820b1cead91e89e7b272e34b278c2feaa532b4ed7442ba173ee705a2c0ab4e6f
case_006,2,82837.0,38837,38837,39273,2.132940237402477,2.132940237402477,1.0112264078069881,895586,87080,145024,131072,0.18666405629617702,204038,889038,24,0,greedy,False,76689f72c635acf0ed75f22fd47d42f28817d86b37b3504e6065db8978d03e6e
case_006,3,82837.0,27650,27650,30947,2.995913200723327,2.995913200723327,1.119240506329114,1170608,0,84736,114690,0.28947184945147886,381972,937576,24,0,greedy,False,cb02159e091a906d8262914d730e9a87b722ac39d8ef8ff5f1cced6ce19c2980
case_006,4,82837.0,24163,24163,24586,3.428258080536357,3.428258080536357,1.0175061043744569,637248,0,100992,51200,0.15313239353312302,149124,824700,24,0,greedy,False,e486dbe32087b69c110e1c8bb823c2197507e0e19992aae4c3ea5d70260af96f
case_006,5,82837.0,21931,21931,21964,3.777164743969723,3.777164743969723,1.001504719347043,483832,0,80512,98304,0.2044790935391412,182918,711638,24,0,greedy,False,1e2ce93723a2806979f06a894d6409b1096a08d2c87879683d309aeb8b585475
case_007,1,1012562.0,1012562,1012562,1012562,1.0,1.0,1.0,0,0,35328,6144,0.0,0,880128,6,0,greedy,False,2f9f56272856e422f5cfd8c39b111f190a2382aa245cfc036013f67978bbb724
case_007,2,1012562.0,490814,490814,490814,2.063025912056298,2.063025912056298,1.0,2933760,2906112,451584,129024,0.003903708523096942,9216,2351616,24,0,greedy,False,d139078d17d978e491657f2004f2343f056409c4632ad31ce835d08389b043a7
case_007,3,1012562.0,326994,326994,326994,3.096576695596861,3.096576695596861,1.0,2709504,2654208,308736,129024,0.0,0,2262528,24,0,greedy,False,26d350371a84d96022a7a9a131ec8cef0c6f87d8c10a4da76474cb5c08f8d01b
case_007,4,1012562.0,246058,246058,246058,4.115135455868129,4.115135455868129,1.0,2485248,2402304,238080,129024,0.0127750177430802,27648,2136576,24,0,greedy,False,6817a443f11fe05c09cf53f57f2ac3a7b0a99773f4df08fecf9a6e1b04e11b9d
case_007,5,1012562.0,197052,197052,197052,5.1385522603170735,5.1385522603170735,1.0,2260992,2150400,195072,129024,0.0,0,2065920,24,0,greedy,False,053200d784a79c692133d65c7df232e2ba2d387b7bec5f4035d8cb32bfea885c
case_008,1,487605.0,269325,269325,269325,1.8104706209969368,1.8104706209969368,1.0,3760128,3760128,30720,129216,0.0,0,3870936,8,0,greedy,False,6bd0070a2eb79cd8696141029e835bc93f718bcb6c83681e2e222d8d89f2aab5
case_008,2,487605.0,136244,136244,136244,3.5789098969495905,3.5789098969495905,1.0,3538944,3538944,30720,129216,0.0,0,3760344,22,0,greedy,False,de243dc1bc43c27538a1db0164a7404f975969dc7dfe2fda8a3710dfd61bf238
case_008,3,487605.0,110229,110229,110229,4.4235636719919444,4.4235636719919444,1.0,3317760,3317760,30720,129216,0.0,0,3649752,24,0,greedy,False,5583febebe8c0ef9d516499fc30da1fbf654e6184acbf54a7869ee3545305bb2
case_008,4,487605.0,104264,104264,104264,4.676638149313281,4.676638149313281,1.0,3096576,3096576,30720,129216,0.0,0,3539160,24,0,greedy,False,4d0c7b0bb4ecfa0502c7135b86bf7c7e3e3190c6494d6a3482eab67a74c6f43f
case_008,5,487605.0,97488,97488,97488,5.001692516001969,5.001692516001969,1.0,2875392,2875392,30720,129216,0.0,0,3428568,24,0,greedy,False,24eaae7a509a599240d5820eec96ae521381a7194af0b170caebc13d3a9b3bbd
case_009,1,153261.0,139480,139480,139486,1.0988026957269859,1.0988026957269859,1.0000430169199885,427016,427016,179200,130782,0.16929634221946682,131076,643164,9,0,greedy,False,eea2eda82b30efd6eced2d376d298288704b1953f94ae331afa2adc76c2caf51
case_009,2,153261.0,88229,88229,88429,1.7370819118430447,1.7370819118430447,1.0022668283670901,740494,7616,36992,127052,0.20426350396617082,196890,767012,24,0,greedy,False,85881590650c3b2f3186227704710e543725e25e0bcc6c308e0628779173ce6e
case_009,3,153261.0,70895,70895,70920,2.1618026659143803,2.1618026659143803,1.0003526341773044,618700,0,39712,78222,0.15021510653937706,130378,737564,54,0,greedy,True,905417c5e89b60dfb9f286f7e01f959aa50757b7ffc3c40e212f1e7b46d22c27
case_009,4,153261.0,64120,64120,64259,2.3902214597629445,2.3902214597629445,1.0021678103555833,747262,0,36992,72776,0.1813215940258603,173074,781440,54,0,greedy,True,dd07b5ffd920789aa89506c0eaa60db0db6d154ee058fa16de5f0eaf0c0e1829
case_009,5,153261.0,52461,52461,53909,2.9214273460284783,2.9214273460284783,1.027601456319933,861326,0,32800,47114,0.17412034867003573,176822,838694,55,0,greedy,True,34d5b9aba01fd670713b9a24a10eae73c1dbf9b1f2be6f92f4f4edbc7070e82d
case_010,1,86969.0,75821,75821,75821,1.1470305060603263,1.1470305060603263,1.0,299528,299528,299008,130778,0.007643359644703204,4096,531794,24,0,greedy,False,77bd5678e0c34346bb9659d66c8e2d183dbe33e102cc2d9e98cb971f4d3573f8
case_010,2,86969.0,43852,43852,44499,1.9832390768950106,1.9832390768950106,1.0147541731277936,965316,36864,177984,116674,0.10607464382484048,97088,818192,24,0,greedy,False,085a54a1165f3c12edf9b7858187878ec2d5427ec08bc1278541ad724ec57c81
case_010,3,86969.0,30457,30457,30457,2.8554683652362347,2.8554683652362347,1.0,55680,0,229376,32776,0.11343619900798285,49536,387150,24,0,greedy,False,1e1e5d32be556e2635268a94aad8173f2d90e8a81d0308d46a4f7b2efc537e5c
case_010,4,86969.0,25000,25000,25156,3.47876,3.47876,1.00624,395096,0,115072,55042,0.23035049697332038,154116,514934,24,0,greedy,False,c4065d7c686b637ef7d44bc62bafec5cbffa92e4691dd1f1517bf000560b9c4f
case_010,5,86969.0,21246,21246,22139,4.093429351407324,4.093429351407324,1.0420314412124636,411780,0,115072,41634,0.2405697445972495,166532,525708,24,0,greedy,False,a65bf0555823ea5976214832d800a0b6a1d1cada13777c0eaddae9f7f158db5f
case_011,1,184697.0,184697,184697,184697,1.0,1.0,1.0,0,0,421888,0,0.0,0,540672,11,0,greedy,False,dd532f33d8dba0014f7021fab8cde4ed9ea0c35357558500c69bfc1e1ceca465
case_011,2,184697.0,92646,92646,92646,1.9935777043801135,1.9935777043801135,1.0,180224,0,241664,0,0.0,0,720896,24,0,greedy,False,d6bbfafe92ef2f32c3876ef7991ccca8030e32d9dbe9809cd73771841c6c9cca
case_011,3,184697.0,63552,63552,63552,2.906234264853978,2.906234264853978,1.0,1392640,0,202752,0,0.457002457002457,761856,905216,24,0,greedy,False,bb2f706db3d2cf60d6e26283f641ef2af77fb28e3fa47caad2a3cf237c1cd1a6
case_011,4,184697.0,46880,46880,46880,3.9397824232081913,3.9397824232081913,1.0,540672,0,110592,0,0.0,0,1081344,24,0,greedy,False,4b44b69c0f02d4aac53aa4bfc86e317c46a7664b2899b7e554ba3dd492a6ea96
case_011,5,184697.0,40639,40639,44348,4.54482147690642,4.54482147690642,1.091267009522872,2007040,0,69632,0,0.503683241252302,1120256,1103872,24,0,greedy,False,3213d84149591e691cbca8c147d70d60995d5a430b272e5a14b85369b4450ec6
case_012,1,59088.0,55507,55507,55829,1.0645143855729908,1.0645143855729908,1.0058010701352982,81940,81940,236160,129664,0.11054614545886367,61440,494346,12,0,greedy,False,afec11abb119cc7a886c996859901226843e8f7acd60ffbd395fe5bc2aba30c2
case_012,2,59088.0,28446,28446,28469,2.077198903184982,2.077198903184982,1.0008085495324475,239954,0,30720,65274,0.19088892343753738,127694,541250,24,0,greedy,False,7e47b01849e57f19e13a94f475713ff000e42144543b83bed286e3f90a9c7383
case_012,3,59088.0,20613,20613,21280,2.8665405326735556,2.8665405326735556,1.0323582205404356,323204,0,36416,72292,0.23864374886131573,175522,559976,24,0,greedy,False,f8a7d0fc0f31ac9af4ae76a69c020e396face5d0c2f75da1e8092892f7712c16
case_012,4,59088.0,17109,17109,17109,3.453620901280028,3.453620901280028,1.0,39168,0,28224,47110,0.074853228962818,39168,484096,24,0,greedy,False,bbb0dd9575d3f96fab78f122646988068949a266330258fd4ab36a9581fa6e88
case_012,5,59088.0,14022,14022,14022,4.213949507916132,4.213949507916132,1.0,49552,0,28224,30728,0.07483696874297278,39936,493704,24,0,greedy,False,b052d6ad867960a6d44e7e9640c2b3efd31a969ec6e01d70ec3205f742671c2b
case_013,1,263949.0,263949,263949,263949,1.0,1.0,1.0,0,0,20480,0,0.0,0,2023424,2,0,greedy,False,b43a2d879758c1855d0c5d1f91e4d37cbfb200f27ed7c8d01111594cf43b0ffe
case_013,2,263949.0,132198,132198,132198,1.9966187083011846,1.9966187083011846,1.0,8192,0,20480,0,0.0,0,2031616,14,0,greedy,False,de16cbf26002ef32c4b79dff55cc247f253cc5d0400d9631b283be2bdac0258e
case_013,3,263949.0,88351,88351,88351,2.98750438591527,2.98750438591527,1.0,16384,0,20480,0,0.0,0,2039808,24,0,greedy,False,8ecaf3cd433a36e7089f934de3d1a88bc54a3597d2732a9db6e29ee9b24e9ff8
case_013,4,263949.0,66982,66982,66982,3.9405959810098237,3.9405959810098237,1.0,24576,0,20480,0,0.0,0,2048000,24,0,greedy,False,e898621a62e15ac5efc688737808bc9d99acd1fc2b8d9f4765cc72645f7fd207
case_013,5,263949.0,54363,54363,54363,4.855305998565201,4.855305998565201,1.0,32768,0,20480,0,0.0,0,2056192,24,0,greedy,False,95cba29670919951d8751c3c4460a7c16f4c6021c845ff2bbc0736d395dc5266
case_014,1,17698626.0,17688336,17688336,17697360,1.0005817392885346,1.0005817392885346,1.0005101666996827,71047896,71047896,524040,132,0.12290744743144864,9944064,70962864,5,0,greedy,False,42e6201246ec1d1726118d5fe43641f11753763302d5544b04ac19aee3bb71e8
case_014,2,17698626.0,8866290,8866290,8869538,1.9961704388193935,1.9961704388193935,1.0003663313516702,75642024,65748816,523800,132,0.23676759829719973,20246880,65266848,5,0,greedy,False,4662b84da2105ea7988a5fdb31343ae558db1ba0e0d647b4090a056a16a297a4
case_014,3,17698626.0,5911200,5911200,5948074,2.9940834348355665,2.9940834348355665,1.0062379889024224,80069256,60221400,523800,132,0.3183162392158663,28623312,61297680,7,0,greedy,False,17a17f64c22c8a07f75f557b5fdc46dfa226d0210bfae523770c0720d39b22fe
case_014,4,17698626.0,4426975,4426975,4511385,3.9979051157957746,3.9979051157957746,1.0190671959972668,85928304,56552520,523800,132,0.3983650647160839,38154504,57623232,8,0,greedy,False,e5726fde20475fc29c9a41e3dd0ce808a3205b5a5fe5d0b9f7ae8a2f8c4b3a69
case_014,5,17698626.0,3602243,3602243,3635836,4.913223788622811,4.913223788622811,1.0093255785353736,90451344,51367680,523776,132,0.3797996475347171,38093616,62205624,9,0,greedy,False,04e01011bb311711f4c9df997a32b0f59782512c38fe382c61dfb5111eb9eac4
case_015,1,177362.0,174218,174218,176434,1.0180463557152533,1.0180463557152533,1.0127196960130411,1177072,1177072,411648,127924,0.19567334369614187,319488,1313274,20,0,greedy,False,aee39bbdefae99e253d6c6e14cc64463915d2d8aec671c401ffb7f9e97ac6ce5
case_015,2,177362.0,85502,85502,85517,2.0743608336647097,2.0743608336647097,1.0001754344927605,658728,548900,397824,131072,0.19714506803150494,265472,1081110,24,0,greedy,False,6fb89f9f25098e371f9ef06f909733539194e65a566f89a58622e5ae2e3180af
case_015,3,177362.0,60807,60807,60807,2.916802341835644,2.916802341835644,1.0,306448,98320,196608,122898,0.25730652385294756,306432,884490,24,0,greedy,False,43b02d6b1f545a73c70c1eb9bd25113e9e2c33735fd5d47a6df912771e051c85
case_015,4,177362.0,47474,47474,52575,3.7359818005645193,3.7359818005645193,1.1074482874836753,979128,0,180224,119950,0.36797271187112934,649424,1115446,24,0,greedy,False,449755f754346ddc483ed6f4edb700f4a39249916e17041bdb444f90571675b7
case_015,5,177362.0,39523,39523,39523,4.487564203122233,4.487564203122233,1.0,427784,0,228352,106508,0.320716442295822,420864,891398,24,0,greedy,False,0bb73b31c674e54f3927ace8a24b7d4db484599e150b388a30c8fc48342ac86a
case_016,1,7715523.0,7715523,7715523,7715523,1.0,1.0,1.0,0,0,393216,65544,0.0,0,393216,12,0,greedy,False,ceb691fa3f6538b83035d95def0b97b3c816ea719b0a9eb61639b5899d297c41
case_016,2,7715523.0,4033396,4033396,4033396,1.9129098655326677,1.9129098655326677,1.0,8536,0,196608,65546,0.0,0,397484,12,0,greedy,False,8509dee6589a7cf3e78bbff279a2f5ec8f6a9b4f6a12372d3b51a83959dae511
case_016,3,7715523.0,2876681,2876681,2876681,2.682091966401558,2.682091966401558,1.0,12192,0,131072,65542,0.001522618904515767,608,398704,14,0,greedy,False,64074d719d783b97edbdd81ebff8f2893dd7571bc3a5f0f791d1dd56d4b77be2
case_016,4,7715523.0,2241799,2241799,2241799,3.441665822850309,3.441665822850309,1.0,14628,0,98304,65540,0.0030359773300377,1216,399314,15,0,greedy,False,13685074b08efe631bc9e0f3490d51c2468897079456b4cd242ebf9bba8c82c0
case_016,5,7715523.0,2241799,2241799,2241799,3.441665822850309,3.441665822850309,1.0,14628,0,98304,65540,0.0030359773300377,1216,399314,51,0,greedy,True,49935b174f06fffc6fd35615bbe5f1b4546c3b2a7b5a651cb540f43858545634
case_017,1,162810.0,150093,150093,150444,1.084727468969239,1.084727468969239,1.0023385500989386,448656,448656,163840,131072,0.1991145510982744,167936,675478,18,0,greedy,False,9705b61d6b6df04f799164fd4411124268245ebad9c3d87c6e83480589e21e77
case_017,2,162810.0,82890,82890,85836,1.9641693811074918,1.9641693811074918,1.0355410785378212,1109388,59412,162560,130596,0.29423878930603703,376332,902670,24,0,greedy,False,25e1fb745eead1a49f4f95779c5fbeedaf1692545a8d9972a6530c66b4ec1906
case_017,3,162810.0,55437,55437,56302,2.9368472319930734,2.9368472319930734,1.01560329743673,482760,0,101376,81428,0.3388198002977765,331792,647466,24,0,greedy,False,ffff152ad3a6bf63dd23b05c82d084d590ae8252793a2c87396a56f32374c289
case_017,4,162810.0,42233,42233,43848,3.8550422655269574,3.8550422655269574,1.0382402386759169,867412,0,73728,72716,0.345022983810839,425728,808184,24,0,greedy,False,72ccfe5d2f47ffed7603ca76065bce98b90c38ff53fef7da0cd652c2dc237079
case_017,5,162810.0,35268,35268,35268,4.616366110922082,4.616366110922082,1.0,341016,0,123520,77864,0.3050534058042145,267264,608858,24,0,greedy,False,d2feae5566c8e0179686e650ace5666a2fa3e76814958451768afe35605a2423
case_018,1,1004367.0,1003110,1003110,1004367,1.0012531028501361,1.0012531028501361,1.0012531028501361,1970176,1970176,524288,65536,0.34375031576536474,1224704,2338068,12,0,greedy,False,e12c9c1403811614a67afee8d8c39c2e23f96eb99aa1f87302f2ece2d60f77af
case_018,2,1004367.0,500561,500561,500869,2.0064827263810003,2.0064827263810003,1.0006153096226034,3249156,1949696,524288,65536,0.5230241131822172,2532352,2309398,24,0,greedy,False,02034abd370cbc4b45a5a000bb3b2b83e9da5da08304cc99c40e2be256398ef7
case_018,3,1004367.0,337768,337768,338638,2.9735410103976694,2.9735410103976694,1.0025757324554132,4088196,1359872,524288,81920,0.6251998573884636,3510656,2104598,24,0,greedy,False,458445568b1eb46a55dd83ae7c31e430eaa96f6715016bb5996c2e6c78d23512
case_018,4,1004367.0,255589,255589,256278,3.9296174718004298,3.9296174718004298,1.0026957341669633,4976448,991232,524288,106502,0.6034448147600189,3931904,2583860,24,0,greedy,False,8e7950e0179122731d0283fd5c1bf1492511af61fed2f285d4a19017d45f245b
case_018,5,1004367.0,201201,201201,201688,4.991858887381276,4.991858887381276,1.0024204651070323,5316704,651264,524288,98304,0.6427086113498183,4382720,2436420,24,0,greedy,False,2e49084d8ed303aeaa4202d6f87d0e1636f931a8196e48459fd7b8ec4ef72777
case_019,1,81144.0,62370,62370,62396,1.301010101010101,1.301010101010101,1.0004168670835338,253952,253952,137760,131072,0.10157092730586587,32768,289844,15,0,greedy,False,659ec955e588f5501a9838878756074c2a50b92d01cddc2b8ffd38d02fbe7035
case_019,2,81144.0,37105,37105,37659,2.1868750842204556,2.1868750842204556,1.0149306023446976,712280,0,102944,97408,0.1413614019496209,81440,494672,24,0,greedy,False,59bc724be6efb90446e2f05001b749693e461be94161abef350ced25a7d6db83
case_019,3,81144.0,29109,29109,29109,2.787591466556735,2.787591466556735,1.0,24576,0,36864,55426,0.12057224718880624,24576,179252,24,0,greedy,False,779ada858356a49aed78ede6ae00b5f031e5d983569330ca488c2d860875334d
case_019,4,81144.0,22371,22371,22371,3.6271959232935496,3.6271959232935496,1.0,62500,0,36864,18432,0.03016616529382683,7200,231478,24,0,greedy,False,6839f7ad4e6bdc35a3560b40175a58def942ea7382aa1b591eb3014c7624a887
case_019,5,81144.0,17830,17830,17830,4.550981491867639,4.550981491867639,1.0,60004,0,36864,19968,0.13609402737697607,32352,205366,24,0,greedy,False,1534c959f92a01dd95512819e6f4bed7076c4ce6e9c6d07656aa357319f63285
case_020,1,532746.0,532746,532746,532746,1.0,1.0,1.0,0,0,0,32768,0.0,0,1179648,6,0,greedy,False,7ddee8492be9d4e50fbf482badb38b6b5fc65bf73aa53b9d8c47733aca95ef7d
case_020,2,532746.0,266580,266580,266580,1.9984469952734638,1.9984469952734638,1.0,0,0,0,32768,0.0,0,1179648,7,0,greedy,False,b5aa4bc571e7d6b6cb2edd77dc638955745ac3971fed1947f40d1b1cad2dbc7c
case_020,3,532746.0,177950,177950,177950,2.993796010115201,2.993796010115201,1.0,0,0,0,32768,0.0,0,1179648,15,0,greedy,False,c796469805e5d0eddd0592222b7bc532b69c597b57d6ae81be785628712e6671
case_020,4,532746.0,133704,133704,133704,3.984518039849219,3.984518039849219,1.0,0,0,0,32768,0.0,0,1179648,15,0,greedy,False,258dbb524a7c13e9b8ce597d8b1a8b39b96cd29b8e44f5d56333128394d1a295
case_020,5,532746.0,107650,107650,107650,4.948871342313051,4.948871342313051,1.0,0,0,0,32768,0.0,0,1179648,24,0,greedy,False,21b4f2bcfcd10672e44244329af010bcb18fe257d247e9057058fe7fdd09aa12
case_021,1,6567937.0,6558837,6558837,6567937,1.0013874410966457,1.0013874410966457,1.0013874410966457,4501504,4501504,524288,0,0.5005973715651135,3432448,3424256,7,0,greedy,False,75c76d7ca84bf5240860631260ea9acadc6a6a12f28c2b338762b8ba1f477e40
case_021,2,6567937.0,3193634,3193634,3194570,2.0565716046359728,2.0565716046359728,1.0002930830520969,3174400,1638400,524288,0,0.21777777777777776,1204224,4325376,23,0,greedy,False,70bd2b78c6d49d79ea068856701774a7f1d352836d0dfac2f8aa3c8156f3209a
case_021,3,6567937.0,2141468,2141468,2145064,3.0670255170752028,3.0670255170752028,1.001679221916928,11927552,7118848,524288,0,0.4712624584717608,5810176,6518784,24,0,greedy,False,c393e139ab3601d302b69555f9a4d3db257d4e138878d2ab718f71aed8d647e7
case_021,4,6567937.0,1550324,1550324,1550324,4.236493145948847,4.236493145948847,1.0,4608000,0,425984,0,0.0,0,6963200,24,0,greedy,False,aa5e3ecbb88cf3dc5293373b4001222a2303b9cea0c565b3c82d7bf86d08161f
case_021,5,6567937.0,1247669,1247669,1248538,5.264166217161764,5.264166217161764,1.00069649883102,12322816,2754560,524288,0,0.5804235030150049,8476672,6127616,24,0,greedy,False,b0193aa4c83a87bd2d8742b204c7434f12422d001c2db690b0e31a6c611db979
case_022,1,56780.0,56780,56780,56780,1.0,1.0,1.0,0,0,22528,94236,0.0,0,213540,8,0,greedy,False,eaf1cfb44676adb9e2de432e7d8b63d9a13928fb5cad53d4fd5288cfe6c4dcaf
case_022,2,56780.0,28228,28228,28228,2.011477965140995,2.011477965140995,1.0,90956,0,33536,82972,0.2269363726597529,66304,225866,24,0,greedy,False,b4c6bd4701b4e2910e61e7ba315a69eb30ee8669676932da7ed3e20d0bc85dc4
case_022,3,56780.0,18907,18907,18907,3.0031205373671126,3.0031205373671126,1.0,32288,0,22528,62472,0.05842871392584828,13824,222772,24,0,greedy,False,3c5eea1198531c922a9350d56abca6bedbc36e20e77ec81e40b8e446a90440c3
case_022,4,56780.0,14654,14654,14654,3.874709976798144,3.874709976798144,1.0,13824,0,22528,60424,0.060801182245210326,13824,213540,22,0,greedy,False,3c51cbe8a647f6aa6ac4271748c7898e3cc132c6bad3a042aa891ef32d747acc
case_022,5,56780.0,11685,11685,11685,4.859221223791185,4.859221223791185,1.0,20748,0,22528,62472,0.08850872026019925,20736,213546,24,0,greedy,False,1ee9d072603f539c780d131a04b5c21b9ac472d8354e392e98ba64f83e852301
case_023,1,122614.0,106169,106169,106303,1.1548945549077414,1.1548945549077414,1.0012621386657121,1033228,1033228,275968,130872,0.10220213666341962,102400,899536,21,0,greedy,False,586914fe96dc7e7368216e4694809a48001c9d5c3e8492899ec490c3dd272342
case_023,2,122614.0,52696,52696,53274,2.3268179747988462,2.3268179747988462,1.010968574464855,1087458,215040,90112,130570,0.2107015703766073,232226,869930,24,0,greedy,False,e7dbb1963d5dfa2c731418dc0716c1f4ccc73926e16ee859a9ac0ee92fe18dc5
case_023,3,122614.0,36179,36179,37258,3.389093120318417,3.389093120318417,1.0298239310097017,1184368,43008,62976,129934,0.21232663490113957,249632,926066,24,0,greedy,False,276eb549bb5b4464a79fc517de68ce91abcf8fe5605db2a80d98c0450e5a93ea
case_023,4,122614.0,30309,30309,30309,4.045465043386453,4.045465043386453,1.0,424384,0,90112,75904,0.20562382583430733,162208,626650,24,0,greedy,False,91e8153e973aa960e7173ec8dced05d7fe474841d05956b15427b5e74b14b49f
case_023,5,122614.0,25191,25191,25191,4.867373268230717,4.867373268230717,1.0,280992,0,90112,28806,0.32420005761319176,231840,483274,24,0,greedy,False,35d66ec23293dd66af34c58bea3c5f9f8a4c935e0383ef2454e9d6c818eba01e
case_024,1,2555343.0,2555343,2555343,2555343,1.0,1.0,1.0,0,0,393216,65544,0.0,0,393216,12,0,greedy,False,60bdfaac27bdd7cbde4e5b65714b5f6b492e1f8b829661c21657b3a1a8c4b1a9
case_024,2,2555343.0,1336312,1336312,1336312,1.9122353163033783,1.9122353163033783,1.0,2824,0,196608,65546,0.0,0,394628,20,0,greedy,False,a9eb3bae023d6477b952c2d1dc57ebcabc6e04e6baa5de0f6c83c033376d8970
case_024,3,2555343.0,953369,953369,953369,2.680329442220169,2.680329442220169,1.0,4032,0,131072,65542,0.0005060319002509918,200,395032,24,0,greedy,False,3f07ea183c570f714075899344794947fe46f9d386bcba3cac1e693aebd0ca72
case_024,4,2555343.0,743623,743623,743623,3.43634207118392,3.43634207118392,1.0,4836,0,98304,65540,0.0010110354519581228,400,395234,24,0,greedy,False,4372d0b83fabad15a502554ae4b5fa8fd245fc72d983a95a606bc629cf49a8ea
case_024,5,2555343.0,743623,743623,743623,3.43634207118392,3.43634207118392,1.0,4836,0,98304,65540,0.0010110354519581228,400,395234,54,0,greedy,True,423c836a9d14333df987a3689ea65280983e405fdebef026a0883619230aed72
case_025,1,4863026.0,4863026,4863026,4863026,1.0,1.0,1.0,0,0,35328,6144,0.0,0,4122624,6,0,greedy,False,3dfdd9e81db84bf4367303e264285f4d7d544e5e7ffae66758d305d0c9896c10
case_025,2,4863026.0,2431840,2431840,2431840,1.9997310678334101,1.9997310678334101,1.0,27648,0,35328,6144,0.0,0,4150272,9,0,greedy,False,5973df0615e7fd1734e467cbc885a5733dbe6fe9d3d8c409fb46f52e96c8f1c6
case_025,3,4863026.0,1622164,1622164,1622164,2.9978633479722148,2.9978633479722148,1.0,55296,0,35328,6144,0.0,0,4177920,10,0,greedy,False,4012a012fd46d09c70027c3ddd7b6147c85c9c5d51c4945e8fb967fd5f2592c4
case_025,4,4863026.0,1217444,1217444,1217444,3.9944555971362954,3.9944555971362954,1.0,82944,0,35328,6144,0.0,0,4205568,11,0,greedy,False,54ba65f9f14e2019661f081a1a6ccef1d988b74ec3e84543c688c08ed2144753
case_025,5,4863026.0,975282,975282,975282,4.986276789687495,4.986276789687495,1.0,110592,0,35328,6144,0.0,0,4233216,21,0,greedy,False,57a2d9942fef78d0c789c0d599cc957d80fff7da665dead938bedcb509739975
case_026,1,99203.0,95268,95268,95476,1.0413045303774615,1.0413045303774615,1.002183314439266,720140,720140,291328,130948,0.11803982247917323,106496,795708,24,0,greedy,False,d5163fd1144d6f8886f34531bbad94029610f8036da61ba6324ddd6e71f6757a
case_026,2,99203.0,54379,54379,55336,1.8242887879512313,1.8242887879512313,1.0175987053825926,845652,139264,143104,126982,0.14955956971788106,147376,838024,24,0,greedy,False,be3576b5ecc3c6d8a994bfb383f35118a3655437d7ce2f5b44c1ce600c709248
case_026,3,99203.0,39633,39633,40756,2.5030403956299043,2.5030403956299043,1.0283349733807685,914864,0,163840,57344,0.24115903240495506,259504,816566,24,0,greedy,False,10cc1ca587b89a79d9d0a113d9ef484c7322855534c3d1da85af1255b5dd6da1
case_026,4,99203.0,39669,39669,44507,2.500768862335829,2.500768862335829,1.1219592124832993,1443488,0,66688,81922,0.28586898890215584,406528,1015550,54,0,greedy,True,f1a99465b7c00a188ba373dd3d6bb3ed2995b6a00e74ec3aa35ba7427afba3ca
case_026,5,99203.0,34829,34829,40041,2.8482873467512704,2.8482873467512704,1.1496454104338338,1408692,0,73728,90112,0.27795889202737556,398344,1034760,54,0,greedy,True,ae221a32355d53b7e99b45675b92d845a11a0690241eebca7757245fee156449
case_027,1,2363952.0,2359515,2359515,2363952,1.0018804711985303,1.0018804711985303,1.0018804711985303,1400832,1400832,524288,0,0.2689393939393939,872448,2371584,13,0,greedy,False,fc190b9e4e6e8f7041e044c2e0bfd673942a4b17c3605109af3b083514832ee1
case_027,2,2363952.0,1120962,1120962,1120962,2.10886006840553,2.10886006840553,1.0,1744896,638976,524288,0,0.08904109589041095,319488,3268608,24,0,greedy,False,3ff854282991133e062f46814a1c900edaa6542147f39f7fba50191f47108e9a
case_027,3,2363952.0,778952,778952,778908,3.034785198574495,3.034785198574495,0.9999435138493771,7751680,884736,524288,0,0.3874488403819918,2908160,4597760,24,0,greedy,False,c5f7515c510523d4e4f673a95b00a021f48451c83c8a52548d36d51c30e3cf6c
case_027,4,2363952.0,559196,559196,559196,4.227412213249022,4.227412213249022,1.0,3317760,0,245760,0,0.0,0,5160960,24,0,greedy,False,2a51555cd1f20a82fb7b0b41b611271fb3d19c0b4a9c8945bfa2d0885ca2c651
case_027,5,2363952.0,474308,474308,474308,4.984001956534573,4.984001956534573,1.0,9207808,0,249856,0,0.35209662716499546,3164160,5822464,24,0,greedy,False,6f906653a7e03577e8df9c88ecdba54c85bf0c97189460f7b64cb0f0a81dcdc9
case_028,1,43836040.0,41093839,41093839,41093839,1.0667302220169792,1.0667302220169792,1.0,55721472,55721472,524184,0,0.01424958141854583,460800,31876992,7,0,greedy,False,2fbe03d67e692181fadd9e07ce917907ce3b26f78c37842ae38fb184f407ac2f
case_028,2,43836040.0,20446265,20446265,20617839,2.143963212841074,2.143963212841074,1.0083914592714123,58372224,56150016,524256,0,0.6543362620054971,32544864,17192352,8,0,greedy,False,fa35c69acf3062fde72dc0c0ad1c2df70b81d54740bc6692c7cd5084422656a1
case_028,3,43836040.0,13548624,13548624,13535588,3.235460663754489,3.235460663754489,0.9990378358717461,36681984,32360448,523776,0,0.10661050406453518,2633856,22071552,11,0,greedy,False,01357a41fe4ddcbd2a126e2e3d2a9ff37bdf096c0e59743cdfab129b6395af61
case_028,4,43836040.0,10143313,10143313,10162894,4.321668866966838,4.321668866966838,1.001930434365971,35747712,18726912,523776,0,0.2280089408528198,5728752,19396368,10,0,greedy,False,f912ba3796e03009d0aa131d568f331841e7910ad6b6ea7ecc338e46468928f2
case_028,5,43836040.0,8070683,8070683,8134463,5.43151552353128,5.43151552353128,1.0079026768862065,33177600,14008320,523776,0,0.344419013270449,8580960,16333344,13,0,greedy,False,3f9967df1044d9ccf966ec2552ad4e843797929173718b8493124449e01e9615
case_029,1,37555.0,37555,37555,37555,1.0,1.0,1.0,0,0,0,14340,0.0,0,258132,9,0,greedy,False,8c0602d829297e24f835c5e6089f7b199c7661b1d5530315bb9a8df1a8869091
case_029,2,37555.0,19009,19009,19009,1.9756431164185386,1.9756431164185386,1.0,114800,0,0,96278,0.23854371193716928,86016,274572,24,0,greedy,False,a22a550d53e56cb9da077ca719f9692e0fc30a2491aca08aa17b3ea85f220ddd
case_029,3,37555.0,12743,12743,12743,2.9471082162756024,2.9471082162756024,1.0,0,0,0,14340,0.0,0,258132,12,0,greedy,False,7d66f428209a8cb076881a3394ece74fab1eb18fa88e84d6e6ec9cffea673a22
case_029,4,37555.0,11028,11028,11028,3.405422560754443,3.405422560754443,1.0,0,0,0,14340,0.0,0,258132,24,0,greedy,False,836d5d075ab0a4b2380c66ee2e325fbc77d3bc320e1cf504f32421e411fb934d
case_029,5,37555.0,9383,9383,9383,4.002451241607162,4.002451241607162,1.0,0,0,0,14340,0.0,0,258132,24,0,greedy,False,712451fa176d4437358c9ab9656c0adb42913a8a78979a0b634803dce20106d9
case_030,1,2808034.0,2807891,2807891,2808034,1.0000509279028282,1.0000509279028282,1.0000509279028282,5519360,5519360,524288,132,0.259867995341012,2056192,5856256,7,0,greedy,False,d6b29aaaa3d69c5f8afc7287bcecbff433206abf031953532a4b863effec05c8
case_030,2,2808034.0,1396787,1396787,1397341,2.010352330025981,2.010352330025981,1.0003966245390314,7035912,5085184,524288,132,0.3982404913524197,3755008,5673988,24,0,greedy,False,9c68ba0caa305bdbfcf821121a3a4cb2accd5b1c16e87a77935bc42cb0a3f994
case_030,3,2808034.0,933208,933208,933846,3.0090119244584272,3.0090119244584272,1.0006836632347773,9072648,5171200,524288,132,0.4820039400886049,5526528,5939204,24,0,greedy,False,084c2c499143e83c6c5e0ac05b56b8a9f97ddb0b89a095ab26e3d397bb95a858
case_030,4,2808034.0,697872,697872,698151,4.023709218882546,4.023709218882546,1.0003997867803838,8629260,3374080,524288,132,0.5003713366905146,5515264,5507078,24,0,greedy,False,19069d9f5454ca4ba5668fca0760989d87f41ef10f019c4321e9c789180c9db8
case_030,5,2808034.0,560134,560134,560613,5.0131468541456154,5.0131468541456154,1.0008551525170764,7725760,1519616,524288,238,0.6265342201054386,6339584,3778912,24,0,greedy,False,25c590201b913b10dab1e667cc1380378a969248f9bece5e3af3170c35eb0628
case_031,1,1414369.0,1405969,1405969,1406179,1.0059745271766305,1.0059745271766305,1.0001493631794158,3761668,3761668,524288,131020,0.2539619694882336,1479170,4345206,24,0,greedy,False,1d18dc52ed07cfb0db299d2d363258fd056feec4b906068392d1a7de23887d6a
case_031,2,1414369.0,710197,710197,710900,1.9915164383966701,1.9915164383966701,1.0009898661920567,5801310,3547680,524288,117026,0.3977272931908578,3092068,4682274,24,0,greedy,False,f29a8103ae1fea548e5560acc7fa7bafb7fd646690e8037a55b04f3eaea4ff3c
case_031,3,1414369.0,483293,483293,484721,2.9265249031126044,2.9265249031126044,1.0029547293256886,6891796,2948832,524288,113734,0.53975922556476,4792710,4086638,24,0,greedy,False,a1a0e04368dfcda8f8ba254d632cc9c4055daff718b3bd92b6754ffe365420e4
case_031,4,1414369.0,364695,364695,365389,3.878224269595141,3.878224269595141,1.0019029600076776,8587392,2817216,524288,117732,0.5073438462490805,5360106,5204930,24,0,greedy,False,3ed3e1afaf183eb34748a0df678b39c622b22d59e2082b420395df2c161b9a78
case_031,5,1414369.0,292413,292413,294749,4.836888236843095,4.836888236843095,1.0079887009127502,8714228,1413600,524288,60612,0.5409502657158775,5773388,4899290,25,0,greedy,False,5e60de3f783f7369df6da3242ab0e6d8ceccb4c5cf7b7c8bc08ecb2c0d59d891
case_032,1,41443.0,37094,37094,37094,1.1172426807569957,1.1172426807569957,1.0,0,0,53248,94982,0.0,0,279156,17,0,greedy,False,d44a6ef4bc795a12c33090bb0bd0b122eefd8fbe126234f0614d572195471ea8
case_032,2,41443.0,19129,19129,19129,2.1665011239479326,2.1665011239479326,1.0,171912,0,53248,60636,0.22870366327555341,94284,317970,24,0,greedy,False,88f6db7626b364338b0f626e908d2a1b092f2498ef05a8e7177b02a1b2e0f7c1
case_032,3,41443.0,13399,13399,13399,3.0929920143294276,3.0929920143294276,1.0,12360,0,92744,81962,0.04239904499238464,12360,279156,24,0,greedy,False,64397e0da74d895f72015e91b1a52a0e47df2d32a7dcb398feb2159e7394147c
case_032,4,41443.0,12791,12791,13015,3.2400125087952465,3.2400125087952465,1.017512313345321,249120,0,53248,40960,0.11426028426000612,49296,382140,24,0,greedy,False,c402f9762b0db65611be73d3c153891d505bf0d4b225554e6c06924a001c3838
case_032,5,41443.0,10391,10391,10415,3.988355307477625,3.988355307477625,1.0023096910788183,12360,0,40960,36876,0.028348358237626752,8264,283252,24,0,greedy,False,e925f6ccd84fd7816492afed101902d332c08ba79c4152eeddbb62db530dfa1f
case_033,1,1774196.0,1774080,1774080,1774196,1.000065386002886,1.000065386002886,1.000065386002886,4592640,4592640,524288,69644,0.09627692445862406,720384,6762032,6,0,greedy,False,4e9616d8b5284e12ac96679481d9c1df20d38f83e1e52aaae2f3765b09f69dfd
case_033,2,1774196.0,894719,894719,896766,1.9829644838211773,1.9829644838211773,1.0022878691522144,6059060,3827712,523776,113674,0.2803465833041587,2490400,6392890,25,0,greedy,False,01f9a77ebef49a842a2551e6e6121ee73e9123494e1bc895eabb1c593df584b1
case_033,3,1774196.0,592230,592230,592284,2.995788798270942,2.995788798270942,1.0000911807912467,6873682,2958336,523776,81936,0.3027008415919377,2924098,6735928,25,0,greedy,False,b919b17e5b5a8cdcb5728d6a0a7f049752c0208027a66486a324e5ea0f64bbba
case_033,4,1774196.0,447805,447805,448507,3.9619834526188855,3.9619834526188855,1.0015676466319046,7873656,2092544,523776,81932,0.34616889744317486,3683424,6957116,27,0,greedy,False,3cdd770545414cfc07a9b2daa262a2e6ab29eed133a979fdfb8da7416d06d375
case_033,5,1774196.0,358366,358366,359011,4.9507933230272965,4.9507933230272965,1.0017998359219347,8182426,1402880,523776,59392,0.32497229012617485,3552898,7380028,27,0,greedy,False,2c5034cfaebbd9fba9dceede974d9e8aace619eeed7ff106b08762788ace9d30
case_034,1,842996.0,842733,842733,842996,1.0003120798639664,1.0003120798639664,1.0003120798639664,1079832,1079832,524288,122906,0.309046599146855,1038336,2321468,10,0,greedy,False,73a6322df4957ae15a9af6cf2a0a89c072427f076e3920c4fe59930b883f40e4
case_034,2,842996.0,417299,417299,417603,2.020124658817778,2.020124658817778,1.0007284944368426,1645064,578560,524288,122898,0.4108998523328656,1612800,2312244,24,0,greedy,False,9507906f86151142154e7922d2b72910741aaffcbaf12b8770a17e57e336aae4
case_034,3,842996.0,281348,281348,282179,2.996275075706954,2.996275075706954,1.002953637488093,3616304,446984,524288,124944,0.5036099016930243,2780672,2740808,24,0,greedy,False,2a2e9f3edc5bb8cb36927ea71974010e77d5f79620a7192229b7dc0d06bb4551
case_034,4,842996.0,212928,212928,213112,3.959065975353171,3.959065975353171,1.000864141869552,3176960,57344,472576,122890,0.5757127065991514,3141632,2315312,24,0,greedy,False,5fc726227508ef6f28d92fb4ff0f1b65ab742201fdbe3df7ea63df3dbbb3ae10
case_034,5,842996.0,177145,177145,177825,4.758790821078778,4.758790821078778,1.003838663241977,3536896,49152,326144,122890,0.5708077182269533,3320320,2496560,24,0,greedy,False,5435a18e88455ed040832c3e5edb2372dd76fb7a3896dec84365f2d165395ecc
case_035,1,169571.0,157542,157542,157542,1.0763542420433916,1.0763542420433916,1.0,579992,579992,188928,130946,0.13161602698365205,96772,638488,9,0,greedy,False,4a89a59c116308596868bdb840fe97cb016368e5843330d0534c07fb98cfc94d
case_035,2,169571.0,95406,95406,95406,1.7773620107750037,1.7773620107750037,1.0,0,0,73728,74792,0.0,0,396878,14,0,greedy,False,24f1aad5ee638fa0488320d73d41e162c21dbada17affeebbc106a17375000fc
case_035,3,169571.0,91278,91278,92120,1.8577422818203728,1.8577422818203728,1.0092245667082977,1214380,0,73856,32086,0.21722764797522423,231188,833078,54,0,greedy,True,71f9c54e4731fb41f3a464d268405f458a8bcc2d7230fdb5fe26e6d5304aa8c5
case_035,4,169571.0,70276,70276,71703,2.412929022710456,2.412929022710456,1.020305652000683,1601930,0,65728,28806,0.3428840928608636,487108,933512,54,0,greedy,True,eff314de934ff9c0163f5f83016b3f4f8a832792f8f44c018fbd123d826f1457
case_035,5,169571.0,63923,63923,67118,2.6527384509487977,2.6527384509487977,1.0499820096053063,1347578,0,73824,61440,0.38702334225279345,501888,794902,54,0,greedy,True,a3b8236fc3b01bd5cad3435d09750c3e3495a4d7c2dd0b4b1a6df340fee93e97
case_036,1,931510.0,931510,931510,931510,1.0,1.0,1.0,0,0,13440,8192,0.0,0,3277952,3,0,greedy,False,d64d21298efb9524f15b22d64f5e48b8064b683e7973cbfeaaf5a044e77b4072
case_036,2,931510.0,466068,466068,466068,1.998656848356892,1.998656848356892,1.0,1152,0,13440,8192,0.0,0,3279104,15,0,greedy,False,de54b31e73c4875104b671c039497deae22323bdae9b75c0504103ee7331162f
case_036,3,931510.0,311345,311345,311345,2.991890025534375,2.991890025534375,1.0,2304,0,13440,8192,0.0,0,3280256,24,0,greedy,False,154db6b8e62d054f80905e5437b6e466ba01c17dcabfe8765c2a6aa187b0b7ba
case_036,4,931510.0,233584,233584,233584,3.987901568600589,3.987901568600589,1.0,3456,0,13440,8192,0.0,0,3281408,24,0,greedy,False,3d3af4a6d8f2e0ba99c9aaa02fe08b61a1a1cf3506b1fb2c91fc009e477731f9
case_036,5,931510.0,187182,187182,187182,4.976493466252097,4.976493466252097,1.0,4608,0,13440,8192,0.0,0,3282560,24,0,greedy,False,18d5ca2a8ee47d8fb48240132ae77abca22643d26a005505bcb7c0c6a95dee06
case_037,1,210001.0,210001,210001,210001,1.0,1.0,1.0,0,0,393216,0,0.0,0,532480,5,0,greedy,False,0a835b6f10c83a84d338adc6b6089fe29ee25797607448b8261d9b4b31947ff2
case_037,2,210001.0,105374,105374,105374,1.992910964754114,1.992910964754114,1.0,204800,0,225280,0,0.0,0,737280,21,0,greedy,False,a7077fbc8b0587ebb2259ddc594c228244f5289ac61eafcea3bc7ae6aabee587
case_037,3,210001.0,73423,73423,73423,2.8601528131511924,2.8601528131511924,1.0,1302528,0,274432,0,0.6076555023923444,1040384,671744,24,0,greedy,False,c94ddf80ae17ce76d8815ad037c0c761d254daae3b2599eeed2af2a50eead1da
case_037,4,210001.0,53320,53320,53320,3.938503375843961,3.938503375843961,1.0,614400,0,110592,0,0.0,0,1146880,24,0,greedy,False,b3b9fb5221a864c1e0bc8b00805860f25929f1f4a949461cba92211711c6b83c
case_037,5,210001.0,43013,43013,43800,4.882268151489085,4.882268151489085,1.0182967939925138,1925120,0,28672,0,0.6425,1579008,878592,24,0,greedy,False,dbdc2a38d97c07496c9a6a7e8ef46821d79b4c8a5a6534397eb9c5b6499c561f
case_038,1,1364555.0,1363312,1363312,1364555,1.0009117502083162,1.0009117502083162,1.0009117502083162,5627904,5627904,524288,36864,0.1736168151396097,1462272,6960138,13,0,greedy,False,364dc9457dbff2fbf7a05fe33764073b773734095f0d85bbb9e6b31910a223b7
case_038,2,1364555.0,683021,683021,683212,1.997822907348383,1.997822907348383,1.0002796400110685,6183940,4329984,524288,37012,0.2422994707452746,2174976,6801420,24,0,greedy,False,a92fad99562e03c941622883fffd42a6d885b11d9d12b1d2753275b3a6390638
case_038,3,1364555.0,453892,453892,454945,3.00634291857975,3.00634291857975,1.0023199351387555,8067076,3190272,524288,51200,0.36430637841703567,3920384,6840844,26,0,greedy,False,5ba31abbd5664b985182c40c00448a6fcabc36184370cb85ed597be1bcb81668
case_038,4,1364555.0,339347,339270,340964,4.021119974539336,4.022032599404604,1.0049930733633978,8604164,1704960,524288,65536,0.33680440702836467,3791872,7466508,27,0,feedback,False,df2f87e40fade604939270fc5adf4406a2ae36b791a5245a9f7fb9668c910bb8
case_038,5,1364555.0,273991,273991,281255,4.980291323437632,4.980291323437632,1.026511819731305,9004032,1413632,524288,73728,0.4290943493481157,5038080,6703114,24,0,greedy,False,7f2c53b4bcd0ed0ae36c9d03d6a117d859fc9d4090c2f698e879fecee914e0ac
case_039,1,1435262.0,1435262,1435262,1435262,1.0,1.0,1.0,7929856,7929856,524288,0,0.0,0,12132352,7,0,greedy,False,d2eb755c04a4f7046f4430f1789c2e9d1423f94eb1adda29cbf4bfd3b9a620d4
case_039,2,1435262.0,705615,705615,708561,2.03405823288904,2.03405823288904,1.004175081312047,11067392,6864896,524288,0,0.3701716738197425,5652480,9617408,23,0,greedy,False,ef1dd515eabeea24150a0a9683aa73a5777cb5db7439fc55ee6338c9e7295728
case_039,3,1435262.0,473625,473625,474850,3.0303763525996303,3.0303763525996303,1.002586434415413,13881344,4698112,524288,0,0.18445448062752556,3178496,14053376,24,0,greedy,False,660d09294f0863af511f0d1bc015a147e98aab0cd6bd1db319a0109addf75e77
case_039,4,1435262.0,361849,361849,368635,3.9664666753258957,3.9664666753258957,1.018753679020807,13230080,6840320,524288,0,0.22564734895191121,3747840,12861440,24,0,greedy,False,7230029d25e80765e69610fce98ede816a4df7f5cf8d9c312a452e5b2dcd6b24
case_039,5,1435262.0,317203,317203,432493,4.524742830301101,4.524742830301101,1.363458100963736,21024768,3280896,524288,0,0.2935381532810152,7200768,17330176,24,0,greedy,False,5fbe701358fd55c28ef7239d6538e8b68889799e245c25fadb332ef6ccadcdff
case_040,1,253454.0,247681,247681,247681,1.023308206927459,1.023308206927459,1.0,0,0,246272,107236,0.0,0,911174,14,0,greedy,False,8ad32d600dd2b756c339c1ee3507da3ba7ea015da2a267e8f42d6ab43804c641
case_040,2,253454.0,137163,137163,137167,1.8478306832017382,1.8478306832017382,1.0000291623834416,278086,0,245760,103270,0.020081614720436073,21574,1052742,24,0,greedy,False,cf5f133cd4dc03ce98f2cf191bd01ba103f7020706fa4ddb3a66ce7aad2abfd9
case_040,3,253454.0,110105,110105,110105,2.301929975932065,2.301929975932065,1.0,0,0,245760,90112,0.0,0,911174,24,0,greedy,False,a330feb04fef6380868f6794d5adb7e53713bb66ffa42cd7a9b258f9d6772ce6
case_040,4,253454.0,106718,106718,108776,2.3749882868869356,2.3749882868869356,1.0192844693491256,3337500,0,82176,90242,0.18789079926511565,527302,2279126,54,0,greedy,True,354023c4a909bfd14336f0c3e84fdd0584bbe0fe0412905ad346abf766b734b5
case_040,5,253454.0,98192,98192,101943,2.5812082450708815,2.5812082450708815,1.0382006680788658,3460690,0,57856,84356,0.22286729882477974,642534,2240500,54,0,greedy,True,6d5c4ef41bf929bcad85bef22b19471a05e6f8c709ec77275e68e4830d1007ac
case_041,1,6003957.0,6001575,6001575,6003957,1.0003968958148486,1.0003968958148486,1.0003968958148486,30898176,30898176,524288,8198,0.10163681549404405,3643392,32203776,9,0,greedy,False,727befc5bd821bdc12309e8d820075590819035055e33c4da63b4c0fd5bcc5f2
case_041,2,6003957.0,2987473,2987473,2990754,2.009710882742706,2.009710882742706,1.0010982526034544,32353304,27420672,524288,8200,0.19188530117887687,7157760,30144524,14,0,greedy,False,6fd2ad7f4d99c4fe211538083dd68085f30a3963a38089d6a120e767243f7b72
case_041,3,6003957.0,1993622,1993622,1997832,3.0115824363896464,3.0115824363896464,1.0021117343207488,34765828,24978432,524288,8198,0.22694924599679647,9013248,30701570,15,0,greedy,False,2ce713dce9a328cf97c452df3966c595d61a658754aeca7aadd91bbb4ce3fa8e
case_041,4,6003957.0,1497441,1497441,1500807,4.009478169757607,4.009478169757607,1.0022478348061794,34956296,21252096,524288,8198,0.26674362222306197,10644480,29260804,14,0,greedy,False,a3f7f81e8f38b9cd8c7143fac00da21e58fe5b908558828d8e0800953a32512d
case_041,5,6003957.0,1196776,1196776,1209096,5.016775904597018,5.016775904597018,1.0102943240840392,39536648,21008384,524288,8198,0.2987132295916821,13288448,31197188,10,0,greedy,False,ba2f6d31f3c27ed7456cc5af938902b3bd5d1c8e49a15affbe4401933b2764c0
case_042,1,1686740.0,1675633,1675633,1686740,1.0066285397816825,1.0066285397816825,1.0066285397816825,6629376,6629376,524288,32776,0.3186917583766532,2866176,6127392,13,0,greedy,False,adcdc424d75206250562abdf2f450b7463cbe57bf684fa8cce47171b1eed198e
case_042,2,1686740.0,845602,845602,849710,1.9947209207168384,1.9947209207168384,1.0048580774406872,6474016,4421632,524288,32776,0.39215025963021705,3465504,5371680,24,0,greedy,False,27b0028a733e112b9494c3be83a5792ce749f478b62a112d09c536495a2871ec
case_042,3,1686740.0,567180,567180,570842,2.9739059910434076,2.9739059910434076,1.0064565041080433,10092832,5947392,524288,32776,0.3748580052133352,4371744,7290656,24,0,greedy,False,3dc753ba488fd6d94f43db69d62a027f40ec26927c6d52ee3f0921038fed7000
case_042,4,1686740.0,423065,423065,423165,3.986952359566497,3.986952359566497,1.0002363702977084,4217704,785408,524288,33800,0.42703203061036943,2555744,3429156,24,0,greedy,False,80765141f27fbd2fd9c52c761c44cc56c80fc7e73e58fc8b4d9cb520124b5f17
case_042,5,1686740.0,353416,353416,358019,4.772675826787695,4.772675826787695,1.013024311293207,12962944,3727360,524288,33802,0.5184534003616228,7643264,7099168,24,0,greedy,False,fb634fcca7883ce26b31c02d809c19cdfb218051e05f4684b03c4ac9e2813b28
case_043,1,677656.0,656758,656758,659318,1.031819939764723,1.031819939764723,1.0038979350080242,3104800,3104800,524288,131072,0.08806457695267313,276496,2863200,14,0,greedy,False,cc1fc354f18483cbdf2c16ab739dbb437c5658b11b9c2d114c58a21172eaf1c5
case_043,2,677656.0,347584,347584,347753,1.9496179340821211,1.9496179340821211,1.0004862134045296,2007782,108296,524176,129734,0.27564879564879563,780472,2050928,24,0,greedy,False,8184a0b70175f2b95ff42f71c71ebfcf9bc365142de29a76ff312bd9638a1285
case_043,3,677656.0,261640,261640,262203,2.5900321051826936,2.5900321051826936,1.0021518116495949,3509668,38116,295232,122900,0.4458893005847438,1781746,2214192,24,0,greedy,False,c941c5e93f590567f0490fc7b86cd33ae9c06ca4055e482d4055a8edb252e934
case_043,4,677656.0,217083,217083,218114,3.1216447165369927,3.1216447165369927,1.004749335507617,4902524,0,236544,104422,0.4788989049341686,2344758,2551386,25,0,greedy,False,0ef90bd617b203d7c5f41dda735ba8dba89a944b42cd055593451ba083d1cbf2
case_043,5,677656.0,185359,185359,187277,3.655910961971094,3.655910961971094,1.010347487847906,5002192,0,244736,115734,0.5388192798816287,2743546,2348228,54,0,greedy,True,820dfe67f189201e8f557dc970ba05786fd1975e8bb2965f2c61909a9b69b2cd
case_044,1,154407.0,74753,74753,74753,2.065562586116945,2.065562586116945,1.0,0,0,192640,0,0.0,0,952928,24,0,greedy,False,2231c8fd1ef14c058a545daea9bcbb45f5f850fdd3e19caa76f6dac2222b179e
case_044,2,154407.0,41678,41678,46712,3.7047603051969866,3.7047603051969866,1.1207831469840204,978976,0,172160,0,0.27957855177504864,533248,1374080,24,0,greedy,False,315f6db366280722eae36f3025fe8bbfab0596bf987ea7ad6dabf302b7d53358
case_044,3,154407.0,41984,41984,51581,3.677758193597561,3.677758193597561,1.2285870807926829,987584,0,319104,0,0.48501531098877193,927520,984832,24,0,greedy,False,8d19b2be8adbfa88bb011704ce49957a59acd4f446b05e1474e7bee08e287b59
case_044,4,154407.0,41678,41678,46712,3.7047603051969866,3.7047603051969866,1.1207831469840204,978976,0,172160,0,0.27957855177504864,533248,1374080,54,0,greedy,True,9d457fe895b0505cede58368cd07a1cddb6b140eb8dac2a7ab740b9dfcc515b6
case_044,5,154407.0,41678,28257,85501,3.7047603051969866,5.464380507484871,3.025834306543511,3755904,0,376832,0,0.7855713612554719,3681024,1004768,54,0,branch,True,230a22e4d387d45153fdcbf444552b8a1bef7b65036cab6433aee9f80e9ec0c4
case_045,1,125614.0,125614,125614,125614,1.0,1.0,1.0,0,0,0,32768,0.0,0,278528,6,0,greedy,False,816f90d0779e0c3ebac9f25935ebab5434272b6902bef41fda2bb061e27a7432
case_045,2,125614.0,63059,63059,63059,1.99200748505368,1.99200748505368,1.0,0,0,0,32768,0.0,0,278528,15,0,greedy,False,787f6f41fd96821929d71eeaafaacee11724828cd6789e783ed4c8fc7aff7631
case_045,3,125614.0,42601,42601,42601,2.94861622966597,2.94861622966597,1.0,0,0,0,32768,0.0,0,278528,24,0,greedy,False,d0117073d032b6dd6a21a1e25e58f3ee54daf1c254d400ced085a2f7f3a6da51
case_045,4,125614.0,31878,31878,31878,3.940460505677897,3.940460505677897,1.0,0,0,0,32768,0.0,0,278528,24,0,greedy,False,b564b66630360251ba9a73232aaba75f0d597a1dc6604e6863e4f0051675106f
case_045,5,125614.0,26164,26164,26164,4.801024308209754,4.801024308209754,1.0,0,0,0,32768,0.0,0,278528,24,0,greedy,False,f965974b60ae15d5b329c6581bf536014af93eeee56db590fb128df6b6830aed
case_046,1,276455.0,210263,210263,210263,1.3148057432834117,1.3148057432834117,1.0,0,0,279040,0,0.0,0,995936,24,0,greedy,False,44933ae419ae6593c31a45e052a353f7b506e963afefe9b988e5185fff3cdfc6
case_046,2,276455.0,105918,105918,105918,2.610085160218282,2.610085160218282,1.0,930400,0,213504,0,0.0,0,1926336,24,0,greedy,False,9720534f33c496115a304229495b3549bd7b9488cc617f929dd008e346e503c6
case_046,3,276455.0,79904,79904,79904,3.459839307168602,3.459839307168602,1.0,1860800,0,197120,0,0.64149294859588,1832576,1024160,24,0,greedy,False,1f794b1459958a2244fe82fdba5b6b5ad1d0f34f097aa62743d607363853442d
case_046,4,276455.0,77771,77771,79875,3.5547311980043976,3.5547311980043976,1.0270537861156472,2823680,0,180736,0,0.015338533121303144,58336,3744896,24,0,greedy,False,252d8651f706dbac12957b4314871db80345d5b02df4c992bdc7bafd5582e391
case_046,5,276455.0,62857,62857,83374,4.398157723085735,4.398157723085735,1.3264075600171819,2840352,0,180736,0,0.3649887504617348,1391232,2420480,24,0,greedy,False,b6fe3f467e1423b657e9ce33e81d1ea20115321bf504c63729c834073c57c4ec
case_047,1,326508.0,289969,289969,289969,1.1260100217609468,1.1260100217609468,1.0,0,0,62592,60484,0.0,0,457286,21,0,greedy,False,419e751c1a3009377bc05cb6484b27bbc71d946a84ea0329ed24599e8d8082ae
case_047,2,326508.0,175437,175437,175439,1.8611125361240788,1.8611125361240788,1.000011400103741,500422,0,14592,28612,0.11782341517916523,88582,663238,24,0,greedy,False,fa96905f0a774ebb3ea048ffe3c25604a7d4e3c784b2bb34a2a8e90b28c6287c
case_047,3,326508.0,126621,126621,126977,2.5786243987964084,2.5786243987964084,1.0028115399499293,1334028,0,21504,9572,0.38612803813042906,497414,790796,24,0,greedy,False,01060ba1ec3316dbb973f2c8e4c6e8ad481b22ffadb7e6c5ac7d8603048c491e
case_047,4,326508.0,101709,101709,102430,3.2102173848921924,3.2102173848921924,1.0070888515273968,1075538,0,13312,9700,0.330168368087474,382158,775306,24,0,greedy,False,6c23f586fc1363d07d2dffe28298330403c8da3dc0d08e876e7cea35ba5273e1
case_047,5,326508.0,90802,90802,94714,3.595823880531266,3.595823880531266,1.0430827514812449,2392856,0,11456,8164,0.5558310854860439,1103248,881614,58,0,greedy,True,9c7ec726107c4a8802893b3b7ac2c2bc7d13a29d63f815cc5ec5d5ec1b2a1e1d
case_048,1,222220.0,191380,191380,191380,1.161145365241927,1.161145365241927,1.0,0,0,23552,20804,0.0,0,410182,17,0,greedy,False,52dd220f8e400081bfd061bc004ca9dcb887315ce114a9ad28fb2460d2dc4681
case_048,2,222220.0,130798,130798,130812,1.6989556415235707,1.6989556415235707,1.0001070352757688,584518,0,13056,12292,0.19007383353799834,147974,630534,24,0,greedy,False,df8b919d356848d620a4ebccf9fe1d61e268a6e64d20329ed2897e0bd3929e02
case_048,3,222220.0,94653,94653,94666,2.3477332995256357,2.3477332995256357,1.00013734377146,695564,0,8448,10628,0.11325331011382571,93388,731206,24,0,greedy,False,579ba7b6ac52d04b71050e2254e6f66e5d4c152dbf4039df02bca0a668fe4046
case_048,4,222220.0,94366,94366,94435,2.3548735773477736,2.3548735773477736,1.000731195557722,761806,0,9152,10756,0.19558358893936947,169614,697606,54,0,greedy,True,b049e19157d213bcff5f4810380311fce0a9c10a7c772d25701a0aa36cfa854a
case_048,5,222220.0,93685,93685,93690,2.3719912472647704,2.3719912472647704,1.000053370336767,634002,0,8704,10308,0.14301576394905346,114892,688460,54,0,greedy,True,f0e96b251d83b26421f32246b55e05ae45acb0ad85aa80b987e34202e5cd56d0
case_049,1,196276.0,175821,175821,175821,1.1163399138896946,1.1163399138896946,1.0,11280,11280,143680,130572,2.529308360628786e-05,4,158142,10,0,greedy,False,0680d29ecbc76921412ea37c37bd0306e3feaedb61fc1433f66befce7397bedc
case_049,2,196276.0,117482,117482,117483,1.670689978039189,1.670689978039189,1.000008511942255,996698,0,86176,110564,0.050613386685196056,33798,633970,24,0,greedy,False,c76687885ff4d8d3abd9dc86146d41bec29492615b599457e4bf2e6733c6312b
case_049,3,196276.0,100305,100305,100334,1.9567917850555805,1.9567917850555805,1.000289118189522,1503824,0,60032,92130,0.11889298687143707,110828,821338,54,0,greedy,True,362b4ff5019e32b62ef4a8e58953043f66931062a004bdcf928bbf9ba45f7ef2
case_049,4,196276.0,85826,85826,86256,2.286906065760958,2.286906065760958,1.005010136788386,1742718,0,54432,95842,0.17294080766267317,183154,875902,54,0,greedy,True,8771627ef60cc6a0abe94037dd0a987b92f6fb4d31b6cdc8f983ef2bd221fbc6
case_049,5,196276.0,80923,80923,82624,2.4254661839032168,2.4254661839032168,1.0210199819581578,2057776,0,49280,95778,0.22083416366386477,270392,954020,54,0,greedy,True,30def31e7d0ed256843fbfc25aec744814e63606dd2cc4aa1dd67ee2e030d102
case_050,1,149690.0,141257,141257,142127,1.0596996962982366,1.0596996962982366,1.006158986811273,824268,824268,66816,131072,0.1613668699442453,128388,667240,24,0,greedy,False,68fd86ee4fb7f440edd38f2908866565731ccc51e42684e65823eb065d31412f
case_050,2,149690.0,74691,74691,74691,2.004123656129922,2.004123656129922,1.0,330004,16582,17216,128304,0.24297673481575283,135080,420858,24,0,greedy,False,dfef046fd5f9d2c4b7e60920529a98d697f94fc5c421c809bac078abcbdc8484
case_050,3,149690.0,56653,56653,57222,2.642225477909378,2.642225477909378,1.010043598750287,742584,0,36736,90402,0.2548651978603078,199824,584214,24,0,greedy,False,6651906208e1d52e49454c25bcf973c551e409c298eaa4f995ebfae9bdaa7c6e
case_050,4,149690.0,43771,43771,43856,3.4198441890749582,3.4198441890749582,1.0019419250188482,811130,0,15392,57384,0.34423041107451774,292032,556330,24,0,greedy,False,f96eec0c4b348385f5222505ddcb4e6d51847e8b5aefc97bb3f207152cc065a6
case_050,5,149690.0,40643,40643,40755,3.683045050808257,3.683045050808257,1.0027557020889206,958336,0,15104,65576,0.382791333758995,354918,572266,55,0,greedy,True,d82ae0f3b614a5e9218cfa720de1669448658f8a3005968013fa04dce17e1f6e
case_051,1,607628.0,607628,607628,607628,1.0,1.0,1.0,0,0,393216,65544,0.0,0,393216,12,0,greedy,False,a99839fc0c6ff3f3581958c9c69c3737e2f83f16ad3efe64d200b0afcd604df0
case_051,2,607628.0,318295,318295,318295,1.9090089382491084,1.9090089382491084,1.0,668,0,196608,65546,0.0,0,393550,22,0,greedy,False,4c032f92bc9ba162bcc1d38f9339f2074543d42554d95ff6e4fb7dd86a78c070
case_051,3,607628.0,227413,227413,227413,2.6719140946208,2.6719140946208,1.0,952,0,131072,65542,0.00011684260792700894,46,393646,24,0,greedy,False,2ffd0c32258a9c69815a1ccfb1b7569fb8663e49fde8e07c611afc55338328ab
case_051,4,607628.0,178135,178135,178135,3.4110534145451483,3.4110534145451483,1.0,1140,0,98304,65540,0.00023362943324546835,92,393694,24,0,greedy,False,83b7529ed989f50b46262f1d864a186c6e8f354a49268e0b6756ba888090a4cd
case_051,5,607628.0,178135,178135,178135,3.4110534145451483,3.4110534145451483,1.0,1140,0,98304,65540,0.00023362943324546835,92,393694,54,0,greedy,True,7b83a20882e72b208fd7d64f5aec05e7983e9f7b6ddae8580a2f5987e001285d
case_052,1,180301.0,163464,163464,163576,1.1030012724514267,1.1030012724514267,1.000685166152792,367620,367620,149248,130904,0.04038117622006163,40960,973374,20,0,greedy,False,4ef543b2d9edae6f5a82f7188152994b17a63daf115e7af0295da203bc579476
case_052,2,180301.0,84226,84226,84104,2.140681024861682,2.140681024861682,0.9985515161589058,875172,6144,195456,129306,0.1590160077049777,217608,1150858,24,0,greedy,False,87b0a80a6e004a3ba4ff51da7f03f44229ab2a94c19153a8a5de9af0287e172c
case_052,3,180301.0,60218,60218,60514,2.9941379653924076,2.9941379653924076,1.0049154737786044,832016,0,135936,86262,0.2330042480547414,329756,1085480,26,0,greedy,False,abe0b0f68eb029c615ed70cc918614d1f59e09f8fbcabd7f789a5c7984dc8fea
case_052,4,180301.0,44972,44972,45559,4.009183491950547,4.009183491950547,1.0130525660410923,651248,0,101376,81192,0.1988269960366399,253440,1021236,24,0,greedy,False,9a767bcc74ccb8bf64bf7d8eca36542e7c2281b84a35b17bf211daabd3686456
case_052,5,180301.0,37921,37921,37973,4.754647820468869,4.754647820468869,1.0013712718546453,808648,0,101376,67620,0.19832126020466828,275968,1115552,24,0,greedy,False,e7815671ea21b85bd9495a8f406e5186a09e6542d945d348f932f0d07a60fed9
case_053,1,1472686.0,1287503,1287503,1287503,1.143831121170203,1.143831121170203,1.0,478218,478218,520480,130562,0.004386666057671813,13830,3138906,22,0,greedy,False,5f6b42933abc60d035b60dc0d0d104a5817e3ad713df0cbaefe3fde81d87b9f9
case_053,2,1472686.0,700858,700858,703401,2.1012615965002897,2.1012615965002897,1.0036284097491932,5343438,0,350064,70388,0.14403923050281792,914966,5437234,24,0,greedy,False,bc08af48e5aee61dd1c482931a9198d95d2570456431b8b68df64e875a831986
case_053,3,1472686.0,486416,486416,494968,3.027626558336897,3.027626558336897,1.0175816584980757,8152304,0,235328,47876,0.20916689165025817,1775724,6713784,24,0,greedy,False,621e57cc516e1bb9ade0c216d5b2c0390180c535d62fa474f6db62613dbd6295
case_053,4,1472686.0,400583,400583,412311,3.6763567100950363,3.6763567100950363,1.0292773282940115,10258162,0,191040,32004,0.19119907733023678,1944256,8224496,24,0,greedy,False,2ac87f2c135c1c5b81539fa8d0b7f6342213851f9f2ab22466eb4319dc45918c
case_053,5,1472686.0,350677,349110,374960,4.199551153910864,4.218401077024433,1.0740454298072242,12791538,0,198656,39888,0.3051775603632614,3647600,8304786,23,0,feedback,False,b9e0fc184cf385eb8d6e01bc6d37f57283888d4dc8ac8ddfeb749b9f721d020f
case_054,1,815051.0,784507,784507,784507,1.0389340056876484,1.0389340056876484,1.0,1109406,1109406,497024,131072,1.2031856654310875e-05,26,2160904,19,0,greedy,False,e0e530c3731508752f33d0f27dc900c13f9102d25cdf18ac3675ce95f35b979a
case_054,2,815051.0,419294,419294,419294,1.9438651638229978,1.9438651638229978,1.0,4776444,0,278528,90340,0.040343581629511883,164868,3921730,18,0,greedy,False,3938a5fe4952d41b118e873162ec47467dc9d8fda3d5bda1c8cd44195a874f6a
case_054,3,815051.0,295132,295132,295182,2.761649024843121,2.761649024843121,1.0001694157190681,1733776,0,105984,23252,0.22216597454689144,595978,2086602,22,0,greedy,False,ae917f7bb23930128ce13169697800e66facca9c7fa98dad4428a62885e0aa9f
case_054,4,815051.0,230893,230893,231708,3.5299944129964964,3.5299944129964964,1.0035297735314626,1766610,0,101376,21876,0.2213748611942524,596874,2099340,23,0,greedy,False,e84313813eb42f83c831987a39d5266eaa136912296708ca1e430d91af3fd672
case_054,5,815051.0,198945,198945,202096,4.0968659679811,4.0968659679811,1.0158385483425068,2922392,0,101376,19124,0.3446998185438639,1186130,2254922,24,0,greedy,False,ffc6b41b4131fb7743546c8b9b5be7a06c3a5d9ce698bdb28fc0cadce8a827f9
case_055,1,118835.0,110071,110071,111355,1.0796213353199298,1.0796213353199298,1.0116651979177076,1509616,1509616,342016,130672,0.11730659604122969,172032,1294484,9,0,greedy,False,1a86c2d516d4976e24b33c7ebf994cb6c067f60778dbf95a844a01c7637c8153
case_055,2,118835.0,59583,59583,61172,1.994444724166289,1.994444724166289,1.0266686806639478,1156200,78872,162816,129084,0.24190794710207897,331276,1038154,24,0,greedy,False,90a87f9855fbf1c1bd6b2e348e624c1aae2b1200ebb5ec6ef7e111b1043401b8
case_055,3,118835.0,43284,43284,43284,2.745471767858793,2.745471767858793,1.0,115712,0,57344,114704,0.15607145362042826,115712,625692,24,0,greedy,False,8137347bdecf220a4b6da5080a6d7669498cc40f37fd7b2b490afcc5d6a4f4f4
case_055,4,118835.0,31297,31297,31297,3.797009298015784,3.797009298015784,1.0,115724,0,47616,90124,0.15607019058280844,115712,625698,24,0,greedy,False,32be65c53fbec226cac61b0aea8a5b657aec1b94ef21a52127a9de3bf6de2ffb
case_055,5,118835.0,26781,26781,26781,4.437287629289422,4.437287629289422,1.0,198656,0,40960,65544,0.24098560316759426,198656,625692,24,0,greedy,False,a6afa25f375def8648fecca45c4b9cce34bcbd0469ed628bc06af0994beda8c1
case_056,1,277285.0,252735,252735,252735,1.097137317743882,1.097137317743882,1.0,145096,145096,132416,129256,0.13780569662736356,43524,272312,17,0,greedy,False,f4edea4260dea607a94fddc05b221f5404c9833dea4f76c5e7f6698ec4a25f19
case_056,2,277285.0,153129,153129,153129,1.8107935139653495,1.8107935139653495,1.0,2662330,0,22208,71052,0.047349563804515,75302,1515040,24,0,greedy,False,a1e8ff22eda86bc8d6aefe1df22a1eb875de790a379247e7ef405f52fe4da10c
case_056,3,277285.0,101321,101321,101852,2.7366982165592524,2.7366982165592524,1.0052407694357537,2606256,0,20992,54568,0.1576514538322645,253204,1352896,24,0,greedy,False,f4422ee99aa52ee826c32823a7dca480cdc21e441ac716bd3000576e6749ab6a
case_056,4,277285.0,101498,101498,102094,2.731925752231571,2.731925752231571,1.0058720368874263,2598576,0,20992,54568,0.16286245677979855,260948,1341312,54,0,greedy,True,f7b92f1ec67126b523c3c69a1be1bdbb6e4f252256b65585d93270651bf8fa68
case_056,5,277285.0,93868,93868,96721,2.9539885797076746,2.9539885797076746,1.0303937444070397,3976084,0,18048,50250,0.30292541793528865,704012,1620032,54,0,greedy,True,2e21a92b3d33914ee1c2edee3ccd18c6d664a0d929f8b724297d349829e359a3
case_057,1,59726.0,59545,59545,59545,1.0030397178604418,1.0030397178604418,1.0,102452,102452,19328,127012,0.2166109473509949,94208,340710,19,0,greedy,False,a83b675de6bd1ad1111e88b24bb9ea3ff5295c6de732b8847b5ecd1cd7cb8921
case_057,2,59726.0,30139,30139,30139,1.981684860147981,1.981684860147981,1.0,18256,0,17280,122900,0.045676039299483315,16160,337636,24,0,greedy,False,9ee01e090d93f88da286f6147b7febafe1db7118ef95228a66d6c437df2faf4c
case_057,3,59726.0,22023,22023,22023,2.711982926940017,2.711982926940017,1.0,18208,0,17280,98320,0.04567913797587147,16160,337612,24,0,greedy,False,7458c2e63cf66048c8d4a095d1bc21b88e23c397b0b3872cc5ceab51af4e236c
case_057,4,59726.0,16208,16208,16208,3.684970384995064,3.684970384995064,1.0,24400,0,17920,77836,0.04528284968111459,16160,340708,24,0,greedy,False,c4d7f9ff402a740e72b4881ff22690146215e2a2e36a2ef8ac7f00988d6dfd20
case_057,5,59726.0,16538,15107,15107,3.6114403192647235,3.9535314754749455,1.0,27936,0,17568,69644,0.0007900714356256378,288,364236,54,0,branch,True,261366d8d00d45962e3890c0118ce72030650a56ee03fc6ea61690c97398f299
case_058,1,4539717.0,4539717,4539717,4539717,1.0,1.0,1.0,28696576,28696576,524288,0,0.0,0,35319808,6,0,greedy,False,ff71c780c30ca091e2677bec8c5d6320f2d7acb191c9f44dbc2e314322d098c5
case_058,2,4539717.0,2260642,2260642,2267345,2.0081538784115307,2.0081538784115307,1.00296508690894,33746944,27074560,524288,0,0.18406091370558375,7426048,32919552,19,0,greedy,False,d452f1198b09168dd312229080bfcd9d0212ba2be2d2d4bca75efe3f5dc96ba2
case_058,3,4539717.0,1526146,1526146,1528788,2.9746282465766707,2.9746282465766707,1.0017311580936554,21614592,9605120,524288,0,0.08068145290903246,2056192,23429120,19,0,greedy,False,eb421fea9199f831034d27b36dd63e026f159eb90f74ce718becd541f0938c3e
case_058,4,4539717.0,1142629,1142629,1154519,3.973045494206781,3.973045494206781,1.0104058272632674,42622976,22753280,524288,0,0.2689844464775846,13246464,35999744,21,0,greedy,False,9082aeab7bc3e1b5720265551e601a49f424891217b18052d4fa077147478a93
case_058,5,4539717.0,927815,927815,948537,4.8929118412614585,4.8929118412614585,1.0223341937778545,30195712,8454144,524288,0,0.2763920085116444,9576448,25071616,15,0,greedy,False,726ddd257cb8ee92e0e228e823bb3bcae1240778542b8b06752807475e17c09b
case_059,1,829473.0,815938,815938,829473,1.0165882701871956,1.0165882701871956,1.0165882701871956,1691648,1691648,524288,0,0.6100443131462334,1691648,1081344,11,0,greedy,False,2e6a67d7d77f4b2e1ea02410090335b393c7c9d2780064849fbac16238d5ce03
case_059,2,829473.0,369318,369318,369318,2.2459587672412393,2.2459587672412393,1.0,360448,0,421888,0,0.0,0,1441792,24,0,greedy,False,6d26e457586baeb0f7e40ed87a5db0472b8a41178e814674fe5bd4cc7ad9e095
case_059,3,829473.0,259680,259680,260714,3.1942121072088723,3.1942121072088723,1.0039818237831177,3186688,925696,524288,0,0.7048543689320388,2973696,1245184,24,0,greedy,False,622c77a2653a180c3675074308386819901cefda2d52200a6ffae90860b0d535
case_059,4,829473.0,185216,185216,185216,4.478408992743607,4.478408992743607,1.0,1081344,0,241664,0,0.0,0,2162688,24,0,greedy,False,8114d6a4cf5c94a123d8806767a6033fd902ca76b31185afd5ee083991d1e6b5
case_059,5,829473.0,150736,150736,150782,5.502819498991615,5.502819498991615,1.0003051693026217,4325376,0,520192,0,0.7378787878787879,3989504,1417216,24,0,greedy,False,33d21a9aecd3b52b1777744d15b578d06ef2cd7e114f9f41e1749722eb2d7be4
case_060,1,888789.0,887801,887801,888789,1.001112862003985,1.001112862003985,1.001112862003985,2068520,2068520,524288,122910,0.4231432279268349,1763336,2403896,12,0,greedy,False,1bf1e8d665a7ae8b468b8fb45b8bffc663e14d7443fb16f75feb6c65e761eac8
case_060,2,888789.0,440889,440889,441199,2.0159019617182556,2.0159019617182556,1.000703124822801,3614768,2215972,524288,122906,0.40193457155419293,2164736,3221056,24,0,greedy,False,0f3cf7094fb0f6b21fbd7130e95cf2c50277a5c51e294baeebd8895f9f7d3779
case_060,3,888789.0,307927,307927,310682,2.886362676868219,2.886362676868219,1.0089469257323975,5723724,1242172,524288,126980,0.3923975928034609,2543872,3939022,24,0,greedy,False,d3a5fca3b94edf194497448fbf9d884f8388f4d026af337c453bf2f530d3992a
case_060,4,888789.0,228949,228949,229382,3.8820392314445575,3.8820392314445575,1.0018912508899362,3699972,146436,524288,122894,0.5140795399243071,2980992,2817706,24,0,greedy,False,2518e74aa31b84e7a09d5aeaf97036ecae6a18525f65378e5cdf03739517ef16
case_060,5,888789.0,182784,182784,183272,4.862509847689076,4.862509847689076,1.002669817927171,4290948,81920,452608,122894,0.5447589344933716,3480832,2908842,24,0,greedy,False,0f40f77c5a8eb77a33f598e857e68abed2bf610796359ef2cdc2dd93da159954
case_061,1,77191.0,77191,77191,77191,1.0,1.0,1.0,0,0,53760,52260,0.0,0,544036,7,0,greedy,False,edb353981bb45230de54747db9aa340d4d2df60e2525987635147267b7b99e11
case_061,2,77191.0,39272,39272,39298,1.9655479731106131,1.9655479731106131,1.0006620492972091,34560,0,49920,47136,0.05973079661802017,34560,544036,24,0,greedy,False,f86b05ee0a291d90fbf3d69ea8a2aabb156f78d532ce3b35bb1cce0848eecefc
case_061,3,77191.0,28345,28345,28371,2.7232668901040746,2.7232668901040746,1.0009172693596755,43012,0,44544,52260,0.06977306718723916,40960,546086,24,0,greedy,False,0900c5c24a836f144cb5a97bff9fa66f73d34178a15bb9976d81612ead560634
case_061,4,77191.0,27166,22102,22111,2.8414562320547745,3.4924893674780564,1.0004072029680573,62208,0,38400,12288,0.09733374680821584,59008,547236,54,0,branch,True,05bba043999ef776a291827c787ee702530498bbc7b825b7424e176814a7e1a6
case_061,5,77191.0,20739,20739,20757,3.7220213125030135,3.7220213125030135,1.0008679299869812,157028,0,45312,16414,0.1936428115735355,134160,558662,54,0,greedy,True,d69fbe7fb563eca488a3fc0c1c4275fbcd31ccccb6ae0e3051f28d64a19e75e6
case_062,1,2854809.0,2854809,2854809,2854809,1.0,1.0,1.0,0,0,7680,19968,0.0,0,13400064,11,0,greedy,False,fd3cb50d6d81addc681279ae0a013b7060af8878acdbfd2ba99db86a91b024f5
case_062,2,2854809.0,1428424,1428424,1428424,1.9985725526874374,1.9985725526874374,1.0,30720,0,7680,24576,0.0,0,13415424,11,0,greedy,False,21379ba8b73eaffcfba66d52e79822646db1a5c07a33b939a49d8871b85c694a
case_062,3,2854809.0,955129,955129,955129,2.9889250561965977,2.9889250561965977,1.0,299520,0,7680,43008,0.0,0,13552128,13,0,greedy,False,d077cdde2a47c1ba3baee88197517c1aa1cb53dafdb7360db94fd73d5d9fef32
case_062,4,2854809.0,717090,717090,717090,3.981102790444714,3.981102790444714,1.0,339456,0,7680,33792,0.0,0,13572096,12,0,greedy,False,c85a56ff13dfb7e539b6769ab22c9143e54d78d814c85fd94f66d122ea13089a
case_062,5,2854809.0,567755,567755,567755,5.028241054680276,5.028241054680276,1.0,15037440,251904,514560,130560,0.0036957191253464737,92160,24844800,11,0,greedy,False,6de64c375afd62062acab99d74426beac403275a1ee81a82a01e9716c21367d3
case_063,1,1070397.0,1070397,1070397,1070397,1.0,1.0,1.0,0,0,7680,16896,0.0,0,5019648,11,0,greedy,False,22ba1aa466d54b5388d6a4f595e2c379d9b03d96a9122f8f166ba87ce165e289
case_063,2,1070397.0,536188,536188,536188,1.996309130379643,1.996309130379643,1.0,46080,0,7680,23040,0.0,0,5042688,24,0,greedy,False,051d7b3a19541b03aadf691bb2317362c2fa436b07884eeae0f98d720dd5b274
case_063,3,1070397.0,350979,350979,351019,3.0497465660338654,3.0497465660338654,1.0001139669324945,4792320,15360,399360,130560,0.005816002819880155,50688,8664576,24,0,greedy,False,35292d4e049e9db946646b3e71599cc5fdba9e2cacb7d79082e792b6476484be
case_063,4,1070397.0,263646,263646,263646,4.059978152522701,4.059978152522701,1.0,5208576,0,247296,84480,0.005099439061703213,46080,8990208,24,0,greedy,False,c5a3cf04fc818fb930f142021a501af3976897407eeabcc55a491e1c17a7a5fe
case_063,5,1070397.0,212149,212149,212149,5.04549632569562,5.04549632569562,1.0,5555712,0,196608,67584,0.0034676354029062086,32256,9269760,24,0,greedy,False,8a4fba57af8207f1cc91222f8d386630eedb8a6e38f915c03b2365178e3a1ad2
case_064,1,19116.0,16691,16691,16691,1.1452878796956443,1.1452878796956443,1.0,0,0,11904,9156,0.0,0,35622,19,0,greedy,False,f852b794841308b5849da5cdf97088cf71047cd5920fed48e9e798357c7ca3b9
case_064,2,19116.0,13625,13625,13625,1.4030091743119266,1.4030091743119266,1.0,50982,0,7680,8084,0.14437966842776462,9510,56358,54,0,greedy,True,03bb28ebed446716a2f8db385f23cdf5b4c6b5ec624ac7abfd63f4066525c553
case_064,3,19116.0,10657,10657,10658,1.7937505864689876,1.7937505864689876,1.000093835038003,66892,0,8864,4100,0.2423348598928821,18732,58566,54,0,greedy,True,b6d1f78b7deb99f1dce00293c8c7862a2eaa655d3156bc40d9281679bcb9bf5b
case_064,4,19116.0,10463,10463,10465,1.8270094619134092,1.8270094619134092,1.0001911497658416,83824,0,8224,2916,0.2985340682537821,25456,59814,54,0,greedy,True,0ec32001ef31781f470b1efbcd0be7405a292122b31c4c237a5ea36fbcd4d4d1
case_064,5,19116.0,10292,10292,10292,1.85736494364555,1.85736494364555,1.0,83728,0,8288,2916,0.30798470165888453,26252,58986,54,0,greedy,True,c6fc2db40ffb067ccd106c3a3571be05cb7cff8ed0207881c38bfb18afdc597f
case_065,1,53068.0,47023,47023,47023,1.1285541118176212,1.1285541118176212,1.0,0,0,36864,110710,0.0,0,299720,18,0,greedy,False,b29069b67261e669cb424cb9fbfb85cf12a450466bee1322ef7558dcb94f6aa4
case_065,2,53068.0,25554,25554,25554,2.0767003208890977,2.0767003208890977,1.0,21168,0,96000,66576,0.047174323473882944,14992,302808,24,0,greedy,False,0ce526ac7722ab1c67d59e94e6f51d73b069373817927b2ae9918c423d4d75a9
case_065,3,53068.0,17814,17814,17814,2.979005276748625,2.979005276748625,1.0,27792,0,66048,43024,0.08485795940301424,27792,299720,24,0,greedy,False,bed37419d0ac37a3152e2df62c4d7c9d537036d57d52fe65b899fdb05a9eac82
case_065,4,53068.0,14387,14387,14387,3.6886077709042886,3.6886077709042886,1.0,41876,0,36864,40968,0.12187450580731317,41616,299850,24,0,greedy,False,f79d2819c50cc87dd7b514f06ca5d71d4f5d50f32b24e1ddf07ee50fed4f7505
case_065,5,53068.0,10740,10740,11381,4.941154562383613,4.941154562383613,1.059683426443203,55584,0,49024,40976,0.156440681782361,55584,299720,24,0,greedy,False,68a8791f4c68c68297e2c7eadd039c4e1a075eced79c9dd0331f1ae6f3271485
case_066,1,359070.0,335294,335294,335294,1.0709109020740006,1.0709109020740006,1.0,180848,180848,233088,131042,1.0737813029620257e-05,12,1117534,20,0,greedy,False,181ef8f50e949a5db75b2326e284371dbefda7d81bd4415d4677679ff65146d8
case_066,2,359070.0,185574,185574,185574,1.9349154515179927,1.9349154515179927,1.0,962412,0,123312,70442,0.1746767643029678,288682,1363982,24,0,greedy,False,799fb706686fbdd6a70f162664bf78f284bb64040740c345a17a808f9077f882
case_066,3,359070.0,136969,136969,137048,2.6215421007673267,2.6215421007673267,1.0005767728464106,1906520,0,79872,38408,0.261734821690154,616430,1738740,26,0,greedy,False,f9e690d827184eea28b4eae3bbc6e2b90825ad06836fd79a566ce3e7c285f2f0
case_066,4,359070.0,111221,111221,112071,3.228437075732101,3.228437075732101,1.0076424416252328,2276914,0,89088,35528,0.27067136917815887,686716,1850368,26,0,greedy,False,19be397f0329a52a9c134862d868f99abf6afbd3d934a712c9b474be7d93e70d
case_066,5,359070.0,91753,91753,94904,3.913441522348043,3.913441522348043,1.034342201344915,2420166,0,89088,42022,0.34231322274020703,904638,1738082,24,0,greedy,False,ccd3a9f1e3694e0eee4666e2fe77a8a520e5686e5c07d9a34d21bfc250fb5a54
case_067,1,63834834.0,60825415,60825415,60825415,1.0494763414273458,1.0494763414273458,1.0,34295808,34295808,524288,0,0.020859205979039643,475136,22303104,22,0,greedy,False,6e914bb5f650c0037687a6a8c0e6fa392fb27c266605cda1535c996edf268163
case_067,2,63834834.0,30464020,30464020,30500185,2.0954172824203767,2.0954172824203767,1.001187138138696,22365440,17465344,524288,0,0.20470807048225798,3775616,14668288,24,0,greedy,False,ffda90a6f597401b9437352f975b5eac5d759b553a0ba1891cc4c169ccc27d2d
case_067,3,63834834.0,20198592,20198592,20272452,3.160360583549586,3.160360583549586,1.0036566905257556,17584896,10141696,518144,0,0.4275320203929993,7438592,9960320,24,0,greedy,False,ea276bb2abc18bc30867d8ec46e68828216272209965cf8805185fbce8e0ebcb
case_067,4,63834834.0,15126245,15126245,15229817,4.220137515953232,4.220137515953232,1.0068471719187413,16931968,5767168,518144,0,0.5895102625814651,11161344,7771904,24,0,greedy,False,654fe68b4202b6a5ab9a57f92c0ab9140e74799339be7e40212cdebc6a68fd99
case_067,5,63834834.0,12300408,12300408,12334877,5.189651757892909,5.189651757892909,1.0028022647704045,18799872,2441216,518144,0,0.517582670067927,11245440,10481408,24,0,greedy,False,9ebd9c4d3607a9c5a2762718595c25373488fe1fcb8481db8c994c0334957aad
case_068,1,362095.0,340538,340538,341228,1.0633027738460905,1.0633027738460905,1.0020262055923275,695160,695160,120456,130576,0.04549810915140336,143748,3015680,19,0,greedy,False,6ca41e7d0b8250c47fcb72418cc179022a8e8078740e94b6956b59b1b40adb93
case_068,2,362095.0,185824,185824,186013,1.9485911400034441,1.9485911400034441,1.0010170914413639,1427488,45442,83520,125404,0.11727992800879196,448846,3378288,24,0,greedy,False,98563df3d812b1aa445e6c2c7d8e2b3640bd11e42893e337582d17ca2cc4e759
case_068,3,362095.0,134625,134625,134975,2.689656453110492,2.689656453110492,1.0025998142989787,2190516,0,69504,109588,0.32570904441457105,1487166,3078768,24,0,greedy,False,3c4ad5c5481e64192c9cd70a2612c1e44532256dce5d8193b5fdbe33f7bccec0
case_068,4,362095.0,112483,112483,124018,3.2191086653094247,3.2191086653094247,1.1025488296009174,3045418,0,67776,121230,0.2896855351846435,1473628,3613364,25,0,greedy,False,62428fe8cabc3eec16ea4f3fa14511bb123d1e37926bf44a09685312a2ab07b9
case_068,5,362095.0,107948,107948,123877,3.354346537221625,3.354346537221625,1.147561789009523,3420288,0,59136,98692,0.3565161877012443,1921034,3467316,55,0,greedy,True,442a9610aab4c046b4b019918b54b996674960f0ed6a4e595aaee56857008495
case_069,1,25144.0,21985,21985,21985,1.1436888787809871,1.1436888787809871,1.0,0,0,99584,69234,0.0,0,113766,21,0,greedy,False,ce08b652b896d088a2fb9e0e206f164edcd22e801d3d75a21722d8d0fc182e82
case_069,2,25144.0,13519,13519,13519,1.8599008802426216,1.8599008802426216,1.0,111846,0,37248,17716,0.19591650192377186,36866,151306,24,0,greedy,False,8031a4eca08043b413f4a5ca212f9d319ccda28eee1c1268d7ec572004ce4ecc
case_069,3,25144.0,10169,10169,10626,2.472612842954076,2.472612842954076,1.0449405054577638,293004,0,35328,13684,0.3085121999476644,96676,216686,26,0,greedy,False,ec8e98d77b88a9e4c286eae327c93fbc4c31a01ad4ffec6cd4ad368892c85d17
case_069,4,25144.0,9200,9200,9592,2.7330434782608695,2.7330434782608695,1.0426086956521738,262578,0,26880,11618,0.2805420227351383,84304,216200,56,0,greedy,True,2cc9edc5dae52a7ff909695982d117957f5fb591d70172bdf49a1fb53a81efbe
case_069,5,25144.0,9200,9200,9592,2.7330434782608695,2.7330434782608695,1.0426086956521738,262578,0,26880,11618,0.2805420227351383,84304,216200,56,0,greedy,True,7791c80a260dc3932b247c9341f1a9ebbfa5f14a2f9c4d3268ea90ba85628fc2
case_070,1,117300.0,117300,117300,117300,1.0,1.0,1.0,0,0,143872,22540,0.0,0,419858,7,0,greedy,False,7c7f74954adf5d659bdacfc0445d9844032e7e2c046d0246eda7627371080aaf
case_070,2,117300.0,58257,58257,58257,2.013491940882641,2.013491940882641,1.0,129552,0,114176,16392,0.23577635319856863,129536,419866,24,0,greedy,False,7a79e2825d22505bfd1f70782e7100ccd901b2f11afe7aaee760ba9d2457cc27
case_070,3,117300.0,45647,45647,45647,2.5697198063399567,2.5697198063399567,1.0,259076,0,118016,12290,0.23830368873465974,161792,517140,24,0,greedy,False,3718246001d00c26522f89f4b2a373430f38fa69b10d1b3cdef2bab20f6b68cb
case_070,4,117300.0,36335,36335,36335,3.2282922801706344,3.2282922801706344,1.0,360964,0,102400,16392,0.2432724571604211,189952,590868,24,0,greedy,False,bcbdba5b698e0b939d8d08964156307942586d197de224424d621f3da873421f
case_070,5,117300.0,26572,26572,26584,4.414421195243113,4.414421195243113,1.0004516031913293,462852,0,104192,16392,0.2737756993252582,241664,641044,24,0,greedy,False,7056931584978a661f72f70e135b2f2b91378d2a819ea517e3059dbf59b5c207
case_071,1,18919.0,16560,16560,16560,1.142451690821256,1.142451690821256,1.0,0,0,71936,45874,0.0,0,111462,18,0,greedy,False,58bb44540c3a50ca35ff89186c83f0f8d39da3c046e8eaca8ae22226575ef9d0
case_071,2,18919.0,10120,10120,10120,1.8694664031620554,1.8694664031620554,1.0,79782,0,27648,23202,0.11476777487236957,18434,142186,24,0,greedy,False,9b2ef71c4a42cb16f987483f3cf7c11d9750be0d4b05a5f8ff43ed6cc38a1eee
case_071,3,18919.0,8517,8517,9075,2.221322061758835,2.221322061758835,1.0655160267699895,257100,0,29184,11716,0.42962662062895635,126916,168494,55,0,greedy,True,a5f99ed341fa82719a5c4dae5a71d0bf47128422a414b86f175940553d0abc46
case_071,4,18919.0,7944,7944,8316,2.3815458207452167,2.3815458207452167,1.0468277945619335,207474,0,23040,11714,0.30931367715215463,75282,168102,54,0,greedy,True,fabb6c8ac408b532d6311a82984d51729f37fb0c3fb8fd250d296ad7364f72cf
case_071,5,18919.0,7944,7944,8316,2.3815458207452167,2.3815458207452167,1.0468277945619335,207474,0,23040,11714,0.30931367715215463,75282,168102,54,0,greedy,True,f13cad5b38a2c9e3966bf5a506212002edebf7586f4c8acf49287c6cb703a9a1
case_072,1,23897828.0,23883003,23883003,23890075,1.0006207343356277,1.0006207343356277,1.0002961101667156,108614064,108614064,524288,67302,0.026210156445647174,3137536,116569342,5,0,greedy,False,72bb37974d79536f9591c4252bd24f651bb85601cdcbc61d87f6b7962ba02c8a
case_072,2,23897828.0,11819724,11819724,11833111,2.0218600705058765,2.0218600705058765,1.0011325983584727,113945376,102996424,524288,30198,0.08667751314952236,10838016,114200366,6,0,greedy,False,d9a54d972b1cd3645cb172dac1e666ac18c69ed45db7de8cbe79f446f853fcbd
case_072,3,23897828.0,7911642,7911642,7926170,3.020590163205059,3.020590163205059,1.0018362812675294,118470700,98032936,524288,59542,0.1734358521251968,22424444,106870876,8,0,greedy,False,63604da023a204018fc767dcf1ecb100065c1793210c50bf0c9692e77cbd48b4
case_072,4,23897828.0,5950082,5950082,5972781,4.016386328793452,4.016386328793452,1.0038149054080263,124242974,92324400,524288,40372,0.21187593472010766,28560248,106236788,7,0,greedy,False,8a01003bf389f93f7eda92e648ee55eba5957e8feea102bc0dba82d9737d1ab3
case_072,5,23897828.0,4809646,4809646,4820122,4.968729091496547,4.968729091496547,1.0021781228805613,129444980,88998416,524288,59158,0.19647711186272657,27525516,112569764,10,0,greedy,False,d07d64c28bdaaa75e27930c051b7479f864bf0a4972040524bbea952d083e6e1
case_073,1,10081626.0,8209463,8209463,8209463,1.2280493864214992,1.2280493864214992,1.0,188416,188416,520704,0,0.0,0,3975552,22,0,greedy,False,00f02bf893a07a867eed7dfedd67f39b41a287ba1758959232f26186504d2f73
case_073,2,10081626.0,4145668,4145668,4145668,2.4318459654752864,2.4318459654752864,1.0,3884288,0,459264,0,0.4841993036698929,3720448,3963264,21,0,greedy,False,9d001888ae92990271b7aa10c6fb1f1dc11fc5151f0ec7d4d6e3eb4e1e0bf738
case_073,3,10081626.0,2794261,2794261,2822777,3.607975776063868,3.607975776063868,1.0102052027351776,7475968,0,401920,0,0.3180551009582285,3607040,7733888,24,0,greedy,False,8e7299af7f0a8521ba9c99374c7550cdea0db064adfe134825917f3c0238d0cb
case_073,4,10081626.0,2116842,2116842,2200563,4.76257840689102,4.76257840689102,1.0395499522401765,11164800,0,377344,0,0.7418076020008847,11161344,3884800,24,0,greedy,False,8ca75473cce328fb90d4b9cda401db84e1da01c01543a6bfc21ddffeea3b50c0
case_073,5,10081626.0,1716184,1716184,1852235,5.874443532861278,5.874443532861278,1.0792752991520722,14902784,0,360960,0,0.7653575299787984,14370304,4405632,24,0,greedy,False,7de0b293d1da7cca2b9ee2574d930230d9011248911388380114da83d93d9f99
case_074,1,1682239.0,1678120,1678120,1682239,1.002454532452983,1.002454532452983,1.002454532452983,6070280,6070280,524288,122900,0.16680485013829857,1642496,8204316,13,0,greedy,False,b02f51279acc25929809f62ef45cdf9fd885f724ef2eaef7f79e4e06947e6913
case_074,2,1682239.0,818777,818777,822984,2.0545752995015736,2.0545752995015736,1.005138151169366,7094272,4792320,524288,122892,0.2677218820954363,2908160,7954456,24,0,greedy,False,b7ce32a29ec6a174d2c5b3093d5c8d95819d8705f950a94390a79da19d5d9df6
case_074,3,1682239.0,546634,546634,548098,3.0774503598385756,3.0774503598385756,1.0026782088197954,8114176,3461120,524288,122892,0.2474934496519421,2932736,8917016,24,0,greedy,False,6e4e83f864ae57b46360e81053955723160719fc4dcc916eda659f1f0c05fe1a
case_074,4,1682239.0,410399,410399,413456,4.099032892380342,4.099032892380342,1.0074488485595725,8781828,2105344,524288,122892,0.3461782503525361,4341760,8200218,24,0,greedy,False,49165a9032d04190725215c09b8147d0306e8de2e266992e02ea0995e24ae551
case_074,5,1682239.0,339417,339417,346659,4.956260293385423,4.956260293385423,1.0213365859694712,8921088,1089536,524288,122896,0.3581358465052651,4534272,8126488,24,0,greedy,False,be8c44f5561877e4d12f86cb68fc86f0b7fec66c608e04cbc75eb39323441747
case_075,1,1441809.0,1307188,1307188,1307188,1.1029851865225202,1.1029851865225202,1.0,0,0,130304,105348,0.0,0,1819782,18,0,greedy,False,3695def615c45cc94ed503b8f74bf2528a3afda4c019233ae824de7bf9e2b1a1
case_075,2,1441809.0,733447,733447,733449,1.9657984830533086,1.9657984830533086,1.0000027268500655,1407622,0,47872,52964,0.12799254062378068,345094,2351110,24,0,greedy,False,4995968ef3082ef42e5f8a21d82d3eb2730e90b4a2ab014fb0f347c5f5129a77
case_075,3,1441809.0,546687,546687,546846,2.6373573909750916,2.6373573909750916,1.0002908428406017,3968268,0,49920,28804,0.384845226632351,1713030,2738188,24,0,greedy,False,8cb76fe3e43984d17606a755ae6128c390df409ee54716f05041ef3743c75e2f
case_075,4,1441809.0,397884,397884,398063,3.6236918297795335,3.6236918297795335,1.0004498798644832,3478674,0,35840,22660,0.3272934689339165,1382286,2841098,24,0,greedy,False,9d107017d2fa32d0ae8afb02453cf30fd1e1d1585b3e8711cef88d6e5c71530c
case_075,5,1441809.0,354593,354593,358525,4.06609549539895,4.06609549539895,1.01108876937785,5704214,0,35456,28866,0.28481564847714563,1600918,4019974,25,0,greedy,False,9f860e700d4cea87ab0413c76a69f9dfe7a6fe7e1d53b21088debf8a9121a9f4
case_076,1,6185113.0,6183098,6183098,6185113,1.0003258884138664,1.0003258884138664,1.0003258884138664,28280832,28280832,524288,8192,0.13357661937269952,4347904,28201984,6,0,greedy,False,906537f45248d4fe0114ea7ed18e61d05ad0d55d1c5fb682fee585fb65cd667a
case_076,2,6185113.0,3067211,3067211,3069464,2.0165267404166194,2.0165267404166194,1.0007345435315667,30744576,26670080,524288,8192,0.2583862194016319,9047040,25966592,8,0,greedy,False,3330d4ecb6b07fef4f5917c4ba2f0e918ed46a479297ba8968bcf70ecb9d4131
case_076,3,6185113.0,2057661,2057661,2061609,3.0058950429638314,3.0058950429638314,1.0019186833982858,35117056,26968064,524288,8192,0.3286015131425006,12942336,26443776,8,0,greedy,False,e79f666f522d70cb354a7c78834ee6c7ce6a9df83f78852c83b33b8fcfc03471
case_076,4,6185113.0,1543754,1543754,1550883,4.006540549854446,4.006540549854446,1.004617963742928,36226048,24002560,524288,8420,0.32289837367336033,12991488,27242496,7,0,greedy,False,46db358e106d4c1aa90212018da66185c7f621a5f1f4e465d3a659223306e4ab
case_076,5,6185113.0,1232145,1232145,1238120,5.019793124997464,5.019793124997464,1.0048492669288112,37194752,20896768,524288,8192,0.3573792354045244,14818304,26645504,6,0,greedy,False,6d29f32bc5073e990dd9998278350b0e129a6ebcd76934b9568c38275d00dccd
case_077,1,495320.0,490809,490809,490809,1.0091909480062509,1.0091909480062509,1.0,0,0,107168,67768,0.0,0,2141260,24,0,greedy,False,1c89f5adcdde9434bbb311d431d38606cf690cc103203ddf4f754a3062c129ba
case_077,2,495320.0,250631,250631,250735,1.976291839397361,1.976291839397361,1.0004149526594874,57344,0,107072,36864,0.026082004763022353,57344,2141260,24,0,greedy,False,ccd519c0c992d442c7b4b65d1d3d54404cbca9f2e4a4afbd3f646d33eb1957ed
case_077,3,495320.0,178517,178517,178626,2.774637709573878,2.774637709573878,1.0006105861066452,114688,0,106784,50212,0.050838051231677325,114688,2141260,24,0,greedy,False,a0f240d9924feed3bfef4b32ab97e7f2d0d1f0a2eb9f892eb9ab12f01e242690
case_077,4,495320.0,144734,144734,144734,3.4222781101883455,3.4222781101883455,1.0,172032,0,106496,36864,0.04957783107363878,114688,2198604,24,0,greedy,False,a751761be8953b8309d0e2a08e7365a5ea90196f4e8a4d12c3072fc9ef50b948
case_077,5,495320.0,121081,121081,121081,4.090815239385205,4.090815239385205,1.0,172032,0,106496,36864,0.0,0,2313292,24,0,greedy,False,c5e2eb7f980d9bb5a363789ec3f19aa5affac7471dba14caef473ed9807ca8b8
case_078,1,2296143.0,2065085,2065085,2065085,1.1118878883920031,1.1118878883920031,1.0,0,0,400128,0,0.0,0,2246784,16,0,greedy,False,29975eed73c6cb91da5d0f8e9216255f8fa06ac708ebeaf599f92ed5ba19db1d
case_078,2,2296143.0,1024634,1024634,1024634,2.240939691636233,2.240939691636233,1.0,2148480,0,430848,0,0.0,0,4395264,23,0,greedy,False,7ecda46a710ff7205e415e82cc63296778c1233938a604b2be9946782b3a9ff5
case_078,3,2296143.0,759650,759650,759650,3.0226327914171,3.0226327914171,1.0,4849920,0,406272,0,0.6298420697032825,4295664,2524560,21,0,greedy,False,35994e7c91498230ed46b436a3093219a072abddfe35db67ccdcbe9d7063a78f
case_078,4,2296143.0,520320,520320,520320,4.4129439575645755,4.4129439575645755,1.0,6445440,0,381696,0,0.0,0,8692224,24,0,greedy,False,855e676e6ac094b24b762eb0886b7ff78e7ef3e829c8c61876a0b018d9310076
case_078,5,2296143.0,505551,505551,531355,4.541862245352101,4.541862245352101,1.0510413390538245,9146880,0,381696,0,0.7500064764602259,8337960,2779224,25,0,greedy,False,b823a4c0054f4d132f68fb8512f857cf0ec4d1ec5bc51c6413d894772fe4d106
case_079,1,31052251.0,31052251,31052251,31052251,1.0,1.0,1.0,32448512,32448512,524288,0,0.0,0,38260736,7,0,greedy,False,1acd8e64b3eba2173611c94b57450892ab8b46cd571b84a93ebe557a557fa7a2
case_079,2,31052251.0,15390110,15390110,15390110,2.017675702122987,2.017675702122987,1.0,32317440,28569600,524288,0,0.0,0,38080512,16,0,greedy,False,5cdd49ba38e65961916c9cf08bb79ee784daf191e8861fd9d1959b3dadd49bca
case_079,3,31052251.0,10173788,10173788,10174273,3.0521818422007616,3.0521818422007616,1.0000476715260824,40306688,28633088,524288,0,0.13635757764251122,6285312,39809024,13,0,greedy,False,4d81e6e1a7bc09d1e69f0ca40479f2584cdcfff05186904b9b6396e015818a8d
case_079,4,31052251.0,7619754,7619754,7619754,4.075230118977594,4.075230118977594,1.0,30982144,19935232,524288,0,0.18760450339984394,6893568,29851648,14,0,greedy,False,547b3f510cf4c9c3ec5e8712ea012d73d9248b9191522d5cf835a1e067ac5fae
case_079,5,31052251.0,6075472,6075472,6075976,5.111084537958532,5.111084537958532,1.000082956517617,47677440,24428544,524288,0,0.2441611149398882,13060096,40429568,11,0,greedy,False,996703d5d1b6b10988a3d350dcf13a54e8852e086319ee4a6a675128387fa2b3
case_080,1,292138.0,291826,291826,292138,1.0010691302351402,1.0010691302351402,1.0010691302351402,548864,548864,524288,0,0.1686143572621035,413696,2039808,7,0,greedy,False,a771387827ddd8112fee5b7fd5c49d10d61d67a3c6bc59e36ba1eba28d01a2be
case_080,2,292138.0,145674,145674,145926,2.005423067946236,2.005423067946236,1.0017298900284197,2191360,286720,524288,0,0.436,1785856,2310144,23,0,greedy,False,fc2b5f2ca1ae368c15b31e343c2bc567c618cdff7ebafaae0a0a18b28bc8f338
case_080,3,292138.0,100098,100098,100098,2.9185198505464647,2.9185198505464647,1.0,983040,0,491520,0,0.0,0,2740224,24,0,greedy,False,91fc14f59286eb1b1d6aad53d6d11b37bd23a1eda3afdb08744017c7b780f801
case_080,4,292138.0,78988,78988,108348,3.698511166253102,3.698511166253102,1.3717020306882057,4460544,0,200704,0,0.4484808454425363,2781184,3420160,24,0,greedy,False,a489cb3e8c8ec8d0e6542c3aba332b1d0a8d879f22b7ca902200490367972492
case_080,5,292138.0,69084,69084,116720,4.228736031497887,4.228736031497887,1.6895373747901106,4980736,0,151552,0,0.5406403940886699,3596288,3055616,24,0,greedy,False,6c203136d0bbd0895223dce51e615a7bdeaa042f24f03e732c98b9eda0fb2c43
case_081,1,151795.0,151795,151795,151795,1.0,1.0,1.0,0,0,0,14340,0.0,0,1044820,9,0,greedy,False,a99f8cb4f2f3c9330df5e3fc99547a33e5589295870de36205af4f8d3c1ee67c
case_081,2,151795.0,76860,76860,76860,1.9749544626593807,1.9749544626593807,1.0,0,0,0,14340,0.0,0,1044820,16,0,greedy,False,b7e6a3b5035f9799e42ecb4781b51865028c011698668214f8e11e4f2be19793
case_081,3,151795.0,51943,51943,51943,2.9223379473653814,2.9223379473653814,1.0,0,0,0,14340,0.0,0,1044820,24,0,greedy,False,ad60bb1b5dd0edcc1c0e039f392dd4559260de303faa5973a5d89d4de5457987
case_081,4,151795.0,39588,39588,39588,3.834369000707285,3.834369000707285,1.0,0,0,0,14340,0.0,0,1044820,24,0,greedy,False,318fff4a49a7de6af635cc25feaad478f552ed34991de00c3c273f313fe4e10b
case_081,5,151795.0,30943,30943,30943,4.905632937982743,4.905632937982743,1.0,0,0,0,14340,0.0,0,1044820,18,0,greedy,False,f9e651df6a8229a7879066c19329096daf7d234ff4a05bd6b9f88f0a1a712f81
case_082,1,721041.0,667395,667395,667395,1.080381183556964,1.080381183556964,1.0,509194,509194,237056,131072,1.2180149279909574e-05,10,820998,24,0,greedy,False,e220208f124a833159bbb8a73d9bedeeea7f34ee6422139f9486a6f89d2eac03
case_082,2,721041.0,363831,363831,363831,1.9818019904845932,1.9818019904845932,1.0,593542,0,53504,84068,0.1339283784192755,123910,801286,24,0,greedy,False,3c069af0db5f54277de636f55779a138b05fdcd696a28eb21f5f93cb46f4d492
case_082,3,721041.0,243315,243315,243604,2.9634054620553605,2.9634054620553605,1.0011877607216981,1655020,0,82944,57060,0.3518425375119283,558220,1028342,25,0,greedy,False,e76510bc522ac10397bcfb211dad1570331102628ea9c88d5fa7e793cb43ef75
case_082,4,721041.0,200364,200364,200407,3.598655447086303,3.598655447086303,1.0002146094108721,1373330,0,46080,32452,0.32712691771269176,478482,984198,25,0,greedy,False,5abf7bec66524803403418e23f3116e485248e7489f246437a7d4d24492def45
case_082,5,721041.0,185171,185171,185479,3.8939196742470474,3.8939196742470474,1.0016633274108797,2773528,0,52352,31556,0.5339353935274856,1259796,1099658,28,0,greedy,False,a19e38abec72e0d870c5fa4e9368d2e7044e9644bd6e38be52ff7bb58be95bff
case_083,1,1057993.0,835352,835352,835352,1.2665235732960476,1.2665235732960476,1.0,131072,131072,517120,0,0.0,0,1249888,24,0,greedy,False,27251497a5c1867ea62b4a5b13113d016b1a0102a7af63bd5944a77ee8004a82
case_083,2,1057993.0,412089,412089,412089,2.5673895687582053,2.5673895687582053,1.0,1192256,0,410112,0,0.38137175266840523,856384,1389152,24,0,greedy,False,affe1fb28fbe097bdd29c42596420ace171bb43ef9897ea2906b41fdd3302a87
case_083,3,1057993.0,284243,284243,284253,3.722142673698209,3.722142673698209,1.0000351811654113,2400896,0,328192,0,0.18935042619532585,627680,2687232,24,0,greedy,False,34f0a39aca6922c76971f745ecb6db02c577d252855dd76b94ad8425e9e66ad5
case_083,4,1057993.0,210963,210963,210963,5.0150642529732705,5.0150642529732705,1.0,2791200,0,279040,0,0.7018738529894717,2790336,1185216,24,0,greedy,False,0ea07431e5c36aab0cad924ca4fa7407633f7388a8ae137f8a816d1f5cae06f6
case_083,5,1057993.0,181628,181628,181470,5.825054507014337,5.825054507014337,0.9991300900742176,4179488,0,262656,0,0.7354909879590158,3776352,1358112,24,0,greedy,False,3af5354bee7d8b6891342a00c47b0d4b11dd80374b3a9eaf325d2e99b0283627
case_084,1,2507412.0,1371156,1371156,1371156,1.8286847010843406,1.8286847010843406,1.0,9676800,9676800,10752,129120,0.0,0,14766186,8,0,greedy,False,d2cc4ac3dab89e3544e6c283b9ab3cc68eca55db606ce533cd94520820d5afbb
case_084,2,2507412.0,686924,686924,686924,3.650202933657872,3.650202933657872,1.0,9427968,9427968,10752,129120,0.0,0,14641770,21,0,greedy,False,38c7f4c3705cbd2433ffc5bd6e42559d80f02ed4066f176463be3fe9dc7d18de
case_084,3,2507412.0,458172,458172,458172,5.472643461407507,5.472643461407507,1.0,9179136,9179136,10752,129120,0.0,0,14517354,24,0,greedy,False,8691a50b373dcfae0b65b194d279d4eb97f90e56590787d9c9317ba869708ea9
case_084,4,2507412.0,384788,384788,384788,6.516346663617369,6.516346663617369,1.0,8930304,8930304,10752,129120,0.0,0,14392938,24,0,greedy,False,2847b88986da3ae7e8088ecd41c69d3e2c5cbd8f651e1ae246dc15824196dc9d
case_084,5,2507412.0,375094,375094,375094,6.6847563544071615,6.6847563544071615,1.0,8681472,8681472,10752,129120,0.0,0,14268522,24,0,greedy,False,28fd9fd646b37033881611daa83eab3a31e81c3ff12e23df4c5e4105974671db
case_085,1,3187899.0,3184392,3184392,3204030,1.0011013091353074,1.0011013091353074,1.0061669543196943,7475746,7475746,365056,131072,0.2158691726040447,1305240,4741200,12,0,greedy,False,1a7dfb936aebae07632fd1b66bf85730b25baaf6f820fef39b1788dc3cfddefa
case_085,2,3187899.0,1660634,1660634,1660638,1.9196879023312783,1.9196879023312783,1.000002408718598,2179718,0,67328,71684,0.1129502236944286,328710,2581510,15,0,greedy,False,943620aa1d27eb8222688912b678d32fa14c7757b0794a688fb33ffaaec183fd
case_085,3,3187899.0,1126373,1126373,1126371,2.830233856812974,2.830233856812974,0.9999982243892565,5683212,0,102784,55748,0.3915372286538827,1991948,3095558,16,0,greedy,False,4ed02adb0741953a1d9d2f5285e79f25c9430518a45393b47d38838691545bb9
case_085,4,3187899.0,835476,835476,835931,3.8156679545552477,3.8156679545552477,1.0005445997251865,4919442,0,57344,44292,0.31017976599251595,1464850,3257734,18,0,greedy,False,88de15d712e756d651ac8b0d05b47f153dfd20b2f71f294115ad2b46f60cc5d6
case_085,5,3187899.0,744845,744845,746292,4.27994951969873,4.27994951969873,1.001942686062201,10855448,0,90752,37252,0.5254370581022013,4350870,3929608,17,0,greedy,False,69cd0c5e57ab9b97a22b161c1c689cd409b4303b6a8b0101e7f0ef948de06bdc
case_086,1,118403.0,104652,104652,104652,1.1313973932652983,1.1313973932652983,1.0,72390,72390,169088,131026,1.679148335963999e-05,6,357318,24,0,greedy,False,599ac7df11d5ddaf3cefa3475e6cb5bc1c41581739e5d7c8fe2e8c0472514154
case_086,2,118403.0,60966,60966,60967,1.942115277367713,1.942115277367713,1.0000164025850473,418278,0,38112,81572,0.15737723953744118,92162,493450,24,0,greedy,False,d74f33808ea0a6b7f771dbfe9cad00c66c23e7b5eae52655ccaa1178f391e297
case_086,3,118403.0,46467,46467,47689,2.5481094109798352,2.5481094109798352,1.026298233154712,1096140,0,46464,25348,0.43602642305635886,455052,588582,24,0,greedy,False,b942bfc4ab242b0dff5403cb3f721cef900faad685be86f899609811d577b66a
case_086,4,118403.0,34728,34728,35706,3.409439069338862,3.409439069338862,1.0281617138908086,971058,0,28800,20596,0.29648655039423366,290896,690248,26,0,greedy,False,00cf0908f50e8956a1e652cc32698ab5a84f704d691d9b3b0ce7f43c5c75f17b
case_086,5,118403.0,34630,34630,35404,3.419087496390413,3.419087496390413,1.0223505630955818,987956,0,28800,20596,0.32189564609324633,318546,671048,55,0,greedy,True,54c3bc47db6cd9fc405b26b785ba3a46471b2d32e82b26d2893618f7f64ea5bb
case_087,1,3974071.0,3967587,3967587,3971879,1.0016342426769722,1.0016342426769722,1.0010817658188718,7928448,7928448,520704,128974,0.18319726059954888,2534400,11299868,7,0,greedy,False,1e2d51262527ecc2d51858731474261b86444ab73eb03eaf0287403ee8a7b216
case_087,2,3974071.0,1983266,1983266,1985619,2.0038013055233135,2.0038013055233135,1.0011864268333144,10001664,7997184,520704,72714,0.20985984468059818,3340800,12578396,8,0,greedy,False,f04a01196f6409d295d0f5d4c74550394d52267843e7730067223c2510c3c51c
case_087,3,3974071.0,1356517,1356517,1358472,2.929613856663794,2.929613856663794,1.0014411909323657,16394342,6784848,520704,63992,0.3851504422851614,7994208,12761858,8,0,greedy,False,7aaec8fa9151b58d6f720e200502ddfba2f3138c1040c6c645b3df53059584fa
case_087,4,3974071.0,1021202,1021202,1025060,3.891562100348413,3.891562100348413,1.0037779009441814,22413298,6674976,520704,42632,0.493625108353013,12570348,12895026,9,0,greedy,False,572aa72a60b4f8e434855e696efa6e7ebe60f162e8cf5351a0ada13377206854
case_087,5,3974071.0,852871,852871,885740,4.659639030990618,4.659639030990618,1.0385392398146964,25908378,5434800,520704,41432,0.5069576856598562,14296226,13903812,7,0,greedy,False,074ba9d3bcab23fbd9754c425e364db4d4fe87b86e7563e4adea43e505d647d4
case_088,1,243623.0,223964,223964,223964,1.08777749995535,1.08777749995535,1.0,329736,329736,120192,130992,0.012247818513041086,24580,1982308,19,0,greedy,False,3e2c47f7df27acbe72cff5087158052ef3910fcad8c47ff7edd8feec05f1835a
case_088,2,243623.0,135313,135313,135849,1.8004404602661976,1.8004404602661976,1.0039611862866096,850054,0,97152,43638,0.18078630320797973,454854,2061122,24,0,greedy,False,eb00c349d6650c7c81d8039d68a679de1067af6f023cfefd36c0d328d742ddfe
case_088,3,243623.0,95879,95879,96111,2.54094222926814,2.54094222926814,1.0024197165176942,1473104,0,84672,40932,0.3074813000078188,943820,2125700,24,0,greedy,False,ce5f3188f83a0694268b7b74546fa8084f00ba396803c313244b39a634af3d2b
case_088,4,243623.0,81446,81446,86709,2.9912211772217177,2.9912211772217177,1.064619502492449,2037046,0,85248,37060,0.2549322668360313,870222,2543320,55,0,greedy,True,bd1efb9d061b84b9d0708da0d4d9b9e70382ae11da4424d84d6e473e37fdcf58
case_088,5,243623.0,75845,75845,86863,3.2121168171929595,3.2121168171929595,1.145269958467928,2220472,0,78400,36868,0.35416680662765676,1265234,2307190,55,0,greedy,True,9806104e25da13f34add44affa1c2fd93bfbd4bc90e09b292e91d877fc15aba4
case_089,1,693092.0,595298,595298,595298,1.16427738712376,1.16427738712376,1.0,0,0,495688,0,0.0,0,402560,14,0,greedy,False,195f2e4a23bd9fb8512e2618d63ea2b5dcde2f492c34d05de85d1c00f7c6aaae
case_089,2,693092.0,295856,295856,295856,2.3426667027202424,2.3426667027202424,1.0,238720,0,249928,0,0.0,0,641280,24,0,greedy,False,3a31db72588bb25857d2675ec482b438f4238fcbf6bdb5c07fb2606f3938433e
case_089,3,693092.0,205090,205090,205090,3.379452923106929,3.379452923106929,1.0,1797888,0,122952,0,0.32223884318125157,496320,1043904,24,0,greedy,False,75196b22714ff00c93e09838e5e6f68477a00e49181ef1f84b1d08cd4806fd3d
case_089,4,693092.0,148856,148856,148856,4.656124039340034,4.656124039340034,1.0,716160,0,127048,0,0.0,0,1118720,24,0,greedy,False,556c61f8ab9971413dc3ca1408816ab2cf00fefe679db46bae91181a0650e222
case_089,5,693092.0,120170,120170,120170,5.767595905800117,5.767595905800117,1.0,954880,0,102656,0,0.0,0,1357440,24,0,greedy,False,7a82131830d689a6bef1e0545f4a92dbb1dd93b2cf8f54df0b0df670f1f8ad67
case_090,1,1178363.0,842323,842323,842323,1.3989443479520327,1.3989443479520327,1.0,0,0,411840,0,0.0,0,2188416,14,0,greedy,False,f5157b23fd59d1feb2cd4dc1d3c30e83f6cdf7acf3b627cdd9eea010c2ab5fc3
case_090,2,1178363.0,451762,451762,451762,2.608371222015132,2.608371222015132,1.0,2165760,0,374976,0,0.40807117925153535,1773288,2572248,24,0,greedy,False,90ef40d87594090998d54bb36a0ac7c4f06828f038c425bc82384839dd6fe228
case_090,3,1178363.0,318063,318063,330375,3.7048100533542097,3.7048100533542097,1.0387093123060527,4622952,0,342912,0,0.4777918804670521,3171120,3465912,26,0,greedy,False,896f7381a8db2373406cb33974a11f10df3917b68599bdc1c7def52834a5c5d7
case_090,4,1178363.0,246034,246034,288584,4.789431541982003,4.789431541982003,1.172943576904005,6322176,0,351936,0,0.3828912571764387,3252456,5242008,24,0,greedy,False,e4cf7c58d765e8053ca82739ea4b03e78fb9831b26cbdafc7bbabd925aad4978
case_090,5,1178363.0,196947,196947,257160,5.983147750410009,5.983147750410009,1.3057319989641882,8593920,0,350400,0,0.49158401296342463,5300424,5481912,24,0,greedy,False,c695389638b3f7ac28583e8f1f921cfadd3d899ddb03e9b3d4346c9ad371e14f
case_091,1,9186769.0,9163162,9163162,9173281,1.0025762940783978,1.0025762940783978,1.0011043131181137,53643392,53643392,523776,4100,0.09818631053175288,5900416,54193664,10,0,greedy,False,8069a7d0210b819d4dd86c279fb119f7be88f9c9ddd27fd80b00271ae0ce5431
case_091,2,9186769.0,4568939,4568939,4581348,2.0107007338027496,2.0107007338027496,1.002715947838218,57144704,50531200,523776,4100,0.21055694617012666,13383552,50179072,10,0,greedy,False,3f87f6901a4e5881c5c9834b85de07560cdcf6b69355c93ec58070f407c34c9b
case_091,3,9186769.0,3047058,3047058,3049184,3.01496361408283,3.01496361408283,1.0006977221962956,62702240,49745568,523776,4100,0.1919767885422326,13286176,55921024,9,0,greedy,False,dcccd8805473e14390d3d1eebd762991248a067d16f64c8bde96a903e9e7dbd2
case_091,4,9186769.0,2296610,2296610,2331067,4.000143254623119,4.000143254623119,1.0150034180814331,65372064,45878592,523776,4100,0.31423822853032607,22549504,49209760,8,0,greedy,False,6246b0836a4ac36a8a050bf8bd2a1d1425730c048da69dcde7ac84cccc5489f3
case_091,5,9186769.0,1846939,1846939,1876296,4.974051119176107,4.974051119176107,1.0158949483442605,69999104,43844096,523776,4100,0.3388379033231008,25883616,50505760,5,0,greedy,False,060777317d1da694fccb32f2a8e0e29cb1ffb302478ec07d8a187b434c89f160
case_092,1,4815554.0,4007801,4007801,4007801,1.2015451865000284,1.2015451865000284,1.0,12955648,12955648,524288,0,0.0,0,8571488,14,0,greedy,False,18d62b68838c691ffa3e4564d7d306bc69287ef12a6bf29ca205cc8a020fb331
case_092,2,4815554.0,2010779,2010779,2011936,2.3948698489490887,2.3948698489490887,1.0005753988876949,10605152,9641984,524288,0,0.07127447388773558,560320,7301120,19,0,greedy,False,03294ad9e3a64da6569bde0a9defb9fadbdef956bc2736b6829341cba210da8d
case_092,3,4815554.0,1348359,1348359,1350330,3.5714182943859907,3.5714182943859907,1.0014617768709966,8389824,6365184,522240,0,0.1288781123527769,930368,6288608,13,0,greedy,False,13dc7bcb4d2e331a98666cad73bcfbbd75fbcf1ae50d410c2c35e2afe85099f8
case_092,4,4815554.0,976594,976594,998029,4.930968242688364,4.930968242688364,1.0219487320217,6264608,3473408,517120,0,0.28093406274767546,1860224,4761344,20,0,greedy,False,708c113866f2e30864b25fbadcf26c6503eada7e2b6334b18f765556130d2ff3
case_092,5,4815554.0,798824,798824,798425,6.028304107037345,6.028304107037345,0.9995005157581645,3983744,229376,517120,0,0.21851977419372198,1299392,4646944,9,0,greedy,False,97735d53163ba6d17798c19f819389739df9ea09f0af9898c978be77d2eca94b
case_093,1,74205.0,74205,74205,74205,1.0,1.0,1.0,0,0,20480,0,0.0,0,573440,2,0,greedy,False,a362e021ae414498dd346e4bc8e6b78da392e950324de1b529b931302c9673d6
case_093,2,74205.0,37827,37827,37827,1.9616940280751844,1.9616940280751844,1.0,8192,0,20480,0,0.0,0,581632,14,0,greedy,False,ea3740e6bdc0a8c835e08e75b310873b6521b79cb3c29b795e9527c70a588af3
case_093,3,74205.0,25103,25103,25103,2.956021192686133,2.956021192686133,1.0,16384,0,20480,0,0.0,0,589824,24,0,greedy,False,0356ba69735ce3264c8df2a9bc3f9a82af3de9684a70755fbbb3bfa6d1ada48d
case_093,4,74205.0,19779,19779,19779,3.751706355225239,3.751706355225239,1.0,24576,0,20480,0,0.0,0,598016,24,0,greedy,False,824d8f0d5fdbde46ea60ee04878ff2aa689590fcab47f214b9fe8f2d02efbeea
case_093,5,74205.0,15876,15876,15876,4.674036281179139,4.674036281179139,1.0,32768,0,20480,0,0.0,0,606208,24,0,greedy,False,bb04b671cbb27a4803367444f50eed9586fa80cae2848109ccd3c4a1ea4efe70
case_094,1,94892.0,94739,94739,94739,1.0016149632147269,1.0016149632147269,1.0,94212,94212,133632,131072,0.023424543156594445,12288,512290,13,0,greedy,False,b441b4c0c87e4ed5ecd8aaca0db7c8c429aa8571880dd1ea6d83e203b25ef768
case_094,2,94892.0,45604,45604,45604,2.0807823875098674,2.0807823875098674,1.0,247608,0,74496,104448,0.05538012520617324,36128,616236,24,0,greedy,False,d405aabf80767f2f1a92717ff5b5f83a71b15e08af186f920c52c503a1a87104
case_094,3,94892.0,34843,34843,36263,2.723416468157162,2.723416468157162,1.0407542404500187,462404,0,80640,114688,0.24579260523624513,203328,623906,25,0,greedy,False,3d6e67a4c78817f9780b675fddf03db1a260c19df6b17584510a0963ff452bfe
case_094,4,94892.0,29056,29056,33045,3.265831497797357,3.265831497797357,1.1372866189427313,691560,0,77568,102400,0.35371964893823193,357728,653604,25,0,greedy,False,63247a2733deda009c617b3645c5cc3606aadda27318752e718c394b6d00ac5e
case_094,5,94892.0,25370,20019,21093,3.7403232163973197,4.74009690793746,1.0536490334182527,268416,0,80640,40960,0.25549922856513113,185472,540448,54,0,branch,True,f50d64450e448b06f428e035fb7b1bfab8df33973e6385024d8168e96c84d7c6
case_095,1,2084853.0,1144413,1144413,1144413,1.8217662679469737,1.8217662679469737,1.0,16809984,16809984,30720,129216,0.0,0,16921500,8,0,greedy,False,fa0d697bbddbd9a05e98296b017591f6fa1db394c83965548d7e40530e3e459a
case_095,2,2084853.0,573788,573788,573788,3.633490069503022,3.633490069503022,1.0,16588800,16588800,30720,129216,0.0,0,16810908,21,0,greedy,False,82f55af70a98f6058232dbd806d390cf1af42c4745408fbf82c301cd687459f9
case_095,3,2084853.0,474501,474501,474501,4.393779992033736,4.393779992033736,1.0,16367616,16367616,30720,129216,0.0,0,16700316,24,0,greedy,False,2de9f8a4c323331de18fbc694051f5d5c633f9663806316fe7c1b6489bdeb0f4
case_095,4,2084853.0,468207,468207,468207,4.4528445751558605,4.4528445751558605,1.0,16146432,16146432,30720,129216,0.0,0,16589724,24,0,greedy,False,bed6abc874418f0c5a962283ce06e4faefae40343ff22b14fc59403695a8251e
case_095,5,2084853.0,420852,420852,420852,4.953886401870491,4.953886401870491,1.0,0,0,36864,37056,0.0,0,8516508,24,0,greedy,False,25179a6175ef09d05c628dfcdfc270528766fdad99158b21ddc5573bb6e677fa
case_096,1,84194.0,76345,76345,76553,1.102809614251097,1.102809614251097,1.002724474425306,168460,168460,246784,131072,0.10540604875287093,32768,278106,7,0,greedy,False,0673941d6bcbef28424b36a12b59a2f58b3f37d1469c5b1300f455314d9e84ec
case_096,2,84194.0,45512,45512,46054,1.8499296888732641,1.8499296888732641,1.011908947090877,676784,0,109312,86016,0.1758662650362066,105792,495756,24,0,greedy,False,6476e86493341496e3ea07c09d623b33a8595b9831f1a672323bb3bbf83b0b04
case_096,3,84194.0,33645,33645,33645,2.502422351017982,2.502422351017982,1.0,67392,0,72576,69632,0.2427211041159437,67392,210260,24,0,greedy,False,402cd989532f391c811888fde828676865c612a513f6ffcc415e9ca0136f26c7
case_096,4,84194.0,26984,26984,26984,3.120145271271865,3.120145271271865,1.0,78336,0,72576,20480,0.2714382735727453,78336,210260,24,0,greedy,False,3f2fc1c6b0d37a5a7227f52a6052a5391e03099c4d3cbfa1cab6486907a24f45
case_096,5,84194.0,26984,26984,26984,3.120145271271865,3.120145271271865,1.0,78336,0,72576,20480,0.2714382735727453,78336,210260,54,0,greedy,True,bd1682bb5184ab77465c622fe2a82fd91dff7f7bc24a5ea9752153ec5eff505a
case_097,1,11491509.0,11491509,11491509,11491509,1.0,1.0,1.0,10584064,10584064,524288,0,0.0,0,14843904,14,0,greedy,False,9e72258da64b8f13e0cd28dbf907b30806296ad1503f201dac9f31b973f98b78
case_097,2,11491509.0,5562335,5562335,5562335,2.0659505405553604,2.0659505405553604,1.0,12115968,9560064,524288,0,0.13791361454912857,2236416,13979648,24,0,greedy,False,f5ae4ba4c16667ba68fe3b06196a9b5f63c1ff660165a3d7e12ff60f95e6b7e7
case_097,3,11491509.0,3633841,3633841,3635098,3.162358782346283,3.162358782346283,1.0003459149698624,16670720,7831552,524288,0,0.21968053638335633,4562944,16207872,24,0,greedy,False,a75b71809e87315a4b1f7b297482017e89d266eab0449c408ffb0ec310167645
case_097,4,11491509.0,2610557,2610557,2616285,4.401937594160939,4.401937594160939,1.0021941677580686,15790080,7163904,524288,0,0.2825449979070741,5529600,14041088,24,0,greedy,False,44598f930d31966d927206d52363fb854c99c0230468f6b7dcf9e2cf86e6eef5
case_097,5,11491509.0,2102004,2102004,2102204,5.466930129533531,5.466930129533531,1.0000951472975312,21950464,4591616,524288,0,0.20251572327044026,5275648,20774912,24,0,greedy,False,873ab0e4b43faef606fdc071b8e189163738fdf779c17ebf45497e8a8d105765
case_098,1,177430.0,177430,177430,177430,1.0,1.0,1.0,0,0,229376,110620,0.0,0,697912,6,0,greedy,False,433c381122151bc9df910934d44abf566fcc5394b5f6954ca2bef8fdbca59e2c
case_098,2,177430.0,89756,89756,89756,1.9768037791345425,1.9768037791345425,1.0,0,0,229376,110620,0.0,0,697912,7,0,greedy,False,ad7d6e8c72638e92420f212facb5eab588fb2ac4ec43e3abac2f1d3dcada2e99
case_098,3,177430.0,79320,79320,79326,2.2368885526979323,2.2368885526979323,1.0000756429652042,1605796,20480,131072,122890,0.33909873109392175,610316,1189502,54,0,greedy,True,0517f889b7cfd94919017c61f9440cc2c52232c42fe39cb1fe38dc4bf7140999
case_098,4,177430.0,58495,58495,60423,3.0332507051884776,3.0332507051884776,1.0329600820582956,1991692,0,94208,126984,0.15551407585512336,294934,1601576,24,0,greedy,False,1dea6489d58e5a51a9fac0cd76d9febd141aca35611156b67b829863d4d86ba2
case_098,5,177430.0,68795,68795,69570,2.5791118540591613,2.5791118540591613,1.0112653535867433,1396952,0,98304,65542,0.3107102929815594,532504,1181324,54,0,greedy,True,9f92b0ff69f558a41b13cf7c29e4668b3c66854b4cc3c66c44f27122be868b3c
case_099,1,1622999.0,1618902,1618902,1622999,1.002530727616619,1.002530727616619,1.002530727616619,5484544,5484544,524288,6144,0.25235465023466686,2023424,5994752,10,0,greedy,False,239e9c5e5625b65e0ba031d314c722c5df34cba7a120378df84f8ff91ebe1a53
case_099,2,1622999.0,807009,807009,809769,2.0111287482543565,2.0111287482543565,1.0034200362077745,7057420,5152768,524288,6144,0.42663792875146256,4091904,5499142,24,0,greedy,False,a33e6d9ef01da9905c6f437240e1474bb29dcc65bb6dd31f7ee348291ddec9f7
case_099,3,1622999.0,537450,537450,539481,3.01981393618011,3.01981393618011,1.0037789561819703,8290764,4473984,524288,6934,0.47211525648397196,5108864,5712358,24,0,greedy,False,e6b728379a0d71b5c27cee5a430baff04dfae7241445d46490f83f09ee78ebda
case_099,4,1622999.0,403560,403560,405543,4.021704331450094,4.021704331450094,1.0049137674695212,9322504,3608576,524288,6144,0.5178673786695357,6139904,5716228,24,0,greedy,False,940d9c9df5bb49748d51cb4a9a52f9c831c0a4d2701981a48be068aec6c6bfe4
case_099,5,1622999.0,326037,326037,337144,4.977959556737425,4.977959556737425,1.0340666856829133,10706304,3080192,524288,6144,0.5316210884616872,7036928,6199808,24,0,greedy,False,f053962d957da2d029215a44454ae0755bea806ea3e830068a7abe04e0c9cc1b
case_100,1,151223.0,144355,144355,144355,1.0475771535450797,1.0475771535450797,1.0,622592,622592,390272,127672,0.037645180518829154,28672,732966,24,0,greedy,False,e5a9b3d784fd66dd5d35f3bcaaa4958e4c57ad88e62ade0cee14e208ac15d067
case_100,2,151223.0,80069,80069,80490,1.888658532016136,1.888658532016136,1.005257965005183,1833032,221184,253568,131072,0.1751152197899167,259968,1224586,24,0,greedy,False,d4458e81c4c84eb7ad192cc72117e7896caef4fa418ffccc99f3dfe64f4ab73e
case_100,3,151223.0,57811,57811,57811,2.6158170590372074,2.6158170590372074,1.0,72192,0,229376,81920,0.01712718271224995,8704,499494,24,0,greedy,False,3d74edf8da1572a5c810258533deadf6e93555126080c328a9f66dcea3fff888
case_100,4,151223.0,45587,45587,49225,3.317239563910764,3.317239563910764,1.0798034527387195,1605304,0,104192,65546,0.39612156272617927,608598,927794,24,0,greedy,False,28c92e6039f198d379ddb50529f225829e4db33faf97c6a805a5474126f5f520
case_100,5,151223.0,40014,40014,45895,3.779252261708402,3.779252261708402,1.146973559254261,1747800,0,109056,74754,0.4383162795462966,735848,942958,24,0,greedy,False,138bde9d99a716319b445c14ac074617a2f45a7eb7434598cde841d60422790b
