case,cores,evaluation_budget,completed_evaluations,best_cycles,speedup,elapsed_seconds_at_last_evaluation,stopped_before_budget
case_001,2,1,1,116868,1.9946435294520313,0.1653255999990506,False
case_001,2,2,1,116868,1.9946435294520313,0.1653255999990506,True
case_001,2,3,1,116868,1.9946435294520313,0.1653255999990506,True
case_001,2,4,1,116868,1.9946435294520313,0.1653255999990506,True
case_001,2,5,1,116868,1.9946435294520313,0.1653255999990506,True
case_001,2,6,1,116868,1.9946435294520313,0.1653255999990506,True
case_001,3,1,1,78545,2.9678528232223567,0.1627749999970547,False
case_001,3,2,1,78545,2.9678528232223567,0.1627749999970547,True
case_001,3,3,1,78545,2.9678528232223567,0.1627749999970547,True
case_001,3,4,1,78545,2.9678528232223567,0.1627749999970547,True
case_001,3,5,1,78545,2.9678528232223567,0.1627749999970547,True
case_001,3,6,1,78545,2.9678528232223567,0.1627749999970547,True
case_001,4,1,1,58984,3.952088702020887,0.15550470000016503,False
case_001,4,2,1,58984,3.952088702020887,0.15550470000016503,True
case_001,4,3,1,58984,3.952088702020887,0.15550470000016503,True
case_001,4,4,1,58984,3.952088702020887,0.15550470000016503,True
case_001,4,5,1,58984,3.952088702020887,0.15550470000016503,True
case_001,4,6,1,58984,3.952088702020887,0.15550470000016503,True
case_001,5,1,1,47502,4.9073723211654245,0.16036779999558348,False
case_001,5,2,1,47502,4.9073723211654245,0.16036779999558348,True
case_001,5,3,1,47502,4.9073723211654245,0.16036779999558348,True
case_001,5,4,1,47502,4.9073723211654245,0.16036779999558348,True
case_001,5,5,1,47502,4.9073723211654245,0.16036779999558348,True
case_001,5,6,1,47502,4.9073723211654245,0.16036779999558348,True
case_002,2,1,1,128419,2.0397682585910184,0.8987649000046076,False
case_002,2,2,2,127559,2.0535203317680444,1.7028843000007328,False
case_002,2,3,2,127559,2.0535203317680444,1.7028843000007328,True
case_002,2,4,2,127559,2.0535203317680444,1.7028843000007328,True
case_002,2,5,2,127559,2.0535203317680444,1.7028843000007328,True
case_002,2,6,2,127559,2.0535203317680444,1.7028843000007328,True
case_002,3,1,1,108524,2.4137057240794664,0.8629386000029626,False
case_002,3,2,2,108524,2.4137057240794664,1.6082909999968251,False
case_002,3,3,3,108524,2.4137057240794664,2.2764248000021325,False
case_002,3,4,3,108524,2.4137057240794664,2.2764248000021325,True
case_002,3,5,3,108524,2.4137057240794664,2.2764248000021325,True
case_002,3,6,3,108524,2.4137057240794664,2.2764248000021325,True
case_002,4,1,1,108574,2.412594175401109,0.7910563000041293,False
case_002,4,2,2,108574,2.412594175401109,1.4040450000029523,False
case_002,4,3,3,108574,2.412594175401109,1.960465000003751,False
case_002,4,4,3,108574,2.412594175401109,1.960465000003751,True
case_002,4,5,3,108574,2.412594175401109,1.960465000003751,True
case_002,4,6,3,108574,2.412594175401109,1.960465000003751,True
case_002,5,1,1,108635,2.411239471625167,0.7659425000019837,False
case_002,5,2,2,108635,2.411239471625167,1.3440689999988535,False
case_002,5,3,3,108635,2.411239471625167,1.8633221000054618,False
case_002,5,4,3,108635,2.411239471625167,1.8633221000054618,True
case_002,5,5,3,108635,2.411239471625167,1.8633221000054618,True
case_002,5,6,3,108635,2.411239471625167,1.8633221000054618,True
case_003,2,1,1,335900,1.7928311997618338,7.330126599998039,False
case_003,2,2,2,335900,1.7928311997618338,15.79011090000131,False
case_003,2,3,3,335900,1.7928311997618338,20.781033999999636,False
case_003,2,4,3,335900,1.7928311997618338,20.781033999999636,True
case_003,2,5,3,335900,1.7928311997618338,20.781033999999636,True
case_003,2,6,3,335900,1.7928311997618338,20.781033999999636,True
case_003,3,1,1,243060,2.4776269233934007,5.6919865000018035,False
case_003,3,2,2,241876,2.489755081115944,12.761840500003018,False
case_003,3,3,2,241876,2.489755081115944,12.761840500003018,True
case_003,3,4,2,241876,2.489755081115944,12.761840500003018,True
case_003,3,5,2,241876,2.489755081115944,12.761840500003018,True
case_003,3,6,2,241876,2.489755081115944,12.761840500003018,True
case_003,4,1,1,210905,2.8553709015907636,5.675406999995175,False
case_003,4,2,2,209284,2.877487051088473,11.487716899995576,False
case_003,4,3,2,209284,2.877487051088473,11.487716899995576,True
case_003,4,4,2,209284,2.877487051088473,11.487716899995576,True
case_003,4,5,2,209284,2.877487051088473,11.487716899995576,True
case_003,4,6,2,209284,2.877487051088473,11.487716899995576,True
case_003,5,1,1,186476,3.2294343508011756,5.875926100001379,False
case_003,5,2,2,182936,3.2919272313814667,11.737866700001177,False
case_003,5,3,2,182936,3.2919272313814667,11.737866700001177,True
case_003,5,4,2,182936,3.2919272313814667,11.737866700001177,True
case_003,5,5,2,182936,3.2919272313814667,11.737866700001177,True
case_003,5,6,2,182936,3.2919272313814667,11.737866700001177,True
case_004,2,1,1,202270,1.939768626093835,0.2768971000041347,False
case_004,2,2,2,199074,1.9709103147573264,0.4101580999995349,False
case_004,2,3,2,199074,1.9709103147573264,0.4101580999995349,True
case_004,2,4,2,199074,1.9709103147573264,0.4101580999995349,True
case_004,2,5,2,199074,1.9709103147573264,0.4101580999995349,True
case_004,2,6,2,199074,1.9709103147573264,0.4101580999995349,True
case_004,3,1,1,134043,2.927098020784375,0.19333219999680296,False
case_004,3,2,2,134043,2.927098020784375,0.38639140000304906,False
case_004,3,3,2,134043,2.927098020784375,0.38639140000304906,True
case_004,3,4,2,134043,2.927098020784375,0.38639140000304906,True
case_004,3,5,2,134043,2.927098020784375,0.38639140000304906,True
case_004,3,6,2,134043,2.927098020784375,0.38639140000304906,True
case_004,4,1,1,104188,3.765855952700887,0.20271459999639774,False
case_004,4,2,2,104188,3.765855952700887,0.39654119999613613,False
case_004,4,3,2,104188,3.765855952700887,0.39654119999613613,True
case_004,4,4,2,104188,3.765855952700887,0.39654119999613613,True
case_004,4,5,2,104188,3.765855952700887,0.39654119999613613,True
case_004,4,6,2,104188,3.765855952700887,0.39654119999613613,True
case_004,5,1,1,94979,4.130986849724676,0.2726891999991494,False
case_004,5,2,2,88341,4.441391879195391,0.38204270000278484,False
case_004,5,3,2,88341,4.441391879195391,0.38204270000278484,True
case_004,5,4,2,88341,4.441391879195391,0.38204270000278484,True
case_004,5,5,2,88341,4.441391879195391,0.38204270000278484,True
case_004,5,6,2,88341,4.441391879195391,0.38204270000278484,True
case_005,2,1,1,62419,1.5318733078069178,1.1731386999963433,False
case_005,2,2,2,62419,1.5318733078069178,2.981772999999521,False
case_005,2,3,3,62419,1.5318733078069178,3.9241182999976445,False
case_005,2,4,3,62419,1.5318733078069178,3.9241182999976445,True
case_005,2,5,3,62419,1.5318733078069178,3.9241182999976445,True
case_005,2,6,3,62419,1.5318733078069178,3.9241182999976445,True
case_005,3,1,1,50702,1.8858822137193798,1.1855383000001893,False
case_005,3,2,2,50611,1.8892730829266364,2.167422799997439,False
case_005,3,3,2,50611,1.8892730829266364,2.167422799997439,True
case_005,3,4,2,50611,1.8892730829266364,2.167422799997439,True
case_005,3,5,2,50611,1.8892730829266364,2.167422799997439,True
case_005,3,6,2,50611,1.8892730829266364,2.167422799997439,True
case_005,4,1,1,44678,2.1401584672545773,1.0170804999943357,False
case_005,4,2,2,44678,2.1401584672545773,1.9035193999952753,False
case_005,4,3,2,44678,2.1401584672545773,1.9035193999952753,True
case_005,4,4,2,44678,2.1401584672545773,1.9035193999952753,True
case_005,4,5,2,44678,2.1401584672545773,1.9035193999952753,True
case_005,4,6,2,44678,2.1401584672545773,1.9035193999952753,True
case_005,5,1,1,45077,2.1212148102136346,1.1854825999980676,False
case_005,5,2,2,45077,2.1212148102136346,2.3046962000007625,False
case_005,5,3,3,44683,2.139918984848824,3.1386883000013768,False
case_005,5,4,4,44683,2.139918984848824,3.9507956999950693,False
case_005,5,5,4,44683,2.139918984848824,3.9507956999950693,True
case_005,5,6,4,44683,2.139918984848824,3.9507956999950693,True
case_006,2,1,1,46100,1.7968980477223426,0.20431120000284864,False
case_006,2,2,2,46100,1.7968980477223426,0.3313869999983581,False
case_006,2,3,3,46100,1.7968980477223426,0.4872842999975546,False
case_006,2,4,3,46100,1.7968980477223426,0.4872842999975546,True
case_006,2,5,3,46100,1.7968980477223426,0.4872842999975546,True
case_006,2,6,3,46100,1.7968980477223426,0.4872842999975546,True
case_006,3,1,1,31153,2.6590376528745225,0.2051590000046417,False
case_006,3,2,1,31153,2.6590376528745225,0.2051590000046417,True
case_006,3,3,1,31153,2.6590376528745225,0.2051590000046417,True
case_006,3,4,1,31153,2.6590376528745225,0.2051590000046417,True
case_006,3,5,1,31153,2.6590376528745225,0.2051590000046417,True
case_006,3,6,1,31153,2.6590376528745225,0.2051590000046417,True
case_006,4,1,1,31428,2.6357706503754614,0.21172479999950156,False
case_006,4,2,2,31153,2.6590376528745225,0.34622709999530343,False
case_006,4,3,2,31153,2.6590376528745225,0.34622709999530343,True
case_006,4,4,2,31153,2.6590376528745225,0.34622709999530343,True
case_006,4,5,2,31153,2.6590376528745225,0.34622709999530343,True
case_006,4,6,2,31153,2.6590376528745225,0.34622709999530343,True
case_006,5,1,1,31733,2.6104370844231557,0.20930899999802932,False
case_006,5,2,2,31153,2.6590376528745225,0.3875913000010769,False
case_006,5,3,2,31153,2.6590376528745225,0.3875913000010769,True
case_006,5,4,2,31153,2.6590376528745225,0.3875913000010769,True
case_006,5,5,2,31153,2.6590376528745225,0.3875913000010769,True
case_006,5,6,2,31153,2.6590376528745225,0.3875913000010769,True
case_007,2,1,1,507494,1.9952196479170197,2.523203899996588,False
case_007,2,2,2,507494,1.9952196479170197,5.514641299996583,False
case_007,2,3,2,507494,1.9952196479170197,5.514641299996583,True
case_007,2,4,2,507494,1.9952196479170197,5.514641299996583,True
case_007,2,5,2,507494,1.9952196479170197,5.514641299996583,True
case_007,2,6,2,507494,1.9952196479170197,5.514641299996583,True
case_007,3,1,1,338094,2.994912657426633,1.8113952000057907,False
case_007,3,2,2,338094,2.994912657426633,4.050372400000924,False
case_007,3,3,2,338094,2.994912657426633,4.050372400000924,True
case_007,3,4,2,338094,2.994912657426633,4.050372400000924,True
case_007,3,5,2,338094,2.994912657426633,4.050372400000924,True
case_007,3,6,2,338094,2.994912657426633,4.050372400000924,True
case_007,4,1,1,254398,3.980227831979811,1.5519555999999284,False
case_007,4,2,2,254398,3.980227831979811,3.600004199994146,False
case_007,4,3,2,254398,3.980227831979811,3.600004199994146,True
case_007,4,4,2,254398,3.980227831979811,3.600004199994146,True
case_007,4,5,2,254398,3.980227831979811,3.600004199994146,True
case_007,4,6,2,254398,3.980227831979811,3.600004199994146,True
case_007,5,1,1,203834,4.967581463347626,1.3815703000000212,False
case_007,5,2,2,203834,4.967581463347626,2.986934700005804,False
case_007,5,3,2,203834,4.967581463347626,2.986934700005804,True
case_007,5,4,2,203834,4.967581463347626,2.986934700005804,True
case_007,5,5,2,203834,4.967581463347626,2.986934700005804,True
case_007,5,6,2,203834,4.967581463347626,2.986934700005804,True
case_008,2,1,1,244266,1.9962049568912579,0.2914900999967358,False
case_008,2,2,2,244266,1.9962049568912579,0.534737000001769,False
case_008,2,3,2,244266,1.9962049568912579,0.534737000001769,True
case_008,2,4,2,244266,1.9962049568912579,0.534737000001769,True
case_008,2,5,2,244266,1.9962049568912579,0.534737000001769,True
case_008,2,6,2,244266,1.9962049568912579,0.534737000001769,True
case_008,3,1,1,163359,2.984867684057811,0.27491799999552313,False
case_008,3,2,2,163359,2.984867684057811,0.5211042000009911,False
case_008,3,3,2,163359,2.984867684057811,0.5211042000009911,True
case_008,3,4,2,163359,2.984867684057811,0.5211042000009911,True
case_008,3,5,2,163359,2.984867684057811,0.5211042000009911,True
case_008,3,6,2,163359,2.984867684057811,0.5211042000009911,True
case_008,4,1,1,123060,3.962335446123842,0.3002513999963412,False
case_008,4,2,2,123060,3.962335446123842,0.508404199994402,False
case_008,4,3,2,123060,3.962335446123842,0.508404199994402,True
case_008,4,4,2,123060,3.962335446123842,0.508404199994402,True
case_008,4,5,2,123060,3.962335446123842,0.508404199994402,True
case_008,4,6,2,123060,3.962335446123842,0.508404199994402,True
case_008,5,1,1,100603,4.846823653370178,0.2754318000006606,False
case_008,5,2,2,100603,4.846823653370178,0.48368240000127116,False
case_008,5,3,2,100603,4.846823653370178,0.48368240000127116,True
case_008,5,4,2,100603,4.846823653370178,0.48368240000127116,True
case_008,5,5,2,100603,4.846823653370178,0.48368240000127116,True
case_008,5,6,2,100603,4.846823653370178,0.48368240000127116,True
case_009,2,1,1,92198,1.66230286991041,5.725343799997063,False
case_009,2,2,2,92198,1.66230286991041,7.229825599999458,False
case_009,2,3,3,92198,1.66230286991041,9.009801100000914,False
case_009,2,4,3,92198,1.66230286991041,9.009801100000914,True
case_009,2,5,3,92198,1.66230286991041,9.009801100000914,True
case_009,2,6,3,92198,1.66230286991041,9.009801100000914,True
case_009,3,1,1,90133,1.700387205573985,2.170210100004624,False
case_009,3,2,2,90133,1.700387205573985,7.158811100001913,False
case_009,3,3,3,90133,1.700387205573985,12.596474199999648,False
case_009,3,4,4,90133,1.700387205573985,14.378671400001622,False
case_009,3,5,5,90026,1.7024081931886343,15.979350000001432,False
case_009,3,6,5,90026,1.7024081931886343,15.979350000001432,True
case_009,4,1,1,67768,2.261554125841105,1.919008800003212,False
case_009,4,2,2,67768,2.261554125841105,3.421204000005673,False
case_009,4,3,3,64868,2.3626595547881855,4.891959500004305,False
case_009,4,4,3,64868,2.3626595547881855,4.891959500004305,True
case_009,4,5,3,64868,2.3626595547881855,4.891959500004305,True
case_009,4,6,3,64868,2.3626595547881855,4.891959500004305,True
case_009,5,1,1,61626,2.486953558562944,2.0261873999988893,False
case_009,5,2,2,61626,2.486953558562944,3.5602066999999806,False
case_009,5,3,3,59855,2.560537966752986,5.1169962999993,False
case_009,5,4,3,59855,2.560537966752986,5.1169962999993,True
case_009,5,5,3,59855,2.560537966752986,5.1169962999993,True
case_009,5,6,3,59855,2.560537966752986,5.1169962999993,True
case_010,2,1,1,45272,1.9210328679978794,0.15998770000442164,False
case_010,2,2,2,45272,1.9210328679978794,0.32810590000008233,False
case_010,2,3,2,45272,1.9210328679978794,0.32810590000008233,True
case_010,2,4,2,45272,1.9210328679978794,0.32810590000008233,True
case_010,2,5,2,45272,1.9210328679978794,0.32810590000008233,True
case_010,2,6,2,45272,1.9210328679978794,0.32810590000008233,True
case_010,3,1,1,30856,2.8185442053409386,0.17663330000505084,False
case_010,3,2,1,30856,2.8185442053409386,0.17663330000505084,True
case_010,3,3,1,30856,2.8185442053409386,0.17663330000505084,True
case_010,3,4,1,30856,2.8185442053409386,0.17663330000505084,True
case_010,3,5,1,30856,2.8185442053409386,0.17663330000505084,True
case_010,3,6,1,30856,2.8185442053409386,0.17663330000505084,True
case_010,4,1,1,33908,2.5648519523416304,0.23003649999736808,False
case_010,4,2,2,29856,2.9129488210075025,0.3876511999987997,False
case_010,4,3,3,29856,2.9129488210075025,0.5207284999996773,False
case_010,4,4,3,29856,2.9129488210075025,0.5207284999996773,True
case_010,4,5,3,29856,2.9129488210075025,0.5207284999996773,True
case_010,4,6,3,29856,2.9129488210075025,0.5207284999996773,True
case_010,5,1,1,28874,3.0120177322158344,0.19501170000148704,False
case_010,5,2,2,28874,3.0120177322158344,0.3303124000012758,False
case_010,5,3,3,28874,3.0120177322158344,0.4681077999994159,False
case_010,5,4,4,26220,3.316895499618612,0.6036154000030365,False
case_010,5,5,5,26220,3.316895499618612,0.7662246999971103,False
case_010,5,6,5,26220,3.316895499618612,0.7662246999971103,True
case_011,2,1,1,92646,1.9935777043801135,0.17129170000407612,False
case_011,2,2,1,92646,1.9935777043801135,0.17129170000407612,True
case_011,2,3,1,92646,1.9935777043801135,0.17129170000407612,True
case_011,2,4,1,92646,1.9935777043801135,0.17129170000407612,True
case_011,2,5,1,92646,1.9935777043801135,0.17129170000407612,True
case_011,2,6,1,92646,1.9935777043801135,0.17129170000407612,True
case_011,3,1,1,69625,2.6527396768402154,0.23735519999900134,False
case_011,3,2,1,69625,2.6527396768402154,0.23735519999900134,True
case_011,3,3,1,69625,2.6527396768402154,0.23735519999900134,True
case_011,3,4,1,69625,2.6527396768402154,0.23735519999900134,True
case_011,3,5,1,69625,2.6527396768402154,0.23735519999900134,True
case_011,3,6,1,69625,2.6527396768402154,0.23735519999900134,True
case_011,4,1,1,46880,3.9397824232081913,0.19982149999850662,False
case_011,4,2,1,46880,3.9397824232081913,0.19982149999850662,True
case_011,4,3,1,46880,3.9397824232081913,0.19982149999850662,True
case_011,4,4,1,46880,3.9397824232081913,0.19982149999850662,True
case_011,4,5,1,46880,3.9397824232081913,0.19982149999850662,True
case_011,4,6,1,46880,3.9397824232081913,0.19982149999850662,True
case_011,5,1,1,47287,3.905872649988369,0.22658369999408023,False
case_011,5,2,2,46880,3.9397824232081913,0.35757339999690885,False
case_011,5,3,2,46880,3.9397824232081913,0.35757339999690885,True
case_011,5,4,2,46880,3.9397824232081913,0.35757339999690885,True
case_011,5,5,2,46880,3.9397824232081913,0.35757339999690885,True
case_011,5,6,2,46880,3.9397824232081913,0.35757339999690885,True
case_012,2,1,1,30094,1.9634478633614674,0.38066609999805223,False
case_012,2,2,2,30094,1.9634478633614674,0.6234708999982104,False
case_012,2,3,3,30094,1.9634478633614674,0.883849799996824,False
case_012,2,4,4,30094,1.9634478633614674,1.1303971000015736,False
case_012,2,5,4,30094,1.9634478633614674,1.1303971000015736,True
case_012,2,6,4,30094,1.9634478633614674,1.1303971000015736,True
case_012,3,1,1,21894,2.6988215949575225,0.397081100003561,False
case_012,3,2,2,21894,2.6988215949575225,0.6720166000013705,False
case_012,3,3,3,21894,2.6988215949575225,0.9288279000029434,False
case_012,3,4,4,21894,2.6988215949575225,1.2077646000034292,False
case_012,3,5,4,21894,2.6988215949575225,1.2077646000034292,True
case_012,3,6,4,21894,2.6988215949575225,1.2077646000034292,True
case_012,4,1,1,17236,3.42817359016013,0.38889250000647735,False
case_012,4,2,2,17236,3.42817359016013,0.674943500001973,False
case_012,4,3,3,17236,3.42817359016013,0.9803186000062851,False
case_012,4,4,3,17236,3.42817359016013,0.9803186000062851,True
case_012,4,5,3,17236,3.42817359016013,0.9803186000062851,True
case_012,4,6,3,17236,3.42817359016013,0.9803186000062851,True
case_012,5,1,1,14300,4.132027972027972,0.4243970999959856,False
case_012,5,2,2,14300,4.132027972027972,0.731075099996815,False
case_012,5,3,3,14300,4.132027972027972,1.0083774999948218,False
case_012,5,4,3,14300,4.132027972027972,1.0083774999948218,True
case_012,5,5,3,14300,4.132027972027972,1.0083774999948218,True
case_012,5,6,3,14300,4.132027972027972,1.0083774999948218,True
case_013,2,1,1,132198,1.9966187083011846,1.1909414999972796,False
case_013,2,2,1,132198,1.9966187083011846,1.1909414999972796,True
case_013,2,3,1,132198,1.9966187083011846,1.1909414999972796,True
case_013,2,4,1,132198,1.9966187083011846,1.1909414999972796,True
case_013,2,5,1,132198,1.9966187083011846,1.1909414999972796,True
case_013,2,6,1,132198,1.9966187083011846,1.1909414999972796,True
case_013,3,1,1,88351,2.98750438591527,0.868239999996149,False
case_013,3,2,1,88351,2.98750438591527,0.868239999996149,True
case_013,3,3,1,88351,2.98750438591527,0.868239999996149,True
case_013,3,4,1,88351,2.98750438591527,0.868239999996149,True
case_013,3,5,1,88351,2.98750438591527,0.868239999996149,True
case_013,3,6,1,88351,2.98750438591527,0.868239999996149,True
case_013,4,1,1,66982,3.9405959810098237,0.7791365000011865,False
case_013,4,2,1,66982,3.9405959810098237,0.7791365000011865,True
case_013,4,3,1,66982,3.9405959810098237,0.7791365000011865,True
case_013,4,4,1,66982,3.9405959810098237,0.7791365000011865,True
case_013,4,5,1,66982,3.9405959810098237,0.7791365000011865,True
case_013,4,6,1,66982,3.9405959810098237,0.7791365000011865,True
case_013,5,1,1,54363,4.855305998565201,0.7507076999972924,False
case_013,5,2,1,54363,4.855305998565201,0.7507076999972924,True
case_013,5,3,1,54363,4.855305998565201,0.7507076999972924,True
case_013,5,4,1,54363,4.855305998565201,0.7507076999972924,True
case_013,5,5,1,54363,4.855305998565201,0.7507076999972924,True
case_013,5,6,1,54363,4.855305998565201,0.7507076999972924,True
case_014,2,1,1,8891974,1.990404605321608,891.9756686000037,False
case_014,2,2,2,8879623,1.9931731335891174,1766.222686000001,False
case_014,2,3,3,8879623,1.9931731335891174,2100.1714334999997,False
case_014,2,4,3,8879623,1.9931731335891174,2100.1714334999997,True
case_014,2,5,3,8879623,1.9931731335891174,2100.1714334999997,True
case_014,2,6,3,8879623,1.9931731335891174,2100.1714334999997,True
case_014,3,1,1,5985953,2.9566931113558694,846.5691719999959,False
case_014,3,2,2,5980632,2.9593236968935726,1668.9999530999994,False
case_014,3,3,3,5980632,2.9593236968935726,1936.497814000002,False
case_014,3,4,3,5980632,2.9593236968935726,1936.497814000002,True
case_014,3,5,3,5980632,2.9593236968935726,1936.497814000002,True
case_014,3,6,3,5980632,2.9593236968935726,1936.497814000002,True
case_014,4,1,1,4526660,3.9098642266041628,788.5754745999948,False
case_014,4,2,2,4526660,3.9098642266041628,1477.9784900000013,False
case_014,4,3,3,4526660,3.9098642266041628,1620.3903882999948,False
case_014,4,4,3,4526660,3.9098642266041628,1620.3903882999948,True
case_014,4,5,3,4526660,3.9098642266041628,1620.3903882999948,True
case_014,4,6,3,4526660,3.9098642266041628,1620.3903882999948,True
case_014,5,1,1,3694640,4.790351969339367,732.9343353999939,False
case_014,5,2,2,3686182,4.801343503928997,1422.0800669999953,False
case_014,5,3,3,3686182,4.801343503928997,1778.5589169999948,False
case_014,5,4,4,3681987,4.806813820907027,2456.1331027999986,False
case_014,5,5,4,3681987,4.806813820907027,2456.1331027999986,True
case_014,5,6,4,3681987,4.806813820907027,2456.1331027999986,True
case_015,2,1,1,92411,1.9192736795403145,0.3325355999986641,False
case_015,2,2,2,92411,1.9192736795403145,0.5645373000006657,False
case_015,2,3,3,92411,1.9192736795403145,0.8256800000017392,False
case_015,2,4,3,92411,1.9192736795403145,0.8256800000017392,True
case_015,2,5,3,92411,1.9192736795403145,0.8256800000017392,True
case_015,2,6,3,92411,1.9192736795403145,0.8256800000017392,True
case_015,3,1,1,60807,2.916802341835644,0.3517837999970652,False
case_015,3,2,2,60807,2.916802341835644,0.5872560999996495,False
case_015,3,3,3,60807,2.916802341835644,0.8606827999974485,False
case_015,3,4,3,60807,2.916802341835644,0.8606827999974485,True
case_015,3,5,3,60807,2.916802341835644,0.8606827999974485,True
case_015,3,6,3,60807,2.916802341835644,0.8606827999974485,True
case_015,4,1,1,53421,3.320080118305535,0.35165950000373414,False
case_015,4,2,2,53421,3.320080118305535,0.6105320999995456,False
case_015,4,3,3,53421,3.320080118305535,0.851674900004582,False
case_015,4,4,3,53421,3.320080118305535,0.851674900004582,True
case_015,4,5,3,53421,3.320080118305535,0.851674900004582,True
case_015,4,6,3,53421,3.320080118305535,0.851674900004582,True
case_015,5,1,1,43437,4.083200957708866,0.3574748000028194,False
case_015,5,2,2,43437,4.083200957708866,0.6277633999998216,False
case_015,5,3,3,43437,4.083200957708866,0.8818295000019134,False
case_015,5,4,3,43437,4.083200957708866,0.8818295000019134,True
case_015,5,5,3,43437,4.083200957708866,0.8818295000019134,True
case_015,5,6,3,43437,4.083200957708866,0.8818295000019134,True
case_016,2,1,1,7161192,1.0774076438671103,6.146165400001337,False
case_016,2,2,2,7107192,1.0855937197137773,11.203222600001027,False
case_016,2,3,2,7107192,1.0855937197137773,11.203222600001027,True
case_016,2,4,2,7107192,1.0855937197137773,11.203222600001027,True
case_016,2,5,2,7107192,1.0855937197137773,11.203222600001027,True
case_016,2,6,2,7107192,1.0855937197137773,11.203222600001027,True
case_016,3,1,1,7231183,1.0669793587024419,6.073829199995089,False
case_016,3,2,2,7231183,1.0669793587024419,11.13224800000171,False
case_016,3,3,2,7231183,1.0669793587024419,11.13224800000171,True
case_016,3,4,2,7231183,1.0669793587024419,11.13224800000171,True
case_016,3,5,2,7231183,1.0669793587024419,11.13224800000171,True
case_016,3,6,2,7231183,1.0669793587024419,11.13224800000171,True
case_016,4,1,1,7286633,1.058859832792457,6.1846369999984745,False
case_016,4,2,2,7286633,1.058859832792457,11.348734699997294,False
case_016,4,3,2,7286633,1.058859832792457,11.348734699997294,True
case_016,4,4,2,7286633,1.058859832792457,11.348734699997294,True
case_016,4,5,2,7286633,1.058859832792457,11.348734699997294,True
case_016,4,6,2,7286633,1.058859832792457,11.348734699997294,True
case_016,5,1,1,7378973,1.0456093280189533,6.437111300001561,False
case_016,5,2,2,7357373,1.0486790597676643,11.818104400001175,False
case_016,5,3,2,7357373,1.0486790597676643,11.818104400001175,True
case_016,5,4,2,7357373,1.0486790597676643,11.818104400001175,True
case_016,5,5,2,7357373,1.0486790597676643,11.818104400001175,True
case_016,5,6,2,7357373,1.0486790597676643,11.818104400001175,True
case_017,2,1,1,87680,1.8568658759124088,0.4893219999939902,False
case_017,2,2,2,87680,1.8568658759124088,0.8356911999944714,False
case_017,2,3,3,86600,1.8800230946882217,1.1972683999993023,False
case_017,2,4,4,86400,1.884375,1.5892489999969257,False
case_017,2,5,4,86400,1.884375,1.5892489999969257,True
case_017,2,6,4,86400,1.884375,1.5892489999969257,True
case_017,3,1,1,58579,2.7793236484064257,0.5189204000052996,False
case_017,3,2,2,58579,2.7793236484064257,0.8632943000047817,False
case_017,3,3,3,58579,2.7793236484064257,1.2401491000055103,False
case_017,3,4,4,58579,2.7793236484064257,1.6487166000006255,False
case_017,3,5,4,58579,2.7793236484064257,1.6487166000006255,True
case_017,3,6,4,58579,2.7793236484064257,1.6487166000006255,True
case_017,4,1,1,42384,3.841308040770102,0.5571576000002096,False
case_017,4,2,2,42384,3.841308040770102,0.9604525999966427,False
case_017,4,3,3,42384,3.841308040770102,1.3103371000033803,False
case_017,4,4,4,42384,3.841308040770102,1.689737699998659,False
case_017,4,5,4,42384,3.841308040770102,1.689737699998659,True
case_017,4,6,4,42384,3.841308040770102,1.689737699998659,True
case_017,5,1,1,35496,4.586713995943205,0.5190619999993942,False
case_017,5,2,2,35496,4.586713995943205,0.9152297000036924,False
case_017,5,3,3,35496,4.586713995943205,1.2895664000025135,False
case_017,5,4,3,35496,4.586713995943205,1.2895664000025135,True
case_017,5,5,3,35496,4.586713995943205,1.2895664000025135,True
case_017,5,6,3,35496,4.586713995943205,1.2895664000025135,True
case_018,2,1,1,502105,2.0003126836020355,2.199920099999872,False
case_018,2,2,2,502105,2.0003126836020355,4.056203799998912,False
case_018,2,3,3,502105,2.0003126836020355,5.0879623999935575,False
case_018,2,4,3,502105,2.0003126836020355,5.0879623999935575,True
case_018,2,5,3,502105,2.0003126836020355,5.0879623999935575,True
case_018,2,6,3,502105,2.0003126836020355,5.0879623999935575,True
case_018,3,1,1,338272,2.969110656513102,2.026909100000921,False
case_018,3,2,2,338272,2.969110656513102,3.8702491000003647,False
case_018,3,3,3,338272,2.969110656513102,5.227366000006441,False
case_018,3,4,3,338272,2.969110656513102,5.227366000006441,True
case_018,3,5,3,338272,2.969110656513102,5.227366000006441,True
case_018,3,6,3,338272,2.969110656513102,5.227366000006441,True
case_018,4,1,1,258133,3.89088958017766,2.024292800000694,False
case_018,4,2,2,258133,3.89088958017766,3.753865400001814,False
case_018,4,3,3,258133,3.89088958017766,4.839019499995629,False
case_018,4,4,3,258133,3.89088958017766,4.839019499995629,True
case_018,4,5,3,258133,3.89088958017766,4.839019499995629,True
case_018,4,6,3,258133,3.89088958017766,4.839019499995629,True
case_018,5,1,1,203865,4.926627915532338,1.9278721000009682,False
case_018,5,2,2,203865,4.926627915532338,3.638137599999027,False
case_018,5,3,3,203865,4.926627915532338,4.978129499999341,False
case_018,5,4,3,203865,4.926627915532338,4.978129499999341,True
case_018,5,5,3,203865,4.926627915532338,4.978129499999341,True
case_018,5,6,3,203865,4.926627915532338,4.978129499999341,True
case_019,2,1,1,43224,1.8772903942254304,0.155249499999627,False
case_019,2,2,2,43224,1.8772903942254304,0.3019464999961201,False
case_019,2,3,2,43224,1.8772903942254304,0.3019464999961201,True
case_019,2,4,2,43224,1.8772903942254304,0.3019464999961201,True
case_019,2,5,2,43224,1.8772903942254304,0.3019464999961201,True
case_019,2,6,2,43224,1.8772903942254304,0.3019464999961201,True
case_019,3,1,1,29121,2.7864427732564128,0.15267529999982798,False
case_019,3,2,2,29121,2.7864427732564128,0.26297820000036154,False
case_019,3,3,3,29121,2.7864427732564128,0.39416000000346685,False
case_019,3,4,3,29121,2.7864427732564128,0.39416000000346685,True
case_019,3,5,3,29121,2.7864427732564128,0.39416000000346685,True
case_019,3,6,3,29121,2.7864427732564128,0.39416000000346685,True
case_019,4,1,1,24099,3.3671106684924688,0.16009820000181207,False
case_019,4,2,2,24099,3.3671106684924688,0.29354109999985667,False
case_019,4,3,3,24099,3.3671106684924688,0.42630949999875156,False
case_019,4,4,3,24099,3.3671106684924688,0.42630949999875156,True
case_019,4,5,3,24099,3.3671106684924688,0.42630949999875156,True
case_019,4,6,3,24099,3.3671106684924688,0.42630949999875156,True
case_019,5,1,1,30768,2.637285491419657,0.1682615999961854,False
case_019,5,2,2,24169,3.357358599859324,0.2731008999980986,False
case_019,5,3,3,24169,3.357358599859324,0.3846540999948047,False
case_019,5,4,3,24169,3.357358599859324,0.3846540999948047,True
case_019,5,5,3,24169,3.357358599859324,0.3846540999948047,True
case_019,5,6,3,24169,3.357358599859324,0.3846540999948047,True
case_020,2,1,1,266580,1.9984469952734638,4.530430399994657,False
case_020,2,2,1,266580,1.9984469952734638,4.530430399994657,True
case_020,2,3,1,266580,1.9984469952734638,4.530430399994657,True
case_020,2,4,1,266580,1.9984469952734638,4.530430399994657,True
case_020,2,5,1,266580,1.9984469952734638,4.530430399994657,True
case_020,2,6,1,266580,1.9984469952734638,4.530430399994657,True
case_020,3,1,1,177950,2.993796010115201,3.3088782000049832,False
case_020,3,2,1,177950,2.993796010115201,3.3088782000049832,True
case_020,3,3,1,177950,2.993796010115201,3.3088782000049832,True
case_020,3,4,1,177950,2.993796010115201,3.3088782000049832,True
case_020,3,5,1,177950,2.993796010115201,3.3088782000049832,True
case_020,3,6,1,177950,2.993796010115201,3.3088782000049832,True
case_020,4,1,1,133704,3.984518039849219,2.709617000000435,False
case_020,4,2,1,133704,3.984518039849219,2.709617000000435,True
case_020,4,3,1,133704,3.984518039849219,2.709617000000435,True
case_020,4,4,1,133704,3.984518039849219,2.709617000000435,True
case_020,4,5,1,133704,3.984518039849219,2.709617000000435,True
case_020,4,6,1,133704,3.984518039849219,2.709617000000435,True
case_020,5,1,1,107650,4.948871342313051,2.508672399999341,False
case_020,5,2,1,107650,4.948871342313051,2.508672399999341,True
case_020,5,3,1,107650,4.948871342313051,2.508672399999341,True
case_020,5,4,1,107650,4.948871342313051,2.508672399999341,True
case_020,5,5,1,107650,4.948871342313051,2.508672399999341,True
case_020,5,6,1,107650,4.948871342313051,2.508672399999341,True
case_021,2,1,1,3194570,2.0559690349561914,2.3699346000066726,False
case_021,2,2,2,3194570,2.0559690349561914,4.449705900005938,False
case_021,2,3,2,3194570,2.0559690349561914,4.449705900005938,True
case_021,2,4,2,3194570,2.0559690349561914,4.449705900005938,True
case_021,2,5,2,3194570,2.0559690349561914,4.449705900005938,True
case_021,2,6,2,3194570,2.0559690349561914,4.449705900005938,True
case_021,3,1,1,2144024,3.063369160046716,4.651166799994826,False
case_021,3,2,2,2144024,3.063369160046716,6.413686699997925,False
case_021,3,3,2,2144024,3.063369160046716,6.413686699997925,True
case_021,3,4,2,2144024,3.063369160046716,6.413686699997925,True
case_021,3,5,2,2144024,3.063369160046716,6.413686699997925,True
case_021,3,6,2,2144024,3.063369160046716,6.413686699997925,True
case_021,4,1,1,1550324,4.236493145948847,1.4681295000045793,False
case_021,4,2,1,1550324,4.236493145948847,1.4681295000045793,True
case_021,4,3,1,1550324,4.236493145948847,1.4681295000045793,True
case_021,4,4,1,1550324,4.236493145948847,1.4681295000045793,True
case_021,4,5,1,1550324,4.236493145948847,1.4681295000045793,True
case_021,4,6,1,1550324,4.236493145948847,1.4681295000045793,True
case_021,5,1,1,1250168,5.253643510312214,4.546414599994023,False
case_021,5,2,1,1250168,5.253643510312214,4.546414599994023,True
case_021,5,3,1,1250168,5.253643510312214,4.546414599994023,True
case_021,5,4,1,1250168,5.253643510312214,4.546414599994023,True
case_021,5,5,1,1250168,5.253643510312214,4.546414599994023,True
case_021,5,6,1,1250168,5.253643510312214,4.546414599994023,True
case_022,2,1,1,28333,2.004023576747962,0.42327340000338154,False
case_022,2,2,2,28333,2.004023576747962,0.7204732000027434,False
case_022,2,3,2,28333,2.004023576747962,0.7204732000027434,True
case_022,2,4,2,28333,2.004023576747962,0.7204732000027434,True
case_022,2,5,2,28333,2.004023576747962,0.7204732000027434,True
case_022,2,6,2,28333,2.004023576747962,0.7204732000027434,True
case_022,3,1,1,19128,2.968423253868674,0.46235600000363775,False
case_022,3,2,2,19128,2.968423253868674,0.7666038000024855,False
case_022,3,3,2,19128,2.968423253868674,0.7666038000024855,True
case_022,3,4,2,19128,2.968423253868674,0.7666038000024855,True
case_022,3,5,2,19128,2.968423253868674,0.7666038000024855,True
case_022,3,6,2,19128,2.968423253868674,0.7666038000024855,True
case_022,4,1,1,14654,3.874709976798144,0.4418957000016235,False
case_022,4,2,2,14654,3.874709976798144,0.7531935000006342,False
case_022,4,3,2,14654,3.874709976798144,0.7531935000006342,True
case_022,4,4,2,14654,3.874709976798144,0.7531935000006342,True
case_022,4,5,2,14654,3.874709976798144,0.7531935000006342,True
case_022,4,6,2,14654,3.874709976798144,0.7531935000006342,True
case_022,5,1,1,11828,4.800473452823808,0.45141469999362016,False
case_022,5,2,2,11828,4.800473452823808,0.7528265000000829,False
case_022,5,3,2,11828,4.800473452823808,0.7528265000000829,True
case_022,5,4,2,11828,4.800473452823808,0.7528265000000829,True
case_022,5,5,2,11828,4.800473452823808,0.7528265000000829,True
case_022,5,6,2,11828,4.800473452823808,0.7528265000000829,True
case_023,2,1,1,61227,2.0026132261910594,0.3304913999963901,False
case_023,2,2,2,61227,2.0026132261910594,0.551479499998095,False
case_023,2,3,3,61227,2.0026132261910594,0.7676706999991438,False
case_023,2,4,4,61227,2.0026132261910594,1.024490899995726,False
case_023,2,5,4,61227,2.0026132261910594,1.024490899995726,True
case_023,2,6,4,61227,2.0026132261910594,1.024490899995726,True
case_023,3,1,1,41662,2.943065623349815,0.3101762000005692,False
case_023,3,2,2,41662,2.943065623349815,0.5153453000020818,False
case_023,3,3,3,41662,2.943065623349815,0.7326700999983586,False
case_023,3,4,4,41662,2.943065623349815,0.9716091000009328,False
case_023,3,5,4,41662,2.943065623349815,0.9716091000009328,True
case_023,3,6,4,41662,2.943065623349815,0.9716091000009328,True
case_023,4,1,1,31519,3.890161489894984,0.29777630000171484,False
case_023,4,2,2,31519,3.890161489894984,0.5088450999974157,False
case_023,4,3,3,31519,3.890161489894984,0.7258010000005015,False
case_023,4,4,4,31519,3.890161489894984,0.951858499996888,False
case_023,4,5,4,31519,3.890161489894984,0.951858499996888,True
case_023,4,6,4,31519,3.890161489894984,0.951858499996888,True
case_023,5,1,1,25191,4.867373268230717,0.36375650000263704,False
case_023,5,2,2,25191,4.867373268230717,0.5840591000014683,False
case_023,5,3,3,25191,4.867373268230717,0.810570400004508,False
case_023,5,4,4,25191,4.867373268230717,1.0222625000023982,False
case_023,5,5,4,25191,4.867373268230717,1.0222625000023982,True
case_023,5,6,4,25191,4.867373268230717,1.0222625000023982,True
case_024,2,1,1,2100694,1.2164279995087337,1.8526005000021541,False
case_024,2,2,2,2056594,1.2425121341402339,3.4133438000062597,False
case_024,2,3,2,2056594,1.2425121341402339,3.4133438000062597,True
case_024,2,4,2,2056594,1.2425121341402339,3.4133438000062597,True
case_024,2,5,2,2056594,1.2425121341402339,3.4133438000062597,True
case_024,2,6,2,2056594,1.2425121341402339,3.4133438000062597,True
case_024,3,1,1,1918543,1.3319185444371067,2.012913099999423,False
case_024,3,2,2,1918543,1.3319185444371067,3.6685415000029025,False
case_024,3,3,2,1918543,1.3319185444371067,3.6685415000029025,True
case_024,3,4,2,1918543,1.3319185444371067,3.6685415000029025,True
case_024,3,5,2,1918543,1.3319185444371067,3.6685415000029025,True
case_024,3,6,2,1918543,1.3319185444371067,3.6685415000029025,True
case_024,4,1,1,1841433,1.3876926285126856,2.112201700001606,False
case_024,4,2,2,1841433,1.3876926285126856,3.878277200004959,False
case_024,4,3,2,1841433,1.3876926285126856,3.878277200004959,True
case_024,4,4,2,1841433,1.3876926285126856,3.878277200004959,True
case_024,4,5,2,1841433,1.3876926285126856,3.878277200004959,True
case_024,4,6,2,1841433,1.3876926285126856,3.878277200004959,True
case_024,5,1,1,2218793,1.15168156741075,1.7620825999983936,False
case_024,5,2,2,2197193,1.1630034321063283,3.1508824999982608,False
case_024,5,3,2,2197193,1.1630034321063283,3.1508824999982608,True
case_024,5,4,2,2197193,1.1630034321063283,3.1508824999982608,True
case_024,5,5,2,2197193,1.1630034321063283,3.1508824999982608,True
case_024,5,6,2,2197193,1.1630034321063283,3.1508824999982608,True
case_025,2,1,1,2431840,1.9997310678334101,77.84134790000098,False
case_025,2,2,2,2431840,1.9997310678334101,150.8520148000025,False
case_025,2,3,2,2431840,1.9997310678334101,150.8520148000025,True
case_025,2,4,2,2431840,1.9997310678334101,150.8520148000025,True
case_025,2,5,2,2431840,1.9997310678334101,150.8520148000025,True
case_025,2,6,2,2431840,1.9997310678334101,150.8520148000025,True
case_025,3,1,1,1622164,2.9978633479722148,44.49523629999749,False
case_025,3,2,2,1622164,2.9978633479722148,109.76312389999657,False
case_025,3,3,2,1622164,2.9978633479722148,109.76312389999657,True
case_025,3,4,2,1622164,2.9978633479722148,109.76312389999657,True
case_025,3,5,2,1622164,2.9978633479722148,109.76312389999657,True
case_025,3,6,2,1622164,2.9978633479722148,109.76312389999657,True
case_025,4,1,1,1217444,3.9944555971362954,31.333211699995445,False
case_025,4,2,2,1217444,3.9944555971362954,67.29905249999865,False
case_025,4,3,2,1217444,3.9944555971362954,67.29905249999865,True
case_025,4,4,2,1217444,3.9944555971362954,67.29905249999865,True
case_025,4,5,2,1217444,3.9944555971362954,67.29905249999865,True
case_025,4,6,2,1217444,3.9944555971362954,67.29905249999865,True
case_025,5,1,1,975282,4.986276789687495,25.821380799992767,False
case_025,5,2,2,975282,4.986276789687495,62.53301589999319,False
case_025,5,3,2,975282,4.986276789687495,62.53301589999319,True
case_025,5,4,2,975282,4.986276789687495,62.53301589999319,True
case_025,5,5,2,975282,4.986276789687495,62.53301589999319,True
case_025,5,6,2,975282,4.986276789687495,62.53301589999319,True
case_026,2,1,1,58112,1.707100082599119,0.15097070000047097,False
case_026,2,2,2,58112,1.707100082599119,0.2946527000021888,False
case_026,2,3,2,58112,1.707100082599119,0.2946527000021888,True
case_026,2,4,2,58112,1.707100082599119,0.2946527000021888,True
case_026,2,5,2,58112,1.707100082599119,0.2946527000021888,True
case_026,2,6,2,58112,1.707100082599119,0.2946527000021888,True
case_026,3,1,1,41655,2.3815388308726444,0.1554474999938975,False
case_026,3,2,2,41655,2.3815388308726444,0.2917447999934666,False
case_026,3,3,2,41655,2.3815388308726444,0.2917447999934666,True
case_026,3,4,2,41655,2.3815388308726444,0.2917447999934666,True
case_026,3,5,2,41655,2.3815388308726444,0.2917447999934666,True
case_026,3,6,2,41655,2.3815388308726444,0.2917447999934666,True
case_026,4,1,1,42226,2.3493345332259743,0.1737303999980213,False
case_026,4,2,2,41655,2.3815388308726444,0.28549999999813735,False
case_026,4,3,2,41655,2.3815388308726444,0.28549999999813735,True
case_026,4,4,2,41655,2.3815388308726444,0.28549999999813735,True
case_026,4,5,2,41655,2.3815388308726444,0.28549999999813735,True
case_026,4,6,2,41655,2.3815388308726444,0.28549999999813735,True
case_026,5,1,1,44114,2.2487872330779344,0.16672549999930197,False
case_026,5,2,2,41655,2.3815388308726444,0.2803700000004028,False
case_026,5,3,3,41655,2.3815388308726444,0.4195971000008285,False
case_026,5,4,3,41655,2.3815388308726444,0.4195971000008285,True
case_026,5,5,3,41655,2.3815388308726444,0.4195971000008285,True
case_026,5,6,3,41655,2.3815388308726444,0.4195971000008285,True
case_027,2,1,1,1120962,2.10886006840553,0.5065173000039067,False
case_027,2,2,1,1120962,2.10886006840553,0.5065173000039067,True
case_027,2,3,1,1120962,2.10886006840553,0.5065173000039067,True
case_027,2,4,1,1120962,2.10886006840553,0.5065173000039067,True
case_027,2,5,1,1120962,2.10886006840553,0.5065173000039067,True
case_027,2,6,1,1120962,2.10886006840553,0.5065173000039067,True
case_027,3,1,1,837049,2.8241500796249683,0.6089971000037622,False
case_027,3,2,2,837049,2.8241500796249683,1.0883267000026535,False
case_027,3,3,2,837049,2.8241500796249683,1.0883267000026535,True
case_027,3,4,2,837049,2.8241500796249683,1.0883267000026535,True
case_027,3,5,2,837049,2.8241500796249683,1.0883267000026535,True
case_027,3,6,2,837049,2.8241500796249683,1.0883267000026535,True
case_027,4,1,1,559196,4.227412213249022,0.4595816000000923,False
case_027,4,2,1,559196,4.227412213249022,0.4595816000000923,True
case_027,4,3,1,559196,4.227412213249022,0.4595816000000923,True
case_027,4,4,1,559196,4.227412213249022,0.4595816000000923,True
case_027,4,5,1,559196,4.227412213249022,0.4595816000000923,True
case_027,4,6,1,559196,4.227412213249022,0.4595816000000923,True
case_027,5,1,1,681447,3.469018133471862,0.9138032000046223,False
case_027,5,2,2,558753,4.230763861670542,1.354644200000621,False
case_027,5,3,3,558753,4.230763861670542,1.7132167000017944,False
case_027,5,4,3,558753,4.230763861670542,1.7132167000017944,True
case_027,5,5,3,558753,4.230763861670542,1.7132167000017944,True
case_027,5,6,3,558753,4.230763861670542,1.7132167000017944,True
case_028,2,1,1,21935178,1.998435572303083,51.82984579999902,False
case_028,2,2,2,21935178,1.998435572303083,158.7506255000044,False
case_028,2,3,3,20232039,2.1666644671849435,167.58457179999823,False
case_028,2,4,3,20232039,2.1666644671849435,167.58457179999823,True
case_028,2,5,3,20232039,2.1666644671849435,167.58457179999823,True
case_028,2,6,3,20232039,2.1666644671849435,167.58457179999823,True
case_028,3,1,1,16770711,2.613845054034978,55.49131820000184,False
case_028,3,2,2,16652689,2.632370063477436,74.15526540000428,False
case_028,3,3,3,13752644,3.1874627162602334,80.94098350000422,False
case_028,3,4,3,13752644,3.1874627162602334,80.94098350000422,True
case_028,3,5,3,13752644,3.1874627162602334,80.94098350000422,True
case_028,3,6,3,13752644,3.1874627162602334,80.94098350000422,True
case_028,4,1,1,12928802,3.3905724598458544,24.802882800002408,False
case_028,4,2,2,12928802,3.3905724598458544,64.4676643999992,False
case_028,4,3,3,10332290,4.2426257877005,72.93683299999975,False
case_028,4,4,3,10332290,4.2426257877005,72.93683299999975,True
case_028,4,5,3,10332290,4.2426257877005,72.93683299999975,True
case_028,4,6,3,10332290,4.2426257877005,72.93683299999975,True
case_028,5,1,1,10637370,4.120947189013826,22.02700349999941,False
case_028,5,2,2,10637370,4.120947189013826,55.384589499997674,False
case_028,5,3,3,8377037,5.232881268162,62.264826300001005,False
case_028,5,4,3,8377037,5.232881268162,62.264826300001005,True
case_028,5,5,3,8377037,5.232881268162,62.264826300001005,True
case_028,5,6,3,8377037,5.232881268162,62.264826300001005,True
case_029,2,1,1,19740,1.9024822695035462,0.2531107000031625,False
case_029,2,2,2,19740,1.9024822695035462,0.5147828999979538,False
case_029,2,3,2,19740,1.9024822695035462,0.5147828999979538,True
case_029,2,4,2,19740,1.9024822695035462,0.5147828999979538,True
case_029,2,5,2,19740,1.9024822695035462,0.5147828999979538,True
case_029,2,6,2,19740,1.9024822695035462,0.5147828999979538,True
case_029,3,1,1,12743,2.9471082162756024,0.21819780000078026,False
case_029,3,2,1,12743,2.9471082162756024,0.21819780000078026,True
case_029,3,3,1,12743,2.9471082162756024,0.21819780000078026,True
case_029,3,4,1,12743,2.9471082162756024,0.21819780000078026,True
case_029,3,5,1,12743,2.9471082162756024,0.21819780000078026,True
case_029,3,6,1,12743,2.9471082162756024,0.21819780000078026,True
case_029,4,1,1,11028,3.405422560754443,0.22668020000128308,False
case_029,4,2,1,11028,3.405422560754443,0.22668020000128308,True
case_029,4,3,1,11028,3.405422560754443,0.22668020000128308,True
case_029,4,4,1,11028,3.405422560754443,0.22668020000128308,True
case_029,4,5,1,11028,3.405422560754443,0.22668020000128308,True
case_029,4,6,1,11028,3.405422560754443,0.22668020000128308,True
case_029,5,1,1,9383,4.002451241607162,0.21847430000343593,False
case_029,5,2,1,9383,4.002451241607162,0.21847430000343593,True
case_029,5,3,1,9383,4.002451241607162,0.21847430000343593,True
case_029,5,4,1,9383,4.002451241607162,0.21847430000343593,True
case_029,5,5,1,9383,4.002451241607162,0.21847430000343593,True
case_029,5,6,1,9383,4.002451241607162,0.21847430000343593,True
case_030,2,1,1,1401423,2.003701951516423,26.826692800001183,False
case_030,2,2,1,1401423,2.003701951516423,26.826692800001183,True
case_030,2,3,1,1401423,2.003701951516423,26.826692800001183,True
case_030,2,4,1,1401423,2.003701951516423,26.826692800001183,True
case_030,2,5,1,1401423,2.003701951516423,26.826692800001183,True
case_030,2,6,1,1401423,2.003701951516423,26.826692800001183,True
case_030,3,1,1,933969,3.0065601749094455,26.791403700000956,False
case_030,3,2,1,933969,3.0065601749094455,26.791403700000956,True
case_030,3,3,1,933969,3.0065601749094455,26.791403700000956,True
case_030,3,4,1,933969,3.0065601749094455,26.791403700000956,True
case_030,3,5,1,933969,3.0065601749094455,26.791403700000956,True
case_030,3,6,1,933969,3.0065601749094455,26.791403700000956,True
case_030,4,1,1,699591,4.0138223619228945,25.256824700001744,False
case_030,4,2,1,699591,4.0138223619228945,25.256824700001744,True
case_030,4,3,1,699591,4.0138223619228945,25.256824700001744,True
case_030,4,4,1,699591,4.0138223619228945,25.256824700001744,True
case_030,4,5,1,699591,4.0138223619228945,25.256824700001744,True
case_030,4,6,1,699591,4.0138223619228945,25.256824700001744,True
case_030,5,1,1,561192,5.0036957048568045,27.056687699994654,False
case_030,5,2,1,561192,5.0036957048568045,27.056687699994654,True
case_030,5,3,1,561192,5.0036957048568045,27.056687699994654,True
case_030,5,4,1,561192,5.0036957048568045,27.056687699994654,True
case_030,5,5,1,561192,5.0036957048568045,27.056687699994654,True
case_030,5,6,1,561192,5.0036957048568045,27.056687699994654,True
case_031,2,1,1,735345,1.923408740115184,9.1408792000002,False
case_031,2,2,2,728285,1.9420542782015282,14.924832700002298,False
case_031,2,3,3,728285,1.9420542782015282,20.997872499996447,False
case_031,2,4,4,728285,1.9420542782015282,24.245781899997382,False
case_031,2,5,5,728285,1.9420542782015282,29.914483699998527,False
case_031,2,6,5,728285,1.9420542782015282,29.914483699998527,True
case_031,3,1,1,486363,2.9080522161430866,8.095638800004963,False
case_031,3,2,2,486363,2.9080522161430866,13.885573999999906,False
case_031,3,3,3,486363,2.9080522161430866,19.985514400003012,False
case_031,3,4,4,486363,2.9080522161430866,22.632797300000675,False
case_031,3,5,4,486363,2.9080522161430866,22.632797300000675,True
case_031,3,6,4,486363,2.9080522161430866,22.632797300000675,True
case_031,4,1,1,398198,3.5519239172471986,8.805261099994823,False
case_031,4,2,2,391604,3.611732770860359,14.902877699998498,False
case_031,4,3,3,391604,3.611732770860359,20.797192799996992,False
case_031,4,4,4,391604,3.611732770860359,23.33108219999849,False
case_031,4,5,5,390820,3.618978046159357,29.613131300000532,False
case_031,4,6,5,390820,3.618978046159357,29.613131300000532,True
case_031,5,1,1,308135,4.590095250458403,8.698699799999304,False
case_031,5,2,2,305628,4.627746803303363,14.548430199996801,False
case_031,5,3,3,305628,4.627746803303363,20.510987900001055,False
case_031,5,4,4,305628,4.627746803303363,24.124655100000382,False
case_031,5,5,5,303368,4.66222211966984,29.958425700002408,False
case_031,5,6,5,303368,4.66222211966984,29.958425700002408,True
case_032,2,1,1,21880,1.8941042047531993,0.22999559999880148,False
case_032,2,2,2,21880,1.8941042047531993,0.3845581999994465,False
case_032,2,3,3,21880,1.8941042047531993,0.5791221000035875,False
case_032,2,4,3,21880,1.8941042047531993,0.5791221000035875,True
case_032,2,5,3,21880,1.8941042047531993,0.5791221000035875,True
case_032,2,6,3,21880,1.8941042047531993,0.5791221000035875,True
case_032,3,1,1,15402,2.690754447474354,0.24882689999503782,False
case_032,3,2,1,15402,2.690754447474354,0.24882689999503782,True
case_032,3,3,1,15402,2.690754447474354,0.24882689999503782,True
case_032,3,4,1,15402,2.690754447474354,0.24882689999503782,True
case_032,3,5,1,15402,2.690754447474354,0.24882689999503782,True
case_032,3,6,1,15402,2.690754447474354,0.24882689999503782,True
case_032,4,1,1,14274,2.9033907804399606,0.2505228999943938,False
case_032,4,2,2,14274,2.9033907804399606,0.4268792000002577,False
case_032,4,3,2,14274,2.9033907804399606,0.4268792000002577,True
case_032,4,4,2,14274,2.9033907804399606,0.4268792000002577,True
case_032,4,5,2,14274,2.9033907804399606,0.4268792000002577,True
case_032,4,6,2,14274,2.9033907804399606,0.4268792000002577,True
case_032,5,1,1,10415,3.9791646663466156,0.23246159999689553,False
case_032,5,2,2,10415,3.9791646663466156,0.39962129999912577,False
case_032,5,3,2,10415,3.9791646663466156,0.39962129999912577,True
case_032,5,4,2,10415,3.9791646663466156,0.39962129999912577,True
case_032,5,5,2,10415,3.9791646663466156,0.39962129999912577,True
case_032,5,6,2,10415,3.9791646663466156,0.39962129999912577,True
case_033,2,1,1,897883,1.975976825488399,4.144109499997285,False
case_033,2,2,2,897883,1.975976825488399,7.787787399996887,False
case_033,2,3,3,897883,1.975976825488399,11.286935099997208,False
case_033,2,4,4,897883,1.975976825488399,13.406417300000612,False
case_033,2,5,4,897883,1.975976825488399,13.406417300000612,True
case_033,2,6,4,897883,1.975976825488399,13.406417300000612,True
case_033,3,1,1,604202,2.9364285454202403,3.8950961000009556,False
case_033,3,2,2,603183,2.9413892632915717,7.396701100005885,False
case_033,3,3,3,601626,2.9490015391622038,10.744709200000216,False
case_033,3,4,4,601626,2.9490015391622038,12.450700500005041,False
case_033,3,5,5,600594,2.954068805216169,15.829560199999833,False
case_033,3,6,6,600373,2.9551562112220235,19.26233019999927,False
case_033,4,1,1,460454,3.853144939559652,3.7481267000039225,False
case_033,4,2,2,460454,3.853144939559652,7.031028800003696,False
case_033,4,3,3,455815,3.8923598389697576,10.400055099999008,False
case_033,4,4,4,455815,3.8923598389697576,12.538719399999536,False
case_033,4,5,5,453882,3.908936683983943,15.721708600001875,False
case_033,4,6,6,453882,3.908936683983943,18.92844309999782,False
case_033,5,1,1,376794,4.708663089115007,3.5896063999971375,False
case_033,5,2,2,367123,4.832701846520104,6.697056600001815,False
case_033,5,3,3,367123,4.832701846520104,9.771992699999828,False
case_033,5,4,4,367123,4.832701846520104,12.576966300002823,False
case_033,5,5,5,361866,4.902908811549026,15.771755100002338,False
case_033,5,6,6,361866,4.902908811549026,19.00546739999845,False
case_034,2,1,1,418129,2.016114644045259,3.775411600006919,False
case_034,2,2,2,418129,2.016114644045259,6.916143200003717,False
case_034,2,3,3,418129,2.016114644045259,9.915939400001662,False
case_034,2,4,4,418129,2.016114644045259,12.330271200000425,False
case_034,2,5,4,418129,2.016114644045259,12.330271200000425,True
case_034,2,6,4,418129,2.016114644045259,12.330271200000425,True
case_034,3,1,1,282515,2.9838982000955703,3.940959200001089,False
case_034,3,2,2,282515,2.9838982000955703,6.9851905000032275,False
case_034,3,3,3,282515,2.9838982000955703,10.106337999997777,False
case_034,3,4,4,282515,2.9838982000955703,12.66106750000472,False
case_034,3,5,4,282515,2.9838982000955703,12.66106750000472,True
case_034,3,6,4,282515,2.9838982000955703,12.66106750000472,True
case_034,4,1,1,213112,3.955647734524569,3.763619799996377,False
case_034,4,2,2,213112,3.955647734524569,6.539295000002312,False
case_034,4,3,3,213112,3.955647734524569,9.29559159999917,False
case_034,4,4,3,213112,3.955647734524569,9.29559159999917,True
case_034,4,5,3,213112,3.955647734524569,9.29559159999917,True
case_034,4,6,3,213112,3.955647734524569,9.29559159999917,True
case_034,5,1,1,178096,4.733379750247058,3.6831755000021076,False
case_034,5,2,2,178096,4.733379750247058,6.543069700004708,False
case_034,5,3,3,178096,4.733379750247058,9.439654500005418,False
case_034,5,4,3,178096,4.733379750247058,9.439654500005418,True
case_034,5,5,3,178096,4.733379750247058,9.439654500005418,True
case_034,5,6,3,178096,4.733379750247058,9.439654500005418,True
case_035,2,1,1,95406,1.7773620107750037,2.5707076999970013,False
case_035,2,2,2,95406,1.7773620107750037,3.5541649000006146,False
case_035,2,3,3,95406,1.7773620107750037,4.611854399998265,False
case_035,2,4,3,95406,1.7773620107750037,4.611854399998265,True
case_035,2,5,3,95406,1.7773620107750037,4.611854399998265,True
case_035,2,6,3,95406,1.7773620107750037,4.611854399998265,True
case_035,3,1,1,95424,1.77702674379611,2.2397381999981008,False
case_035,3,2,2,95406,1.7773620107750037,4.620926800002053,False
case_035,3,3,3,95406,1.7773620107750037,5.728170299997146,False
case_035,3,4,4,95406,1.7773620107750037,6.746531299999333,False
case_035,3,5,4,95406,1.7773620107750037,6.746531299999333,True
case_035,3,6,4,95406,1.7773620107750037,6.746531299999333,True
case_035,4,1,1,95442,1.7766916032773832,2.242064699996263,False
case_035,4,2,2,95406,1.7773620107750037,4.551008999995247,False
case_035,4,3,3,95406,1.7773620107750037,5.674004000000423,False
case_035,4,4,4,95406,1.7773620107750037,6.781582399999024,False
case_035,4,5,4,95406,1.7773620107750037,6.781582399999024,True
case_035,4,6,4,95406,1.7773620107750037,6.781582399999024,True
case_035,5,1,1,69979,2.423169808085283,1.4016090000004624,False
case_035,5,2,2,69979,2.423169808085283,2.4145783999993,False
case_035,5,3,3,62135,2.729073790939084,3.336136500001885,False
case_035,5,4,3,62135,2.729073790939084,3.336136500001885,True
case_035,5,5,3,62135,2.729073790939084,3.336136500001885,True
case_035,5,6,3,62135,2.729073790939084,3.336136500001885,True
case_036,2,1,1,466068,1.998656848356892,1.307065100001637,False
case_036,2,2,1,466068,1.998656848356892,1.307065100001637,True
case_036,2,3,1,466068,1.998656848356892,1.307065100001637,True
case_036,2,4,1,466068,1.998656848356892,1.307065100001637,True
case_036,2,5,1,466068,1.998656848356892,1.307065100001637,True
case_036,2,6,1,466068,1.998656848356892,1.307065100001637,True
case_036,3,1,1,311345,2.991890025534375,1.0485900999992737,False
case_036,3,2,1,311345,2.991890025534375,1.0485900999992737,True
case_036,3,3,1,311345,2.991890025534375,1.0485900999992737,True
case_036,3,4,1,311345,2.991890025534375,1.0485900999992737,True
case_036,3,5,1,311345,2.991890025534375,1.0485900999992737,True
case_036,3,6,1,311345,2.991890025534375,1.0485900999992737,True
case_036,4,1,1,233584,3.987901568600589,0.9278438000037568,False
case_036,4,2,1,233584,3.987901568600589,0.9278438000037568,True
case_036,4,3,1,233584,3.987901568600589,0.9278438000037568,True
case_036,4,4,1,233584,3.987901568600589,0.9278438000037568,True
case_036,4,5,1,233584,3.987901568600589,0.9278438000037568,True
case_036,4,6,1,233584,3.987901568600589,0.9278438000037568,True
case_036,5,1,1,187182,4.976493466252097,0.8621238999985508,False
case_036,5,2,1,187182,4.976493466252097,0.8621238999985508,True
case_036,5,3,1,187182,4.976493466252097,0.8621238999985508,True
case_036,5,4,1,187182,4.976493466252097,0.8621238999985508,True
case_036,5,5,1,187182,4.976493466252097,0.8621238999985508,True
case_036,5,6,1,187182,4.976493466252097,0.8621238999985508,True
case_037,2,1,1,105374,1.992910964754114,0.2005360999974073,False
case_037,2,2,1,105374,1.992910964754114,0.2005360999974073,True
case_037,2,3,1,105374,1.992910964754114,0.2005360999974073,True
case_037,2,4,1,105374,1.992910964754114,0.2005360999974073,True
case_037,2,5,1,105374,1.992910964754114,0.2005360999974073,True
case_037,2,6,1,105374,1.992910964754114,0.2005360999974073,True
case_037,3,1,1,74038,2.836394824279424,0.2524462000001222,False
case_037,3,2,2,74038,2.836394824279424,0.44357229999877745,False
case_037,3,3,3,74038,2.836394824279424,0.6490015000017593,False
case_037,3,4,3,74038,2.836394824279424,0.6490015000017593,True
case_037,3,5,3,74038,2.836394824279424,0.6490015000017593,True
case_037,3,6,3,74038,2.836394824279424,0.6490015000017593,True
case_037,4,1,1,53320,3.938503375843961,0.2066019999983837,False
case_037,4,2,1,53320,3.938503375843961,0.2066019999983837,True
case_037,4,3,1,53320,3.938503375843961,0.2066019999983837,True
case_037,4,4,1,53320,3.938503375843961,0.2066019999983837,True
case_037,4,5,1,53320,3.938503375843961,0.2066019999983837,True
case_037,4,6,1,53320,3.938503375843961,0.2066019999983837,True
case_037,5,1,1,43800,4.794543378995434,0.26338270000269404,False
case_037,5,2,2,43800,4.794543378995434,0.3826390000031097,False
case_037,5,3,2,43800,4.794543378995434,0.3826390000031097,True
case_037,5,4,2,43800,4.794543378995434,0.3826390000031097,True
case_037,5,5,2,43800,4.794543378995434,0.3826390000031097,True
case_037,5,6,2,43800,4.794543378995434,0.3826390000031097,True
case_038,2,1,1,683459,1.996542587046187,10.810922999997274,False
case_038,2,2,2,683459,1.996542587046187,21.284873699994932,False
case_038,2,3,3,683459,1.996542587046187,27.264779799996177,False
case_038,2,4,3,683459,1.996542587046187,27.264779799996177,True
case_038,2,5,3,683459,1.996542587046187,27.264779799996177,True
case_038,2,6,3,683459,1.996542587046187,27.264779799996177,True
case_038,3,1,1,462076,2.9530964603225445,11.33950460000051,False
case_038,3,2,2,456925,2.986387262679871,21.425315400003456,False
case_038,3,3,3,456925,2.986387262679871,27.25404640000488,False
case_038,3,4,4,456925,2.986387262679871,37.73363020000397,False
case_038,3,5,4,456925,2.986387262679871,37.73363020000397,True
case_038,3,6,4,456925,2.986387262679871,37.73363020000397,True
case_038,4,1,1,346382,3.9394512416926974,10.560684299998684,False
case_038,4,2,2,345027,3.9549223683943575,20.555506500000774,False
case_038,4,3,3,345027,3.9549223683943575,26.135818700000527,False
case_038,4,4,4,344979,3.955472651958525,36.38686050000251,False
case_038,4,5,4,344979,3.955472651958525,36.38686050000251,True
case_038,4,6,4,344979,3.955472651958525,36.38686050000251,True
case_038,5,1,1,280919,4.857467811006019,11.238323900004616,False
case_038,5,2,2,280919,4.857467811006019,21.125989400003164,False
case_038,5,3,2,280919,4.857467811006019,21.125989400003164,True
case_038,5,4,2,280919,4.857467811006019,21.125989400003164,True
case_038,5,5,2,280919,4.857467811006019,21.125989400003164,True
case_038,5,6,2,280919,4.857467811006019,21.125989400003164,True
case_039,2,1,1,708561,2.025601183243221,9.526851599999645,False
case_039,2,2,1,708561,2.025601183243221,9.526851599999645,True
case_039,2,3,1,708561,2.025601183243221,9.526851599999645,True
case_039,2,4,1,708561,2.025601183243221,9.526851599999645,True
case_039,2,5,1,708561,2.025601183243221,9.526851599999645,True
case_039,2,6,1,708561,2.025601183243221,9.526851599999645,True
case_039,3,1,1,485565,2.9558596686334475,9.705783400000655,False
case_039,3,2,2,485565,2.9558596686334475,12.347217499998806,False
case_039,3,3,3,485565,2.9558596686334475,19.275349300005473,False
case_039,3,4,3,485565,2.9558596686334475,19.275349300005473,True
case_039,3,5,3,485565,2.9558596686334475,19.275349300005473,True
case_039,3,6,3,485565,2.9558596686334475,19.275349300005473,True
case_039,4,1,1,395323,3.6306058590064327,8.993394799996167,False
case_039,4,2,1,395323,3.6306058590064327,8.993394799996167,True
case_039,4,3,1,395323,3.6306058590064327,8.993394799996167,True
case_039,4,4,1,395323,3.6306058590064327,8.993394799996167,True
case_039,4,5,1,395323,3.6306058590064327,8.993394799996167,True
case_039,4,6,1,395323,3.6306058590064327,8.993394799996167,True
case_039,5,1,1,395323,3.6306058590064327,9.139485299994703,False
case_039,5,2,2,395323,3.6306058590064327,17.672164099996735,False
case_039,5,3,2,395323,3.6306058590064327,17.672164099996735,True
case_039,5,4,2,395323,3.6306058590064327,17.672164099996735,True
case_039,5,5,2,395323,3.6306058590064327,17.672164099996735,True
case_039,5,6,2,395323,3.6306058590064327,17.672164099996735,True
case_040,2,1,1,144027,1.7597672658598735,1.8272297000003164,False
case_040,2,2,2,144027,1.7597672658598735,2.577503499996965,False
case_040,2,3,3,144027,1.7597672658598735,3.5258949999988545,False
case_040,2,4,3,144027,1.7597672658598735,3.5258949999988545,True
case_040,2,5,3,144027,1.7597672658598735,3.5258949999988545,True
case_040,2,6,3,144027,1.7597672658598735,3.5258949999988545,True
case_040,3,1,1,110105,2.301929975932065,1.622532699999283,False
case_040,3,2,2,110105,2.301929975932065,3.136587699998927,False
case_040,3,3,3,110105,2.301929975932065,4.153686000005109,False
case_040,3,4,4,110105,2.301929975932065,4.89692240000295,False
case_040,3,5,4,110105,2.301929975932065,4.89692240000295,True
case_040,3,6,4,110105,2.301929975932065,4.89692240000295,True
case_040,4,1,1,110202,2.2999038129979494,1.5880962000010186,False
case_040,4,2,2,110105,2.301929975932065,3.005858700002136,False
case_040,4,3,3,110105,2.301929975932065,3.9348695000007865,False
case_040,4,4,4,110105,2.301929975932065,4.716471899999306,False
case_040,4,5,4,110105,2.301929975932065,4.716471899999306,True
case_040,4,6,4,110105,2.301929975932065,4.716471899999306,True
case_040,5,1,1,110337,2.2970898248094476,1.6042366999972728,False
case_040,5,2,2,110105,2.301929975932065,3.0526098999980604,False
case_040,5,3,3,110105,2.301929975932065,4.014832699998806,False
case_040,5,4,4,110105,2.301929975932065,4.884009499997774,False
case_040,5,5,4,110105,2.301929975932065,4.884009499997774,True
case_040,5,6,4,110105,2.301929975932065,4.884009499997774,True
case_041,2,1,1,3002984,1.9993303327623457,139.95518489999813,False
case_041,2,2,1,3002984,1.9993303327623457,139.95518489999813,True
case_041,2,3,1,3002984,1.9993303327623457,139.95518489999813,True
case_041,2,4,1,3002984,1.9993303327623457,139.95518489999813,True
case_041,2,5,1,3002984,1.9993303327623457,139.95518489999813,True
case_041,2,6,1,3002984,1.9993303327623457,139.95518489999813,True
case_041,3,1,1,1998385,3.0044045566795186,125.20494509999844,False
case_041,3,2,1,1998385,3.0044045566795186,125.20494509999844,True
case_041,3,3,1,1998385,3.0044045566795186,125.20494509999844,True
case_041,3,4,1,1998385,3.0044045566795186,125.20494509999844,True
case_041,3,5,1,1998385,3.0044045566795186,125.20494509999844,True
case_041,3,6,1,1998385,3.0044045566795186,125.20494509999844,True
case_041,4,1,1,1501288,3.999204016817559,111.97596099999646,False
case_041,4,2,1,1501288,3.999204016817559,111.97596099999646,True
case_041,4,3,1,1501288,3.999204016817559,111.97596099999646,True
case_041,4,4,1,1501288,3.999204016817559,111.97596099999646,True
case_041,4,5,1,1501288,3.999204016817559,111.97596099999646,True
case_041,4,6,1,1501288,3.999204016817559,111.97596099999646,True
case_041,5,1,1,1213259,4.948619379703756,109.0554994999984,False
case_041,5,2,1,1213259,4.948619379703756,109.0554994999984,True
case_041,5,3,1,1213259,4.948619379703756,109.0554994999984,True
case_041,5,4,1,1213259,4.948619379703756,109.0554994999984,True
case_041,5,5,1,1213259,4.948619379703756,109.0554994999984,True
case_041,5,6,1,1213259,4.948619379703756,109.0554994999984,True
case_042,2,1,1,849537,1.9854815034542346,6.490125500000431,False
case_042,2,2,2,849537,1.9854815034542346,9.61639620000642,False
case_042,2,3,2,849537,1.9854815034542346,9.61639620000642,True
case_042,2,4,2,849537,1.9854815034542346,9.61639620000642,True
case_042,2,5,2,849537,1.9854815034542346,9.61639620000642,True
case_042,2,6,2,849537,1.9854815034542346,9.61639620000642,True
case_042,3,1,1,567781,2.97075809158813,6.46738170000026,False
case_042,3,2,2,567781,2.97075809158813,11.97317390000535,False
case_042,3,3,2,567781,2.97075809158813,11.97317390000535,True
case_042,3,4,2,567781,2.97075809158813,11.97317390000535,True
case_042,3,5,2,567781,2.97075809158813,11.97317390000535,True
case_042,3,6,2,567781,2.97075809158813,11.97317390000535,True
case_042,4,1,1,444517,3.7945455404405233,6.1179240999990725,False
case_042,4,2,2,444517,3.7945455404405233,10.005905099998927,False
case_042,4,3,2,444517,3.7945455404405233,10.005905099998927,True
case_042,4,4,2,444517,3.7945455404405233,10.005905099998927,True
case_042,4,5,2,444517,3.7945455404405233,10.005905099998927,True
case_042,4,6,2,444517,3.7945455404405233,10.005905099998927,True
case_042,5,1,1,362266,4.656081442917635,6.210816200000409,False
case_042,5,2,1,362266,4.656081442917635,6.210816200000409,True
case_042,5,3,1,362266,4.656081442917635,6.210816200000409,True
case_042,5,4,1,362266,4.656081442917635,6.210816200000409,True
case_042,5,5,1,362266,4.656081442917635,6.210816200000409,True
case_042,5,6,1,362266,4.656081442917635,6.210816200000409,True
case_043,2,1,1,353177,1.918743293023045,14.276501400003326,False
case_043,2,2,2,353177,1.918743293023045,17.374751000003016,False
case_043,2,3,3,353177,1.918743293023045,21.096775400001206,False
case_043,2,4,3,353177,1.918743293023045,21.096775400001206,True
case_043,2,5,3,353177,1.918743293023045,21.096775400001206,True
case_043,2,6,3,353177,1.918743293023045,21.096775400001206,True
case_043,3,1,1,268777,2.521257399256633,13.165508600002795,False
case_043,3,2,2,268777,2.521257399256633,16.15740840000217,False
case_043,3,3,3,268777,2.521257399256633,29.570627300003252,False
case_043,3,4,4,268777,2.521257399256633,33.62590679999994,False
case_043,3,5,4,268777,2.521257399256633,33.62590679999994,True
case_043,3,6,4,268777,2.521257399256633,33.62590679999994,True
case_043,4,1,1,272738,2.48464093745646,3.9494329000008292,False
case_043,4,2,2,269194,2.517351798331315,14.984145599999465,False
case_043,4,3,3,268777,2.521257399256633,27.374798500000907,False
case_043,4,4,4,268777,2.521257399256633,31.06322910000017,False
case_043,4,5,4,268777,2.521257399256633,31.06322910000017,True
case_043,4,6,4,268777,2.521257399256633,31.06322910000017,True
case_043,5,1,1,241503,2.805994128437328,4.237214900000254,False
case_043,5,2,2,241503,2.805994128437328,15.047648700005084,False
case_043,5,3,3,241503,2.805994128437328,27.541749200005142,False
case_043,5,4,4,241503,2.805994128437328,31.23892390000401,False
case_043,5,5,5,241503,2.805994128437328,34.76895100000547,False
case_043,5,6,5,241503,2.805994128437328,34.76895100000547,True
case_044,2,1,1,131105,1.1777354029213225,0.35308200000145007,False
case_044,2,2,2,74488,2.072911072924498,0.6502312000011443,False
case_044,2,3,3,74488,2.072911072924498,1.08253600000171,False
case_044,2,4,3,74488,2.072911072924498,1.08253600000171,True
case_044,2,5,3,74488,2.072911072924498,1.08253600000171,True
case_044,2,6,3,74488,2.072911072924498,1.08253600000171,True
case_044,3,1,1,131105,1.1777354029213225,0.3691389000014169,False
case_044,3,2,2,123553,1.2497227910289512,0.6141619999980321,False
case_044,3,3,3,75633,2.0415294910951567,0.8701956000004429,False
case_044,3,4,3,75633,2.0415294910951567,0.8701956000004429,True
case_044,3,5,3,75633,2.0415294910951567,0.8701956000004429,True
case_044,3,6,3,75633,2.0415294910951567,0.8701956000004429,True
case_044,4,1,1,131105,1.1777354029213225,0.35971750000317115,False
case_044,4,2,2,124268,1.2425322689670713,0.5962975000002189,False
case_044,4,3,3,82428,1.8732348231183578,0.8299034000010579,False
case_044,4,4,3,82428,1.8732348231183578,0.8299034000010579,True
case_044,4,5,3,82428,1.8732348231183578,0.8299034000010579,True
case_044,4,6,3,82428,1.8732348231183578,0.8299034000010579,True
case_044,5,1,1,131105,1.1777354029213225,0.3679093000027933,False
case_044,5,2,2,131105,1.1777354029213225,0.5890294000055292,False
case_044,5,3,3,92751,1.6647475498916453,0.8099429000067175,False
case_044,5,4,3,92751,1.6647475498916453,0.8099429000067175,True
case_044,5,5,3,92751,1.6647475498916453,0.8099429000067175,True
case_044,5,6,3,92751,1.6647475498916453,0.8099429000067175,True
case_045,2,1,1,63059,1.99200748505368,0.37306679999892367,False
case_045,2,2,1,63059,1.99200748505368,0.37306679999892367,True
case_045,2,3,1,63059,1.99200748505368,0.37306679999892367,True
case_045,2,4,1,63059,1.99200748505368,0.37306679999892367,True
case_045,2,5,1,63059,1.99200748505368,0.37306679999892367,True
case_045,2,6,1,63059,1.99200748505368,0.37306679999892367,True
case_045,3,1,1,42601,2.94861622966597,0.3404360999993514,False
case_045,3,2,1,42601,2.94861622966597,0.3404360999993514,True
case_045,3,3,1,42601,2.94861622966597,0.3404360999993514,True
case_045,3,4,1,42601,2.94861622966597,0.3404360999993514,True
case_045,3,5,1,42601,2.94861622966597,0.3404360999993514,True
case_045,3,6,1,42601,2.94861622966597,0.3404360999993514,True
case_045,4,1,1,31878,3.940460505677897,0.33520339999813586,False
case_045,4,2,1,31878,3.940460505677897,0.33520339999813586,True
case_045,4,3,1,31878,3.940460505677897,0.33520339999813586,True
case_045,4,4,1,31878,3.940460505677897,0.33520339999813586,True
case_045,4,5,1,31878,3.940460505677897,0.33520339999813586,True
case_045,4,6,1,31878,3.940460505677897,0.33520339999813586,True
case_045,5,1,1,26164,4.801024308209754,0.34684580000612186,False
case_045,5,2,1,26164,4.801024308209754,0.34684580000612186,True
case_045,5,3,1,26164,4.801024308209754,0.34684580000612186,True
case_045,5,4,1,26164,4.801024308209754,0.34684580000612186,True
case_045,5,5,1,26164,4.801024308209754,0.34684580000612186,True
case_045,5,6,1,26164,4.801024308209754,0.34684580000612186,True
case_046,2,1,1,166578,1.6596129140702853,0.23457459999917774,False
case_046,2,2,2,166578,1.6596129140702853,0.5024875000017346,False
case_046,2,3,2,166578,1.6596129140702853,0.5024875000017346,True
case_046,2,4,2,166578,1.6596129140702853,0.5024875000017346,True
case_046,2,5,2,166578,1.6596129140702853,0.5024875000017346,True
case_046,2,6,2,166578,1.6596129140702853,0.5024875000017346,True
case_046,3,1,1,142176,1.9444561670042764,0.23724029999721097,False
case_046,3,2,2,142176,1.9444561670042764,0.4081730999969295,False
case_046,3,3,3,142176,1.9444561670042764,0.733241399997496,False
case_046,3,4,3,142176,1.9444561670042764,0.733241399997496,True
case_046,3,5,3,142176,1.9444561670042764,0.733241399997496,True
case_046,3,6,3,142176,1.9444561670042764,0.733241399997496,True
case_046,4,1,1,124612,2.218526305652746,0.23027300000103423,False
case_046,4,2,2,124612,2.218526305652746,0.3958669999992708,False
case_046,4,3,3,124612,2.218526305652746,0.6422944000005373,False
case_046,4,4,3,124612,2.218526305652746,0.6422944000005373,True
case_046,4,5,3,124612,2.218526305652746,0.6422944000005373,True
case_046,4,6,3,124612,2.218526305652746,0.6422944000005373,True
case_046,5,1,1,124612,2.218526305652746,0.2195886999979848,False
case_046,5,2,2,124612,2.218526305652746,0.3710706999991089,False
case_046,5,3,2,124612,2.218526305652746,0.3710706999991089,True
case_046,5,4,2,124612,2.218526305652746,0.3710706999991089,True
case_046,5,5,2,124612,2.218526305652746,0.3710706999991089,True
case_046,5,6,2,124612,2.218526305652746,0.3710706999991089,True
case_047,2,1,1,204173,1.5991732501359142,4.396002000001317,False
case_047,2,2,2,204173,1.5991732501359142,8.843737399998645,False
case_047,2,3,3,204157,1.5992985790347625,12.466628100002708,False
case_047,2,4,3,204157,1.5992985790347625,12.466628100002708,True
case_047,2,5,3,204157,1.5992985790347625,12.466628100002708,True
case_047,2,6,3,204157,1.5992985790347625,12.466628100002708,True
case_047,3,1,1,158634,2.0582472862059835,4.4875224999996135,False
case_047,3,2,2,158634,2.0582472862059835,8.676803900001687,False
case_047,3,3,3,156983,2.079894001261283,12.302958300002501,False
case_047,3,4,3,156983,2.079894001261283,12.302958300002501,True
case_047,3,5,3,156983,2.079894001261283,12.302958300002501,True
case_047,3,6,3,156983,2.079894001261283,12.302958300002501,True
case_047,4,1,1,130176,2.5082042772861355,4.1273938000013,False
case_047,4,2,2,129665,2.5180889214514326,7.838948800002981,False
case_047,4,3,2,129665,2.5180889214514326,7.838948800002981,True
case_047,4,4,2,129665,2.5180889214514326,7.838948800002981,True
case_047,4,5,2,129665,2.5180889214514326,7.838948800002981,True
case_047,4,6,2,129665,2.5180889214514326,7.838948800002981,True
case_047,5,1,1,123511,2.643554015431824,4.645132899997407,False
case_047,5,2,2,122204,2.6718274360904717,8.412292900000466,False
case_047,5,3,2,122204,2.6718274360904717,8.412292900000466,True
case_047,5,4,2,122204,2.6718274360904717,8.412292900000466,True
case_047,5,5,2,122204,2.6718274360904717,8.412292900000466,True
case_047,5,6,2,122204,2.6718274360904717,8.412292900000466,True
case_048,2,1,1,214533,1.035831317326472,0.6697543999980553,False
case_048,2,2,2,214533,1.035831317326472,1.1866780999989714,False
case_048,2,3,3,172829,1.2857795856019534,1.528185700000904,False
case_048,2,4,4,172445,1.2886427556612252,1.883316699997522,False
case_048,2,5,5,172445,1.2886427556612252,2.2809495000037714,False
case_048,2,6,5,172445,1.2886427556612252,2.2809495000037714,True
case_048,3,1,1,148643,1.4949913551260403,0.6307183000026271,False
case_048,3,2,2,148643,1.4949913551260403,1.126765399996657,False
case_048,3,3,3,148643,1.4949913551260403,1.6615419000008842,False
case_048,3,4,4,141992,1.5650177474787312,2.095386499997403,False
case_048,3,5,4,141992,1.5650177474787312,2.095386499997403,True
case_048,3,6,4,141992,1.5650177474787312,2.095386499997403,True
case_048,4,1,1,121147,1.8343004779317689,0.5114631000033114,False
case_048,4,2,2,111891,1.9860399853428783,0.892207299999427,False
case_048,4,3,2,111891,1.9860399853428783,0.892207299999427,True
case_048,4,4,2,111891,1.9860399853428783,0.892207299999427,True
case_048,4,5,2,111891,1.9860399853428783,0.892207299999427,True
case_048,4,6,2,111891,1.9860399853428783,0.892207299999427,True
case_048,5,1,1,121202,1.8334680945858979,0.5385727000029874,False
case_048,5,2,2,121202,1.8334680945858979,0.9205848000055994,False
case_048,5,3,3,111885,1.9861464896992447,1.3592588000028627,False
case_048,5,4,3,111885,1.9861464896992447,1.3592588000028627,True
case_048,5,5,3,111885,1.9861464896992447,1.3592588000028627,True
case_048,5,6,3,111885,1.9861464896992447,1.3592588000028627,True
case_049,2,1,1,164401,1.193885681960572,2.1360404000006383,False
case_049,2,2,2,164401,1.193885681960572,2.994551900002989,False
case_049,2,3,3,160206,1.2251476224361135,5.567594200001622,False
case_049,2,4,3,160206,1.2251476224361135,5.567594200001622,True
case_049,2,5,3,160206,1.2251476224361135,5.567594200001622,True
case_049,2,6,3,160206,1.2251476224361135,5.567594200001622,True
case_049,3,1,1,136156,1.441552337025177,1.3948581000004197,False
case_049,3,2,2,136156,1.441552337025177,3.099228699997184,False
case_049,3,3,3,136156,1.441552337025177,4.433977499997127,False
case_049,3,4,4,135263,1.4510693981354843,5.468678099998215,False
case_049,3,5,4,135263,1.4510693981354843,5.468678099998215,True
case_049,3,6,4,135263,1.4510693981354843,5.468678099998215,True
case_049,4,1,1,119068,1.6484361877246616,1.3476488999949652,False
case_049,4,2,2,119068,1.6484361877246616,2.7714325999986613,False
case_049,4,3,3,118671,1.6539508388738613,3.894649499998195,False
case_049,4,4,3,118671,1.6539508388738613,3.894649499998195,True
case_049,4,5,3,118671,1.6539508388738613,3.894649499998195,True
case_049,4,6,3,118671,1.6539508388738613,3.894649499998195,True
case_049,5,1,1,111647,1.7580051412039732,1.3438262999989092,False
case_049,5,2,2,111647,1.7580051412039732,2.594955900000059,False
case_049,5,3,3,110442,1.777186215389073,3.69846939999843,False
case_049,5,4,3,110442,1.777186215389073,3.69846939999843,True
case_049,5,5,3,110442,1.777186215389073,3.69846939999843,True
case_049,5,6,3,110442,1.777186215389073,3.69846939999843,True
case_050,2,1,1,94649,1.581527538589948,1.4594760999971186,False
case_050,2,2,2,94649,1.581527538589948,2.8453347999966354,False
case_050,2,3,3,93710,1.5973748799487781,3.9019714999958524,False
case_050,2,4,3,93710,1.5973748799487781,3.9019714999958524,True
case_050,2,5,3,93710,1.5973748799487781,3.9019714999958524,True
case_050,2,6,3,93710,1.5973748799487781,3.9019714999958524,True
case_050,3,1,1,76625,1.9535399673735725,1.526802399996086,False
case_050,3,2,2,76625,1.9535399673735725,2.6616684999971767,False
case_050,3,3,3,74118,2.0196173669014272,3.838646999996854,False
case_050,3,4,3,74118,2.0196173669014272,3.838646999996854,True
case_050,3,5,3,74118,2.0196173669014272,3.838646999996854,True
case_050,3,6,3,74118,2.0196173669014272,3.838646999996854,True
case_050,4,1,1,66972,2.2351131816281433,1.556686500000069,False
case_050,4,2,2,66972,2.2351131816281433,2.763903000006394,False
case_050,4,3,3,61902,2.4181771186714482,4.044586900003196,False
case_050,4,4,4,61739,2.4245614603411134,5.3308172000033665,False
case_050,4,5,4,61739,2.4245614603411134,5.3308172000033665,True
case_050,4,6,4,61739,2.4245614603411134,5.3308172000033665,True
case_050,5,1,1,59260,2.5259871751603105,1.642201800001203,False
case_050,5,2,2,59260,2.5259871751603105,2.670459799999662,False
case_050,5,3,3,58249,2.5698295249703857,4.059182500001043,False
case_050,5,4,3,58249,2.5698295249703857,4.059182500001043,True
case_050,5,5,3,58249,2.5698295249703857,4.059182500001043,True
case_050,5,6,3,58249,2.5698295249703857,4.059182500001043,True
case_051,2,1,1,378655,1.6047008490578496,0.37633190000633476,False
case_051,2,2,2,357955,1.6974982888910617,0.6726332000034745,False
case_051,2,3,2,357955,1.6974982888910617,0.6726332000034745,True
case_051,2,4,2,357955,1.6974982888910617,0.6726332000034745,True
case_051,2,5,2,357955,1.6974982888910617,0.6726332000034745,True
case_051,2,6,2,357955,1.6974982888910617,0.6726332000034745,True
case_051,3,1,1,291222,2.086476983194951,0.40235540000139736,False
case_051,3,2,2,291222,2.086476983194951,0.7499552000008407,False
case_051,3,3,3,291222,2.086476983194951,1.0710378000003402,False
case_051,3,4,3,291222,2.086476983194951,1.0710378000003402,True
case_051,3,5,3,291222,2.086476983194951,1.0710378000003402,True
case_051,3,6,3,291222,2.086476983194951,1.0710378000003402,True
case_051,4,1,1,254308,2.389338911870645,0.4149288999979035,False
case_051,4,2,2,254308,2.389338911870645,0.7427167999994708,False
case_051,4,3,3,254308,2.389338911870645,1.0678307999987737,False
case_051,4,4,3,254308,2.389338911870645,1.0678307999987737,True
case_051,4,5,3,254308,2.389338911870645,1.0678307999987737,True
case_051,4,6,3,254308,2.389338911870645,1.0678307999987737,True
case_051,5,1,1,274556,2.213129561910867,0.4374147000053199,False
case_051,5,2,2,274556,2.213129561910867,0.7070070000045234,False
case_051,5,3,3,253856,2.3935932182024455,1.029818000002706,False
case_051,5,4,3,253856,2.3935932182024455,1.029818000002706,True
case_051,5,5,3,253856,2.3935932182024455,1.029818000002706,True
case_051,5,6,3,253856,2.3935932182024455,1.029818000002706,True
case_052,2,1,1,91254,1.9758147588050934,0.39933030000247527,False
case_052,2,2,2,91254,1.9758147588050934,0.6655830000017886,False
case_052,2,3,3,91254,1.9758147588050934,0.9051825999995344,False
case_052,2,4,4,91254,1.9758147588050934,1.183678499997768,False
case_052,2,5,4,91254,1.9758147588050934,1.183678499997768,True
case_052,2,6,4,91254,1.9758147588050934,1.183678499997768,True
case_052,3,1,1,63361,2.845614810372311,0.37101719999918714,False
case_052,3,2,2,63361,2.845614810372311,0.6425414999976056,False
case_052,3,3,3,63361,2.845614810372311,0.898726200000965,False
case_052,3,4,4,63361,2.845614810372311,1.2003944000025513,False
case_052,3,5,4,63361,2.845614810372311,1.2003944000025513,True
case_052,3,6,4,63361,2.845614810372311,1.2003944000025513,True
case_052,4,1,1,47721,3.778231805703988,0.3821241999976337,False
case_052,4,2,2,47721,3.778231805703988,0.670221100001072,False
case_052,4,3,3,47721,3.778231805703988,0.9098105000011856,False
case_052,4,4,4,47721,3.778231805703988,1.2002906999987317,False
case_052,4,5,4,47721,3.778231805703988,1.2002906999987317,True
case_052,4,6,4,47721,3.778231805703988,1.2002906999987317,True
case_052,5,1,1,51670,3.4894716469905167,0.39923659999476513,False
case_052,5,2,2,47721,3.778231805703988,0.6859499999991385,False
case_052,5,3,3,47721,3.778231805703988,0.9971327999955975,False
case_052,5,4,4,47169,3.8224469460874726,1.2606534999940777,False
case_052,5,5,4,47169,3.8224469460874726,1.2606534999940777,True
case_052,5,6,4,47169,3.8224469460874726,1.2606534999940777,True
case_053,2,1,1,774929,1.900414102453257,22.611576800001785,False
case_053,2,2,2,774929,1.900414102453257,27.24403909999819,False
case_053,2,3,3,774929,1.900414102453257,39.572532899997896,False
case_053,2,4,4,774929,1.900414102453257,45.30254330000025,False
case_053,2,5,4,774929,1.900414102453257,45.30254330000025,True
case_053,2,6,4,774929,1.900414102453257,45.30254330000025,True
case_053,3,1,1,546106,2.6967035703691224,22.239637899998343,False
case_053,3,2,2,546106,2.6967035703691224,26.588627599994652,False
case_053,3,3,3,546106,2.6967035703691224,31.772358900001564,False
case_053,3,4,3,546106,2.6967035703691224,31.772358900001564,True
case_053,3,5,3,546106,2.6967035703691224,31.772358900001564,True
case_053,3,6,3,546106,2.6967035703691224,31.772358900001564,True
case_053,4,1,1,492232,2.991853434965626,20.47125500000402,False
case_053,4,2,2,492232,2.991853434965626,39.14153770000121,False
case_053,4,3,3,492232,2.991853434965626,43.17037810000329,False
case_053,4,4,4,492232,2.991853434965626,48.05116760000237,False
case_053,4,5,4,492232,2.991853434965626,48.05116760000237,True
case_053,4,6,4,492232,2.991853434965626,48.05116760000237,True
case_053,5,1,1,492699,2.9890176355137723,20.02223120000417,False
case_053,5,2,2,492232,2.991853434965626,38.33184460000484,False
case_053,5,3,3,486251,3.0286539256474536,42.32345250000071,False
case_053,5,4,4,486251,3.0286539256474536,47.164180400002806,False
case_053,5,5,5,480055,3.067744320963223,51.4568220000001,False
case_053,5,6,5,480055,3.067744320963223,51.4568220000001,True
case_054,2,1,1,443753,1.836722230610272,6.4819791999980225,False
case_054,2,2,2,443753,1.836722230610272,42.25269280000066,False
case_054,2,3,3,443753,1.836722230610272,49.15557080000144,False
case_054,2,4,4,443753,1.836722230610272,77.52547709999635,False
case_054,2,5,5,443753,1.836722230610272,82.86441049999848,False
case_054,2,6,5,443753,1.836722230610272,82.86441049999848,True
case_054,3,1,1,312064,2.6118071933962264,6.265871600000537,False
case_054,3,2,2,312064,2.6118071933962264,11.732396799998241,False
case_054,3,3,3,311323,2.6180237245561684,16.869141999995918,False
case_054,3,4,3,311323,2.6180237245561684,16.869141999995918,True
case_054,3,5,3,311323,2.6180237245561684,16.869141999995918,True
case_054,3,6,3,311323,2.6180237245561684,16.869141999995918,True
case_054,4,1,1,249519,3.266488724305564,5.712694400004693,False
case_054,4,2,2,249519,3.266488724305564,11.548928000003798,False
case_054,4,3,3,249519,3.266488724305564,16.142013399999996,False
case_054,4,4,3,249519,3.266488724305564,16.142013399999996,True
case_054,4,5,3,249519,3.266488724305564,16.142013399999996,True
case_054,4,6,3,249519,3.266488724305564,16.142013399999996,True
case_054,5,1,1,211058,3.8617394270769174,5.813485099999525,False
case_054,5,2,2,209490,3.8906439448183683,10.556690899997193,False
case_054,5,3,2,209490,3.8906439448183683,10.556690899997193,True
case_054,5,4,2,209490,3.8906439448183683,10.556690899997193,True
case_054,5,5,2,209490,3.8906439448183683,10.556690899997193,True
case_054,5,6,2,209490,3.8906439448183683,10.556690899997193,True
case_055,2,1,1,65764,1.8069916671735295,0.3871157999965362,False
case_055,2,2,2,63872,1.8605179108216432,0.65409229999932,False
case_055,2,3,3,63872,1.8605179108216432,0.9133967999950983,False
case_055,2,4,4,63872,1.8605179108216432,1.2447869999959948,False
case_055,2,5,5,63872,1.8605179108216432,1.5227854999975534,False
case_055,2,6,5,63872,1.8605179108216432,1.5227854999975534,True
case_055,3,1,1,43687,2.7201455810653057,0.3994319000048563,False
case_055,3,2,2,43687,2.7201455810653057,0.6796305000025313,False
case_055,3,3,3,43687,2.7201455810653057,0.9839429999992717,False
case_055,3,4,4,43687,2.7201455810653057,1.2692629000011948,False
case_055,3,5,4,43687,2.7201455810653057,1.2692629000011948,True
case_055,3,6,4,43687,2.7201455810653057,1.2692629000011948,True
case_055,4,1,1,31367,3.788535722255874,0.41538220000074944,False
case_055,4,2,2,31367,3.788535722255874,0.7251743999950122,False
case_055,4,3,3,31367,3.788535722255874,1.0023761999982526,False
case_055,4,4,3,31367,3.788535722255874,1.0023761999982526,True
case_055,4,5,3,31367,3.788535722255874,1.0023761999982526,True
case_055,4,6,3,31367,3.788535722255874,1.0023761999982526,True
case_055,5,1,1,26781,4.437287629289422,0.42895580000185873,False
case_055,5,2,2,26781,4.437287629289422,0.745085199996538,False
case_055,5,3,3,26781,4.437287629289422,1.0694278000009945,False
case_055,5,4,3,26781,4.437287629289422,1.0694278000009945,True
case_055,5,5,3,26781,4.437287629289422,1.0694278000009945,True
case_055,5,6,3,26781,4.437287629289422,1.0694278000009945,True
case_056,2,1,1,195117,1.4211216859627813,2.763050599998678,False
case_056,2,2,2,195117,1.4211216859627813,5.54653779999353,False
case_056,2,3,3,195117,1.4211216859627813,7.570732299995143,False
case_056,2,4,3,195117,1.4211216859627813,7.570732299995143,True
case_056,2,5,3,195117,1.4211216859627813,7.570732299995143,True
case_056,2,6,3,195117,1.4211216859627813,7.570732299995143,True
case_056,3,1,1,146011,1.8990692482073268,2.520207699999446,False
case_056,3,2,2,146011,1.8990692482073268,4.791306400002213,False
case_056,3,3,3,146011,1.8990692482073268,6.64223270000366,False
case_056,3,4,3,146011,1.8990692482073268,6.64223270000366,True
case_056,3,5,3,146011,1.8990692482073268,6.64223270000366,True
case_056,3,6,3,146011,1.8990692482073268,6.64223270000366,True
case_056,4,1,1,148412,1.8683462253726113,3.117284699997981,False
case_056,4,2,2,148412,1.8683462253726113,5.656186699998216,False
case_056,4,3,3,146032,1.8987961542675578,8.102663300000131,False
case_056,4,4,3,146032,1.8987961542675578,8.102663300000131,True
case_056,4,5,3,146032,1.8987961542675578,8.102663300000131,True
case_056,4,6,3,146032,1.8987961542675578,8.102663300000131,True
case_056,5,1,1,135374,2.04828844534401,3.0784696000046097,False
case_056,5,2,2,135374,2.04828844534401,5.447352600000158,False
case_056,5,3,3,134454,2.062303836256266,7.843859600005089,False
case_056,5,4,3,134454,2.062303836256266,7.843859600005089,True
case_056,5,5,3,134454,2.062303836256266,7.843859600005089,True
case_056,5,6,3,134454,2.062303836256266,7.843859600005089,True
case_057,2,1,1,33730,1.7707085680403203,0.23470530000486178,False
case_057,2,2,2,33730,1.7707085680403203,0.3971813000025577,False
case_057,2,3,3,33730,1.7707085680403203,0.5656350999997812,False
case_057,2,4,3,33730,1.7707085680403203,0.5656350999997812,True
case_057,2,5,3,33730,1.7707085680403203,0.5656350999997812,True
case_057,2,6,3,33730,1.7707085680403203,0.5656350999997812,True
case_057,3,1,1,25250,2.3653861386138613,0.2309543000010308,False
case_057,3,2,2,25250,2.3653861386138613,0.4074426000006497,False
case_057,3,3,3,25250,2.3653861386138613,0.5783993000004557,False
case_057,3,4,4,25250,2.3653861386138613,0.7477639000062482,False
case_057,3,5,4,25250,2.3653861386138613,0.7477639000062482,True
case_057,3,6,4,25250,2.3653861386138613,0.7477639000062482,True
case_057,4,1,1,20957,2.8499308107076393,0.22116259999893373,False
case_057,4,2,2,20957,2.8499308107076393,0.39596090000122786,False
case_057,4,3,3,20957,2.8499308107076393,0.5651454999970156,False
case_057,4,4,4,20957,2.8499308107076393,0.754598999999871,False
case_057,4,5,4,20957,2.8499308107076393,0.754598999999871,True
case_057,4,6,4,20957,2.8499308107076393,0.754598999999871,True
case_057,5,1,1,16538,3.6114403192647235,0.21795600000041304,False
case_057,5,2,2,16538,3.6114403192647235,0.3860645000022487,False
case_057,5,3,3,16538,3.6114403192647235,0.5492797000042628,False
case_057,5,4,4,16538,3.6114403192647235,0.7598645000034594,False
case_057,5,5,4,16538,3.6114403192647235,0.7598645000034594,True
case_057,5,6,4,16538,3.6114403192647235,0.7598645000034594,True
case_058,2,1,1,2271316,1.9987166030618373,133.96109409999917,False
case_058,2,2,2,2271316,1.9987166030618373,178.78454220000276,False
case_058,2,3,3,2271316,1.9987166030618373,217.73784519999754,False
case_058,2,4,3,2271316,1.9987166030618373,217.73784519999754,True
case_058,2,5,3,2271316,1.9987166030618373,217.73784519999754,True
case_058,2,6,3,2271316,1.9987166030618373,217.73784519999754,True
case_058,3,1,1,1554831,2.9197494775959574,39.55935480000335,False
case_058,3,2,2,1554831,2.9197494775959574,73.98104130000138,False
case_058,3,3,3,1554831,2.9197494775959574,104.04825250000431,False
case_058,3,4,3,1554831,2.9197494775959574,104.04825250000431,True
case_058,3,5,3,1554831,2.9197494775959574,104.04825250000431,True
case_058,3,6,3,1554831,2.9197494775959574,104.04825250000431,True
case_058,4,1,1,1154519,3.9321284448328697,115.05214810000325,False
case_058,4,2,2,1154519,3.9321284448328697,154.57610900000145,False
case_058,4,3,3,1154519,3.9321284448328697,169.27847499999916,False
case_058,4,4,3,1154519,3.9321284448328697,169.27847499999916,True
case_058,4,5,3,1154519,3.9321284448328697,169.27847499999916,True
case_058,4,6,3,1154519,3.9321284448328697,169.27847499999916,True
case_058,5,1,1,1004819,4.517945022934478,23.03447199999937,False
case_058,5,2,2,1004819,4.517945022934478,40.42528370000218,False
case_058,5,3,3,1004819,4.517945022934478,59.15882270000293,False
case_058,5,4,3,1004819,4.517945022934478,59.15882270000293,True
case_058,5,5,3,1004819,4.517945022934478,59.15882270000293,True
case_058,5,6,3,1004819,4.517945022934478,59.15882270000293,True
case_059,2,1,1,369318,2.2459587672412393,1.0926600000020699,False
case_059,2,2,1,369318,2.2459587672412393,1.0926600000020699,True
case_059,2,3,1,369318,2.2459587672412393,1.0926600000020699,True
case_059,2,4,1,369318,2.2459587672412393,1.0926600000020699,True
case_059,2,5,1,369318,2.2459587672412393,1.0926600000020699,True
case_059,2,6,1,369318,2.2459587672412393,1.0926600000020699,True
case_059,3,1,1,266217,3.1157777301975456,1.6543244000058621,False
case_059,3,2,1,266217,3.1157777301975456,1.6543244000058621,True
case_059,3,3,1,266217,3.1157777301975456,1.6543244000058621,True
case_059,3,4,1,266217,3.1157777301975456,1.6543244000058621,True
case_059,3,5,1,266217,3.1157777301975456,1.6543244000058621,True
case_059,3,6,1,266217,3.1157777301975456,1.6543244000058621,True
case_059,4,1,1,185216,4.478408992743607,0.8969473999968613,False
case_059,4,2,1,185216,4.478408992743607,0.8969473999968613,True
case_059,4,3,1,185216,4.478408992743607,0.8969473999968613,True
case_059,4,4,1,185216,4.478408992743607,0.8969473999968613,True
case_059,4,5,1,185216,4.478408992743607,0.8969473999968613,True
case_059,4,6,1,185216,4.478408992743607,0.8969473999968613,True
case_059,5,1,1,150782,5.501140719714555,1.5257377000016277,False
case_059,5,2,1,150782,5.501140719714555,1.5257377000016277,True
case_059,5,3,1,150782,5.501140719714555,1.5257377000016277,True
case_059,5,4,1,150782,5.501140719714555,1.5257377000016277,True
case_059,5,5,1,150782,5.501140719714555,1.5257377000016277,True
case_059,5,6,1,150782,5.501140719714555,1.5257377000016277,True
case_060,2,1,1,469437,1.8933083672569482,7.352741700000479,False
case_060,2,2,2,469437,1.8933083672569482,13.44558450000477,False
case_060,2,3,3,469437,1.8933083672569482,17.856000700005097,False
case_060,2,4,3,469437,1.8933083672569482,17.856000700005097,True
case_060,2,5,3,469437,1.8933083672569482,17.856000700005097,True
case_060,2,6,3,469437,1.8933083672569482,17.856000700005097,True
case_060,3,1,1,334622,2.656098523109658,6.989245500000834,False
case_060,3,2,2,334622,2.656098523109658,12.509094699998968,False
case_060,3,3,3,334622,2.656098523109658,17.509680499999376,False
case_060,3,4,3,334622,2.656098523109658,17.509680499999376,True
case_060,3,5,3,334622,2.656098523109658,17.509680499999376,True
case_060,3,6,3,334622,2.656098523109658,17.509680499999376,True
case_060,4,1,1,229383,3.8746942885915696,7.1162141999957385,False
case_060,4,2,2,229383,3.8746942885915696,12.887464499995986,False
case_060,4,3,2,229383,3.8746942885915696,12.887464499995986,True
case_060,4,4,2,229383,3.8746942885915696,12.887464499995986,True
case_060,4,5,2,229383,3.8746942885915696,12.887464499995986,True
case_060,4,6,2,229383,3.8746942885915696,12.887464499995986,True
case_060,5,1,1,183272,4.849562399057139,7.250622100000328,False
case_060,5,2,2,183272,4.849562399057139,12.827462299996114,False
case_060,5,3,3,183272,4.849562399057139,19.461135599995032,False
case_060,5,4,3,183272,4.849562399057139,19.461135599995032,True
case_060,5,5,3,183272,4.849562399057139,19.461135599995032,True
case_060,5,6,3,183272,4.849562399057139,19.461135599995032,True
case_061,2,1,1,39299,1.9641975622789385,0.37715580000076443,False
case_061,2,2,2,39299,1.9641975622789385,0.645048799997312,False
case_061,2,3,3,39299,1.9641975622789385,0.9012166000029538,False
case_061,2,4,3,39299,1.9641975622789385,0.9012166000029538,True
case_061,2,5,3,39299,1.9641975622789385,0.9012166000029538,True
case_061,2,6,3,39299,1.9641975622789385,0.9012166000029538,True
case_061,3,1,1,28409,2.7171318948220633,0.4253393999970285,False
case_061,3,2,2,28409,2.7171318948220633,0.6797250000017812,False
case_061,3,3,3,28409,2.7171318948220633,0.925456299999496,False
case_061,3,4,3,28409,2.7171318948220633,0.925456299999496,True
case_061,3,5,3,28409,2.7171318948220633,0.925456299999496,True
case_061,3,6,3,28409,2.7171318948220633,0.925456299999496,True
case_061,4,1,1,27166,2.8414562320547745,0.4023162000012235,False
case_061,4,2,2,27166,2.8414562320547745,0.7013990999985253,False
case_061,4,3,3,27166,2.8414562320547745,0.943448999998509,False
case_061,4,4,4,27166,2.8414562320547745,1.2001282999990508,False
case_061,4,5,4,27166,2.8414562320547745,1.2001282999990508,True
case_061,4,6,4,27166,2.8414562320547745,1.2001282999990508,True
case_061,5,1,1,22283,3.46412063007674,0.4470750000036787,False
case_061,5,2,2,22283,3.46412063007674,0.7493125000037253,False
case_061,5,3,3,22283,3.46412063007674,1.0045995999971638,False
case_061,5,4,4,22283,3.46412063007674,1.2692358999993303,False
case_061,5,5,4,22283,3.46412063007674,1.2692358999993303,True
case_061,5,6,4,22283,3.46412063007674,1.2692358999993303,True
case_062,2,1,1,1350612,2.113715115814164,61.8918393999993,False
case_062,2,2,2,1350134,2.1144634532572324,121.1095123999985,False
case_062,2,3,3,1349562,2.115359650019784,180.4608015000049,False
case_062,2,4,3,1349562,2.115359650019784,180.4608015000049,True
case_062,2,5,3,1349562,2.115359650019784,180.4608015000049,True
case_062,2,6,3,1349562,2.115359650019784,180.4608015000049,True
case_062,3,1,1,1140739,2.5025961240914882,28.48310820000188,False
case_062,3,2,2,1140739,2.5025961240914882,55.29525100000319,False
case_062,3,3,3,1140581,2.502942798450965,81.73460330000671,False
case_062,3,4,3,1140581,2.502942798450965,81.73460330000671,True
case_062,3,5,3,1140581,2.502942798450965,81.73460330000671,True
case_062,3,6,3,1140581,2.502942798450965,81.73460330000671,True
case_062,4,1,1,1140348,2.5034542087152345,35.049519000000146,False
case_062,4,2,2,1139947,2.5043348506553373,68.0768567999985,False
case_062,4,3,3,1139851,2.5045457695786553,101.0735338999948,False
case_062,4,4,3,1139851,2.5045457695786553,101.0735338999948,True
case_062,4,5,3,1139851,2.5045457695786553,101.0735338999948,True
case_062,4,6,3,1139851,2.5045457695786553,101.0735338999948,True
case_062,5,1,1,1140264,2.503638631053861,28.229551299999002,False
case_062,5,2,2,1140046,2.5041173777198464,54.67061029999604,False
case_062,5,3,3,1139999,2.504220617737384,81.1516399999964,False
case_062,5,4,3,1139999,2.504220617737384,81.1516399999964,True
case_062,5,5,3,1139999,2.504220617737384,81.1516399999964,True
case_062,5,6,3,1139999,2.504220617737384,81.1516399999964,True
case_063,2,1,1,509093,2.1025569002127313,8.985044000000926,False
case_063,2,2,2,508930,2.103230306721946,17.50220249999984,False
case_063,2,3,3,508752,2.1039661760543447,25.899925699995947,False
case_063,2,4,3,508752,2.1039661760543447,25.899925699995947,True
case_063,2,5,3,508752,2.1039661760543447,25.899925699995947,True
case_063,2,6,3,508752,2.1039661760543447,25.899925699995947,True
case_063,3,1,1,430482,2.486508146682091,7.417880000000878,False
case_063,3,2,2,430451,2.4866872187542834,14.117648100000224,False
case_063,3,3,3,430451,2.4866872187542834,20.052615200002037,False
case_063,3,4,3,430451,2.4866872187542834,20.052615200002037,True
case_063,3,5,3,430451,2.4866872187542834,20.052615200002037,True
case_063,3,6,3,430451,2.4866872187542834,20.052615200002037,True
case_063,4,1,1,430997,2.4835370083782484,5.7178544999987935,False
case_063,4,2,2,430997,2.4835370083782484,10.84563530000014,False
case_063,4,3,3,430997,2.4835370083782484,15.883335300000908,False
case_063,4,4,3,430997,2.4835370083782484,15.883335300000908,True
case_063,4,5,3,430997,2.4835370083782484,15.883335300000908,True
case_063,4,6,3,430997,2.4835370083782484,15.883335300000908,True
case_063,5,1,1,431150,2.482655688275542,4.9714324999949895,False
case_063,5,2,2,431150,2.482655688275542,9.158868499995151,False
case_063,5,3,3,431150,2.482655688275542,13.224823599994124,False
case_063,5,4,3,431150,2.482655688275542,13.224823599994124,True
case_063,5,5,3,431150,2.482655688275542,13.224823599994124,True
case_063,5,6,3,431150,2.482655688275542,13.224823599994124,True
case_064,2,1,1,17589,1.0868156234009894,0.18810300000041025,False
case_064,2,2,2,17589,1.0868156234009894,0.353408800001489,False
case_064,2,3,3,17589,1.0868156234009894,0.48570309999922756,False
case_064,2,4,3,17589,1.0868156234009894,0.48570309999922756,True
case_064,2,5,3,17589,1.0868156234009894,0.48570309999922756,True
case_064,2,6,3,17589,1.0868156234009894,0.48570309999922756,True
case_064,3,1,1,16689,1.145425130325364,0.20818580000195652,False
case_064,3,2,2,15464,1.236161407139162,0.33916100000351435,False
case_064,3,3,3,13511,1.4148471615720524,0.4823208000016166,False
case_064,3,4,4,13388,1.4278458320884375,0.6477718000023742,False
case_064,3,5,4,13388,1.4278458320884375,0.6477718000023742,True
case_064,3,6,4,13388,1.4278458320884375,0.6477718000023742,True
case_064,4,1,1,14474,1.3207130026253973,0.20315760000084992,False
case_064,4,2,2,14474,1.3207130026253973,0.3436524999997346,False
case_064,4,3,3,14389,1.3285148377232607,0.48353180000412976,False
case_064,4,4,3,14389,1.3285148377232607,0.48353180000412976,True
case_064,4,5,3,14389,1.3285148377232607,0.48353180000412976,True
case_064,4,6,3,14389,1.3285148377232607,0.48353180000412976,True
case_064,5,1,1,11263,1.6972387463375656,0.2041795999975875,False
case_064,5,2,2,10807,1.7688535208661054,0.3818840000021737,False
case_064,5,3,3,10775,1.774106728538283,0.535741899999266,False
case_064,5,4,3,10775,1.774106728538283,0.535741899999266,True
case_064,5,5,3,10775,1.774106728538283,0.535741899999266,True
case_064,5,6,3,10775,1.774106728538283,0.535741899999266,True
case_065,2,1,1,26928,1.970736779560309,0.20208980000461452,False
case_065,2,2,2,26928,1.970736779560309,0.33010579999972833,False
case_065,2,3,3,26928,1.970736779560309,0.47209420000581304,False
case_065,2,4,3,26928,1.970736779560309,0.47209420000581304,True
case_065,2,5,3,26928,1.970736779560309,0.47209420000581304,True
case_065,2,6,3,26928,1.970736779560309,0.47209420000581304,True
case_065,3,1,1,18165,2.921442334159097,0.201385799999116,False
case_065,3,2,2,18165,2.921442334159097,0.33499619999929564,False
case_065,3,3,3,18165,2.921442334159097,0.48645480000413954,False
case_065,3,4,4,18165,2.921442334159097,0.62822540000343,False
case_065,3,5,4,18165,2.921442334159097,0.62822540000343,True
case_065,3,6,4,18165,2.921442334159097,0.62822540000343,True
case_065,4,1,1,14502,3.659357330023445,0.21082510000269394,False
case_065,4,2,2,14502,3.659357330023445,0.3596146999989287,False
case_065,4,3,3,14502,3.659357330023445,0.4991613000020152,False
case_065,4,4,3,14502,3.659357330023445,0.4991613000020152,True
case_065,4,5,3,14502,3.659357330023445,0.4991613000020152,True
case_065,4,6,3,14502,3.659357330023445,0.4991613000020152,True
case_065,5,1,1,12156,4.365580783152352,0.21608659999765223,False
case_065,5,2,2,12156,4.365580783152352,0.381893099998706,False
case_065,5,3,3,12156,4.365580783152352,0.5280295999982627,False
case_065,5,4,3,12156,4.365580783152352,0.5280295999982627,True
case_065,5,5,3,12156,4.365580783152352,0.5280295999982627,True
case_065,5,6,3,12156,4.365580783152352,0.5280295999982627,True
case_066,2,1,1,193711,1.8536376354466189,2.024327799997991,False
case_066,2,2,2,193711,1.8536376354466189,4.061626199996681,False
case_066,2,3,3,193711,1.8536376354466189,5.5271020000000135,False
case_066,2,4,3,193711,1.8536376354466189,5.5271020000000135,True
case_066,2,5,3,193711,1.8536376354466189,5.5271020000000135,True
case_066,2,6,3,193711,1.8536376354466189,5.5271020000000135,True
case_066,3,1,1,149910,2.3952371422853713,1.9793344999998226,False
case_066,3,2,2,149910,2.3952371422853713,4.083584599997266,False
case_066,3,3,3,148617,2.416076222773976,5.649574600000051,False
case_066,3,4,4,147531,2.433861357951888,7.280120099996566,False
case_066,3,5,4,147531,2.433861357951888,7.280120099996566,True
case_066,3,6,4,147531,2.433861357951888,7.280120099996566,True
case_066,4,1,1,129828,2.765736204824845,1.9084657999992487,False
case_066,4,2,2,129828,2.765736204824845,4.11046570000326,False
case_066,4,3,3,129172,2.7797819960982255,5.674126300000353,False
case_066,4,4,4,129142,2.7804277462018554,7.201627400005236,False
case_066,4,5,4,129142,2.7804277462018554,7.201627400005236,True
case_066,4,6,4,129142,2.7804277462018554,7.201627400005236,True
case_066,5,1,1,120969,2.9682811298762495,1.9608765999946627,False
case_066,5,2,2,120969,2.9682811298762495,3.8814867999972194,False
case_066,5,3,3,112718,3.1855604251317446,5.549450899998192,False
case_066,5,4,3,112718,3.1855604251317446,5.549450899998192,True
case_066,5,5,3,112718,3.1855604251317446,5.549450899998192,True
case_066,5,6,3,112718,3.1855604251317446,5.549450899998192,True
case_067,2,1,1,33768704,1.890354868223548,14.820920600002864,False
case_067,2,2,2,30388702,2.100610746717645,17.78825310000684,False
case_067,2,3,2,30388702,2.100610746717645,17.78825310000684,True
case_067,2,4,2,30388702,2.100610746717645,17.78825310000684,True
case_067,2,5,2,30388702,2.100610746717645,17.78825310000684,True
case_067,2,6,2,30388702,2.100610746717645,17.78825310000684,True
case_067,3,1,1,23568859,2.7084397254869232,9.811109900001611,False
case_067,3,2,2,20383899,3.131630214612033,12.730583199998364,False
case_067,3,3,2,20383899,3.131630214612033,12.730583199998364,True
case_067,3,4,2,20383899,3.131630214612033,12.730583199998364,True
case_067,3,5,2,20383899,3.131630214612033,12.730583199998364,True
case_067,3,6,2,20383899,3.131630214612033,12.730583199998364,True
case_067,4,1,1,18473155,3.4555458447677183,8.023179399999208,False
case_067,4,2,2,15452799,4.130956081160442,11.06813929999771,False
case_067,4,3,2,15452799,4.130956081160442,11.06813929999771,True
case_067,4,4,2,15452799,4.130956081160442,11.06813929999771,True
case_067,4,5,2,15452799,4.130956081160442,11.06813929999771,True
case_067,4,6,2,15452799,4.130956081160442,11.06813929999771,True
case_067,5,1,1,15931687,4.006784341168641,6.000313799995638,False
case_067,5,2,2,13395817,4.765281132162376,8.627973299997393,False
case_067,5,3,2,13395817,4.765281132162376,8.627973299997393,True
case_067,5,4,2,13395817,4.765281132162376,8.627973299997393,True
case_067,5,5,2,13395817,4.765281132162376,8.627973299997393,True
case_067,5,6,2,13395817,4.765281132162376,8.627973299997393,True
case_068,2,1,1,210904,1.716871183097523,1.8752752000000328,False
case_068,2,2,2,210904,1.716871183097523,3.3781997000041883,False
case_068,2,3,2,210904,1.716871183097523,3.3781997000041883,True
case_068,2,4,2,210904,1.716871183097523,3.3781997000041883,True
case_068,2,5,2,210904,1.716871183097523,3.3781997000041883,True
case_068,2,6,2,210904,1.716871183097523,3.3781997000041883,True
case_068,3,1,1,168562,2.1481413367188336,1.7591279999978724,False
case_068,3,2,2,168562,2.1481413367188336,3.338312699997914,False
case_068,3,3,3,168253,2.152086441252162,4.656502599995292,False
case_068,3,4,3,168253,2.152086441252162,4.656502599995292,True
case_068,3,5,3,168253,2.152086441252162,4.656502599995292,True
case_068,3,6,3,168253,2.152086441252162,4.656502599995292,True
case_068,4,1,1,145322,2.4916736626250673,1.739123399995151,False
case_068,4,2,2,145322,2.4916736626250673,3.4652024999959394,False
case_068,4,3,3,144691,2.5025398953632223,4.886419399997976,False
case_068,4,4,3,144691,2.5025398953632223,4.886419399997976,True
case_068,4,5,3,144691,2.5025398953632223,4.886419399997976,True
case_068,4,6,3,144691,2.5025398953632223,4.886419399997976,True
case_068,5,1,1,148067,2.4454807620874335,1.7927029999991646,False
case_068,5,2,2,148067,2.4454807620874335,3.3398119999983464,False
case_068,5,3,3,142558,2.539983725922081,4.774459299995215,False
case_068,5,4,4,142558,2.539983725922081,6.040500700000848,False
case_068,5,5,4,142558,2.539983725922081,6.040500700000848,True
case_068,5,6,4,142558,2.539983725922081,6.040500700000848,True
case_069,2,1,1,15079,1.6674845812056502,0.25187089999963064,False
case_069,2,2,2,15079,1.6674845812056502,0.3816004000036628,False
case_069,2,3,2,15079,1.6674845812056502,0.3816004000036628,True
case_069,2,4,2,15079,1.6674845812056502,0.3816004000036628,True
case_069,2,5,2,15079,1.6674845812056502,0.3816004000036628,True
case_069,2,6,2,15079,1.6674845812056502,0.3816004000036628,True
case_069,3,1,1,11285,2.2280903854674348,0.27351679999992484,False
case_069,3,2,2,11285,2.2280903854674348,0.421883600000001,False
case_069,3,3,2,11285,2.2280903854674348,0.421883600000001,True
case_069,3,4,2,11285,2.2280903854674348,0.421883600000001,True
case_069,3,5,2,11285,2.2280903854674348,0.421883600000001,True
case_069,3,6,2,11285,2.2280903854674348,0.421883600000001,True
case_069,4,1,1,11326,2.220024721878863,0.2539011999979266,False
case_069,4,2,2,11326,2.220024721878863,0.38014499999553664,False
case_069,4,3,2,11326,2.220024721878863,0.38014499999553664,True
case_069,4,4,2,11326,2.220024721878863,0.38014499999553664,True
case_069,4,5,2,11326,2.220024721878863,0.38014499999553664,True
case_069,4,6,2,11326,2.220024721878863,0.38014499999553664,True
case_069,5,1,1,11254,2.2342278301048517,0.25625679999939166,False
case_069,5,2,2,11254,2.2342278301048517,0.41294529999868246,False
case_069,5,3,3,11254,2.2342278301048517,0.601192699999956,False
case_069,5,4,4,9133,2.75309317858316,0.766584499993769,False
case_069,5,5,4,9133,2.75309317858316,0.766584499993769,True
case_069,5,6,4,9133,2.75309317858316,0.766584499993769,True
case_070,2,1,1,58525,2.0042716787697565,0.40351229999942007,False
case_070,2,2,2,58525,2.0042716787697565,0.6743951000025845,False
case_070,2,3,3,58525,2.0042716787697565,0.918160600005649,False
case_070,2,4,4,58525,2.0042716787697565,1.2393054000058328,False
case_070,2,5,4,58525,2.0042716787697565,1.2393054000058328,True
case_070,2,6,4,58525,2.0042716787697565,1.2393054000058328,True
case_070,3,1,1,45661,2.568931911259061,0.39243510000233073,False
case_070,3,2,2,45661,2.568931911259061,0.6784203999995952,False
case_070,3,3,3,45661,2.568931911259061,0.9241514000023017,False
case_070,3,4,3,45661,2.568931911259061,0.9241514000023017,True
case_070,3,5,3,45661,2.568931911259061,0.9241514000023017,True
case_070,3,6,3,45661,2.568931911259061,0.9241514000023017,True
case_070,4,1,1,36336,3.228203434610304,0.4096060000010766,False
case_070,4,2,2,36336,3.228203434610304,0.6960917999967933,False
case_070,4,3,3,36336,3.228203434610304,0.9913662999970256,False
case_070,4,4,4,36336,3.228203434610304,1.2395699999979115,False
case_070,4,5,4,36336,3.228203434610304,1.2395699999979115,True
case_070,4,6,4,36336,3.228203434610304,1.2395699999979115,True
case_070,5,1,1,27664,4.240167727009832,0.4340221000020392,False
case_070,5,2,2,27664,4.240167727009832,0.7355543000012403,False
case_070,5,3,3,27664,4.240167727009832,1.0895585999969626,False
case_070,5,4,4,27664,4.240167727009832,1.3658189999987371,False
case_070,5,5,4,27664,4.240167727009832,1.3658189999987371,True
case_070,5,6,4,27664,4.240167727009832,1.3658189999987371,True
case_071,2,1,1,12639,1.4968747527494264,0.1680419000040274,False
case_071,2,2,2,12639,1.4968747527494264,0.273008000003756,False
case_071,2,3,3,12639,1.4968747527494264,0.386506200004078,False
case_071,2,4,4,11671,1.6210264758803872,0.530153200001223,False
case_071,2,5,4,11671,1.6210264758803872,0.530153200001223,True
case_071,2,6,4,11671,1.6210264758803872,0.530153200001223,True
case_071,3,1,1,10106,1.8720562042351079,0.16859839999960968,False
case_071,3,2,2,10106,1.8720562042351079,0.2852377000017441,False
case_071,3,3,2,10106,1.8720562042351079,0.2852377000017441,True
case_071,3,4,2,10106,1.8720562042351079,0.2852377000017441,True
case_071,3,5,2,10106,1.8720562042351079,0.2852377000017441,True
case_071,3,6,2,10106,1.8720562042351079,0.2852377000017441,True
case_071,4,1,1,9190,2.0586507072905333,0.17819220000092173,False
case_071,4,2,2,9190,2.0586507072905333,0.2766616000008071,False
case_071,4,3,3,9190,2.0586507072905333,0.39737549999699695,False
case_071,4,4,4,8078,2.342040108937856,0.544426200001908,False
case_071,4,5,4,8078,2.342040108937856,0.544426200001908,True
case_071,4,6,4,8078,2.342040108937856,0.544426200001908,True
case_071,5,1,1,7854,2.4088362617774384,0.17910370000026887,False
case_071,5,2,2,7854,2.4088362617774384,0.2780860999992001,False
case_071,5,3,3,7854,2.4088362617774384,0.4057466999947792,False
case_071,5,4,3,7854,2.4088362617774384,0.4057466999947792,True
case_071,5,5,3,7854,2.4088362617774384,0.4057466999947792,True
case_071,5,6,3,7854,2.4088362617774384,0.4057466999947792,True
case_072,2,1,1,11833111,2.0195727057745,548.5094003999984,False
case_072,2,2,2,11833111,2.0195727057745,889.3287990000026,False
case_072,2,3,3,11833111,2.0195727057745,1266.858676099997,False
case_072,2,4,4,11833111,2.0195727057745,1409.7340306999977,False
case_072,2,5,4,11833111,2.0195727057745,1409.7340306999977,True
case_072,2,6,4,11833111,2.0195727057745,1409.7340306999977,True
case_072,3,1,1,7945629,3.007669751507401,469.03886479999346,False
case_072,3,2,2,7945629,3.007669751507401,780.9728614999985,False
case_072,3,3,3,7945629,3.007669751507401,1137.6053203999982,False
case_072,3,4,4,7945629,3.007669751507401,1198.4905197999979,False
case_072,3,5,4,7945629,3.007669751507401,1198.4905197999979,True
case_072,3,6,4,7945629,3.007669751507401,1198.4905197999979,True
case_072,4,1,1,5994354,3.9867228395253265,407.19583760000387,False
case_072,4,2,2,5994354,3.9867228395253265,681.1733074000003,False
case_072,4,3,3,5994354,3.9867228395253265,1027.7607809999972,False
case_072,4,4,4,5994354,3.9867228395253265,1199.1002144000013,False
case_072,4,5,4,5994354,3.9867228395253265,1199.1002144000013,True
case_072,4,6,4,5994354,3.9867228395253265,1199.1002144000013,True
case_072,5,1,1,4863110,4.9141039376037146,395.56871639999736,False
case_072,5,2,2,4839734,4.937839145705115,695.8710623000006,False
case_072,5,3,3,4834146,4.943547009130465,1043.5407364999992,False
case_072,5,4,4,4834146,4.943547009130465,1108.0452665999983,False
case_072,5,5,5,4834146,4.943547009130465,1445.4281532000023,False
case_072,5,6,5,4834146,4.943547009130465,1445.4281532000023,True
case_073,2,1,1,5980423,1.6857713910872192,4.3981617000026745,False
case_073,2,2,2,4334657,2.3258186287865454,5.803324400003476,False
case_073,2,3,2,4334657,2.3258186287865454,5.803324400003476,True
case_073,2,4,2,4334657,2.3258186287865454,5.803324400003476,True
case_073,2,5,2,4334657,2.3258186287865454,5.803324400003476,True
case_073,2,6,2,4334657,2.3258186287865454,5.803324400003476,True
case_073,3,1,1,4515227,2.232806013961203,3.1055697000047076,False
case_073,3,2,2,2982076,3.3807407993625915,4.467684300005203,False
case_073,3,3,2,2982076,3.3807407993625915,4.467684300005203,True
case_073,3,4,2,2982076,3.3807407993625915,4.467684300005203,True
case_073,3,5,2,2982076,3.3807407993625915,4.467684300005203,True
case_073,3,6,2,2982076,3.3807407993625915,4.467684300005203,True
case_073,4,1,1,3903787,2.5825246100773427,2.4572196999943117,False
case_073,4,2,2,2351066,4.288108458035632,3.984647999997833,False
case_073,4,3,2,2351066,4.288108458035632,3.984647999997833,True
case_073,4,4,2,2351066,4.288108458035632,3.984647999997833,True
case_073,4,5,2,2351066,4.288108458035632,3.984647999997833,True
case_073,4,6,2,2351066,4.288108458035632,3.984647999997833,True
case_073,5,1,1,3517515,2.8661216796516857,2.1789695999977994,False
case_073,5,2,2,2297647,4.387804567020086,3.4874788999950397,False
case_073,5,3,3,2297647,4.387804567020086,5.636780499997258,False
case_073,5,4,3,2297647,4.387804567020086,5.636780499997258,True
case_073,5,5,3,2297647,4.387804567020086,5.636780499997258,True
case_073,5,6,3,2297647,4.387804567020086,5.636780499997258,True
case_074,2,1,1,822510,2.0452505136715664,4.181392999998934,False
case_074,2,2,2,822510,2.0452505136715664,7.73988300000201,False
case_074,2,3,3,822510,2.0452505136715664,10.510342699999455,False
case_074,2,4,4,822510,2.0452505136715664,13.602182199996605,False
case_074,2,5,4,822510,2.0452505136715664,13.602182199996605,True
case_074,2,6,4,822510,2.0452505136715664,13.602182199996605,True
case_074,3,1,1,553814,3.0375523190096314,3.810399599999073,False
case_074,3,2,2,553814,3.0375523190096314,7.147421000001486,False
case_074,3,3,3,553814,3.0375523190096314,9.737857899999653,False
case_074,3,4,4,553814,3.0375523190096314,12.625743699994928,False
case_074,3,5,4,553814,3.0375523190096314,12.625743699994928,True
case_074,3,6,4,553814,3.0375523190096314,12.625743699994928,True
case_074,4,1,1,423088,3.9760971712740614,3.730741700004728,False
case_074,4,2,2,423088,3.9760971712740614,7.2687552999996115,False
case_074,4,3,3,423088,3.9760971712740614,10.284661900004721,False
case_074,4,4,3,423088,3.9760971712740614,10.284661900004721,True
case_074,4,5,3,423088,3.9760971712740614,10.284661900004721,True
case_074,4,6,3,423088,3.9760971712740614,10.284661900004721,True
case_074,5,1,1,347042,4.847364295964177,3.762771099995007,False
case_074,5,2,2,347042,4.847364295964177,6.801861699997971,False
case_074,5,3,3,347042,4.847364295964177,9.158383399997547,False
case_074,5,4,3,347042,4.847364295964177,9.158383399997547,True
case_074,5,5,3,347042,4.847364295964177,9.158383399997547,True
case_074,5,6,3,347042,4.847364295964177,9.158383399997547,True
case_075,2,1,1,781291,1.845418672428071,2.1347913999998127,False
case_075,2,2,2,781291,1.845418672428071,3.8760222000055364,False
case_075,2,3,2,781291,1.845418672428071,3.8760222000055364,True
case_075,2,4,2,781291,1.845418672428071,3.8760222000055364,True
case_075,2,5,2,781291,1.845418672428071,3.8760222000055364,True
case_075,2,6,2,781291,1.845418672428071,3.8760222000055364,True
case_075,3,1,1,622899,2.3146754128678966,2.159095300004992,False
case_075,3,2,2,621902,2.3183861766001717,3.919514100001834,False
case_075,3,3,2,621902,2.3183861766001717,3.919514100001834,True
case_075,3,4,2,621902,2.3183861766001717,3.919514100001834,True
case_075,3,5,2,621902,2.3183861766001717,3.919514100001834,True
case_075,3,6,2,621902,2.3183861766001717,3.919514100001834,True
case_075,4,1,1,457594,3.1508476946813113,2.22708319999947,False
case_075,4,2,2,457594,3.1508476946813113,4.090951300000597,False
case_075,4,3,2,457594,3.1508476946813113,4.090951300000597,True
case_075,4,4,2,457594,3.1508476946813113,4.090951300000597,True
case_075,4,5,2,457594,3.1508476946813113,4.090951300000597,True
case_075,4,6,2,457594,3.1508476946813113,4.090951300000597,True
case_075,5,1,1,403575,3.572592454934027,2.508627399998659,False
case_075,5,2,2,395938,3.641501952325869,4.602732399995148,False
case_075,5,3,2,395938,3.641501952325869,4.602732399995148,True
case_075,5,4,2,395938,3.641501952325869,4.602732399995148,True
case_075,5,5,2,395938,3.641501952325869,4.602732399995148,True
case_075,5,6,2,395938,3.641501952325869,4.602732399995148,True
case_076,2,1,1,3069464,2.015046600970072,697.231721600001,False
case_076,2,2,1,3069464,2.015046600970072,697.231721600001,True
case_076,2,3,1,3069464,2.015046600970072,697.231721600001,True
case_076,2,4,1,3069464,2.015046600970072,697.231721600001,True
case_076,2,5,1,3069464,2.015046600970072,697.231721600001,True
case_076,2,6,1,3069464,2.015046600970072,697.231721600001,True
case_076,3,1,1,2061609,3.0001387265965564,636.962434400004,False
case_076,3,2,1,2061609,3.0001387265965564,636.962434400004,True
case_076,3,3,1,2061609,3.0001387265965564,636.962434400004,True
case_076,3,4,1,2061609,3.0001387265965564,636.962434400004,True
case_076,3,5,1,2061609,3.0001387265965564,636.962434400004,True
case_076,3,6,1,2061609,3.0001387265965564,636.962434400004,True
case_076,4,1,1,1550155,3.9899964842225453,568.4441903999978,False
case_076,4,2,1,1550155,3.9899964842225453,568.4441903999978,True
case_076,4,3,1,1550155,3.9899964842225453,568.4441903999978,True
case_076,4,4,1,1550155,3.9899964842225453,568.4441903999978,True
case_076,4,5,1,1550155,3.9899964842225453,568.4441903999978,True
case_076,4,6,1,1550155,3.9899964842225453,568.4441903999978,True
case_076,5,1,1,1238120,4.995568280942074,514.4797868000023,False
case_076,5,2,1,1238120,4.995568280942074,514.4797868000023,True
case_076,5,3,1,1238120,4.995568280942074,514.4797868000023,True
case_076,5,4,1,1238120,4.995568280942074,514.4797868000023,True
case_076,5,5,1,1238120,4.995568280942074,514.4797868000023,True
case_076,5,6,1,1238120,4.995568280942074,514.4797868000023,True
case_077,2,1,1,250735,1.9754721119907472,3.5464053000032436,False
case_077,2,2,2,250735,1.9754721119907472,4.722054199999548,False
case_077,2,3,3,250735,1.9754721119907472,6.436756299997796,False
case_077,2,4,4,250735,1.9754721119907472,7.800922000002174,False
case_077,2,5,4,250735,1.9754721119907472,7.800922000002174,True
case_077,2,6,4,250735,1.9754721119907472,7.800922000002174,True
case_077,3,1,1,178739,2.771191513883372,3.071487799999886,False
case_077,3,2,2,178739,2.771191513883372,4.216514800005825,False
case_077,3,3,2,178739,2.771191513883372,4.216514800005825,True
case_077,3,4,2,178739,2.771191513883372,4.216514800005825,True
case_077,3,5,2,178739,2.771191513883372,4.216514800005825,True
case_077,3,6,2,178739,2.771191513883372,4.216514800005825,True
case_077,4,1,1,144734,3.4222781101883455,3.0551832000055583,False
case_077,4,2,2,144734,3.4222781101883455,4.259201500004565,False
case_077,4,3,3,144734,3.4222781101883455,6.927397500003281,False
case_077,4,4,3,144734,3.4222781101883455,6.927397500003281,True
case_077,4,5,3,144734,3.4222781101883455,6.927397500003281,True
case_077,4,6,3,144734,3.4222781101883455,6.927397500003281,True
case_077,5,1,1,121081,4.090815239385205,2.9922256999998353,False
case_077,5,2,2,121081,4.090815239385205,4.193755699998292,False
case_077,5,3,3,121081,4.090815239385205,6.874512999995204,False
case_077,5,4,3,121081,4.090815239385205,6.874512999995204,True
case_077,5,5,3,121081,4.090815239385205,6.874512999995204,True
case_077,5,6,3,121081,4.090815239385205,6.874512999995204,True
case_078,2,1,1,1260358,1.8218180866071385,0.27931200000602985,False
case_078,2,2,2,1226324,1.8723787514555696,0.44910080000408925,False
case_078,2,3,3,1151684,1.993726577776543,0.6993363000001409,False
case_078,2,4,3,1151684,1.993726577776543,0.6993363000001409,True
case_078,2,5,3,1151684,1.993726577776543,0.6993363000001409,True
case_078,2,6,3,1151684,1.993726577776543,0.6993363000001409,True
case_078,3,1,1,932672,2.461897644616757,0.29118799999559997,False
case_078,3,2,2,932672,2.461897644616757,0.48745819999749074,False
case_078,3,3,3,893942,2.568559257759452,0.7804172999967705,False
case_078,3,4,3,893942,2.568559257759452,0.7804172999967705,True
case_078,3,5,3,893942,2.568559257759452,0.7804172999967705,True
case_078,3,6,3,893942,2.568559257759452,0.7804172999967705,True
case_078,4,1,1,690924,3.3232931552529656,0.23834839999472024,False
case_078,4,2,2,690924,3.3232931552529656,0.37726159999874653,False
case_078,4,3,3,690924,3.3232931552529656,0.6918269999951008,False
case_078,4,4,3,690924,3.3232931552529656,0.6918269999951008,True
case_078,4,5,3,690924,3.3232931552529656,0.6918269999951008,True
case_078,4,6,3,690924,3.3232931552529656,0.6918269999951008,True
case_078,5,1,1,681261,3.3704307159810996,0.24975789999734843,False
case_078,5,2,2,663941,3.458353980248245,0.41980689999763854,False
case_078,5,3,3,663941,3.458353980248245,0.5894831000041449,False
case_078,5,4,4,663941,3.458353980248245,0.9024657999980263,False
case_078,5,5,4,663941,3.458353980248245,0.9024657999980263,True
case_078,5,6,4,663941,3.458353980248245,0.9024657999980263,True
case_079,2,1,1,15446486,2.010311665708304,96.50599209999928,False
case_079,2,2,2,15446486,2.010311665708304,146.83480150000105,False
case_079,2,3,2,15446486,2.010311665708304,146.83480150000105,True
case_079,2,4,2,15446486,2.010311665708304,146.83480150000105,True
case_079,2,5,2,15446486,2.010311665708304,146.83480150000105,True
case_079,2,6,2,15446486,2.010311665708304,146.83480150000105,True
case_079,3,1,1,10181692,3.049812447675691,123.00466439999582,False
case_079,3,2,2,10181692,3.049812447675691,234.5687695000015,False
case_079,3,3,2,10181692,3.049812447675691,234.5687695000015,True
case_079,3,4,2,10181692,3.049812447675691,234.5687695000015,True
case_079,3,5,2,10181692,3.049812447675691,234.5687695000015,True
case_079,3,6,2,10181692,3.049812447675691,234.5687695000015,True
case_079,4,1,1,7635624,4.066760097144647,38.36080519999814,False
case_079,4,2,2,7635624,4.066760097144647,59.9923112999968,False
case_079,4,3,2,7635624,4.066760097144647,59.9923112999968,True
case_079,4,4,2,7635624,4.066760097144647,59.9923112999968,True
case_079,4,5,2,7635624,4.066760097144647,59.9923112999968,True
case_079,4,6,2,7635624,4.066760097144647,59.9923112999968,True
case_079,5,1,1,6075976,5.110660575354478,149.22274050000124,False
case_079,5,2,2,6075976,5.110660575354478,279.7407647,False
case_079,5,3,2,6075976,5.110660575354478,279.7407647,True
case_079,5,4,2,6075976,5.110660575354478,279.7407647,True
case_079,5,5,2,6075976,5.110660575354478,279.7407647,True
case_079,5,6,2,6075976,5.110660575354478,279.7407647,True
case_080,2,1,1,145926,2.0019598974822856,0.4658214000010048,False
case_080,2,2,1,145926,2.0019598974822856,0.4658214000010048,True
case_080,2,3,1,145926,2.0019598974822856,0.4658214000010048,True
case_080,2,4,1,145926,2.0019598974822856,0.4658214000010048,True
case_080,2,5,1,145926,2.0019598974822856,0.4658214000010048,True
case_080,2,6,1,145926,2.0019598974822856,0.4658214000010048,True
case_080,3,1,1,100325,2.9119162721156244,0.3216956000032951,False
case_080,3,2,1,100325,2.9119162721156244,0.3216956000032951,True
case_080,3,3,1,100325,2.9119162721156244,0.3216956000032951,True
case_080,3,4,1,100325,2.9119162721156244,0.3216956000032951,True
case_080,3,5,1,100325,2.9119162721156244,0.3216956000032951,True
case_080,3,6,1,100325,2.9119162721156244,0.3216956000032951,True
case_080,4,1,1,101166,2.8877093094517923,0.3763792000027024,False
case_080,4,2,2,100325,2.9119162721156244,0.6258806000041659,False
case_080,4,3,2,100325,2.9119162721156244,0.6258806000041659,True
case_080,4,4,2,100325,2.9119162721156244,0.6258806000041659,True
case_080,4,5,2,100325,2.9119162721156244,0.6258806000041659,True
case_080,4,6,2,100325,2.9119162721156244,0.6258806000041659,True
case_080,5,1,1,100325,2.9119162721156244,0.3443628999957582,False
case_080,5,2,1,100325,2.9119162721156244,0.3443628999957582,True
case_080,5,3,1,100325,2.9119162721156244,0.3443628999957582,True
case_080,5,4,1,100325,2.9119162721156244,0.3443628999957582,True
case_080,5,5,1,100325,2.9119162721156244,0.3443628999957582,True
case_080,5,6,1,100325,2.9119162721156244,0.3443628999957582,True
case_081,2,1,1,76860,1.9749544626593807,2.144220399997721,False
case_081,2,2,1,76860,1.9749544626593807,2.144220399997721,True
case_081,2,3,1,76860,1.9749544626593807,2.144220399997721,True
case_081,2,4,1,76860,1.9749544626593807,2.144220399997721,True
case_081,2,5,1,76860,1.9749544626593807,2.144220399997721,True
case_081,2,6,1,76860,1.9749544626593807,2.144220399997721,True
case_081,3,1,1,51943,2.9223379473653814,1.6236320999960299,False
case_081,3,2,1,51943,2.9223379473653814,1.6236320999960299,True
case_081,3,3,1,51943,2.9223379473653814,1.6236320999960299,True
case_081,3,4,1,51943,2.9223379473653814,1.6236320999960299,True
case_081,3,5,1,51943,2.9223379473653814,1.6236320999960299,True
case_081,3,6,1,51943,2.9223379473653814,1.6236320999960299,True
case_081,4,1,1,39588,3.834369000707285,1.3651958999980707,False
case_081,4,2,1,39588,3.834369000707285,1.3651958999980707,True
case_081,4,3,1,39588,3.834369000707285,1.3651958999980707,True
case_081,4,4,1,39588,3.834369000707285,1.3651958999980707,True
case_081,4,5,1,39588,3.834369000707285,1.3651958999980707,True
case_081,4,6,1,39588,3.834369000707285,1.3651958999980707,True
case_081,5,1,1,30943,4.905632937982743,1.335523199995805,False
case_081,5,2,1,30943,4.905632937982743,1.335523199995805,True
case_081,5,3,1,30943,4.905632937982743,1.335523199995805,True
case_081,5,4,1,30943,4.905632937982743,1.335523199995805,True
case_081,5,5,1,30943,4.905632937982743,1.335523199995805,True
case_081,5,6,1,30943,4.905632937982743,1.335523199995805,True
case_082,2,1,1,381109,1.8919547950848707,1.2080392000061693,False
case_082,2,2,2,381109,1.8919547950848707,2.5074129000058747,False
case_082,2,3,3,381109,1.8919547950848707,3.467704100003175,False
case_082,2,4,3,381109,1.8919547950848707,3.467704100003175,True
case_082,2,5,3,381109,1.8919547950848707,3.467704100003175,True
case_082,2,6,3,381109,1.8919547950848707,3.467704100003175,True
case_082,3,1,1,270613,2.664472881938414,1.1499703000008594,False
case_082,3,2,2,270613,2.664472881938414,2.4807402000005823,False
case_082,3,3,3,270408,2.666492855240969,3.3895659999980126,False
case_082,3,4,3,270408,2.666492855240969,3.3895659999980126,True
case_082,3,5,3,270408,2.666492855240969,3.3895659999980126,True
case_082,3,6,3,270408,2.666492855240969,3.3895659999980126,True
case_082,4,1,1,218159,3.305116910143519,1.0279588000048534,False
case_082,4,2,2,218159,3.305116910143519,2.4758590000055847,False
case_082,4,3,3,216662,3.3279532174539144,3.362299799999164,False
case_082,4,4,3,216662,3.3279532174539144,3.362299799999164,True
case_082,4,5,3,216662,3.3279532174539144,3.362299799999164,True
case_082,4,6,3,216662,3.3279532174539144,3.362299799999164,True
case_082,5,1,1,207263,3.478869841698711,1.0487103999985266,False
case_082,5,2,2,207263,3.478869841698711,2.605664100003196,False
case_082,5,3,3,206645,3.4892738754869463,3.3805778000023565,False
case_082,5,4,3,206645,3.4892738754869463,3.3805778000023565,True
case_082,5,5,3,206645,3.4892738754869463,3.3805778000023565,True
case_082,5,6,3,206645,3.4892738754869463,3.3805778000023565,True
case_083,2,1,1,644672,1.6411337858631987,2.3579963999945903,False
case_083,2,2,2,519948,2.034805403617285,3.487662099993031,False
case_083,2,3,2,519948,2.034805403617285,3.487662099993031,True
case_083,2,4,2,519948,2.034805403617285,3.487662099993031,True
case_083,2,5,2,519948,2.034805403617285,3.487662099993031,True
case_083,2,6,2,519948,2.034805403617285,3.487662099993031,True
case_083,3,1,1,512623,2.0638812538649263,1.7125345999957062,False
case_083,3,2,2,424902,2.4899694517794693,2.8763300999999046,False
case_083,3,3,3,424902,2.4899694517794693,5.013532699995267,False
case_083,3,4,3,424902,2.4899694517794693,5.013532699995267,True
case_083,3,5,3,424902,2.4899694517794693,5.013532699995267,True
case_083,3,6,3,424902,2.4899694517794693,5.013532699995267,True
case_083,4,1,1,450029,2.350944050272316,1.3389217000003555,False
case_083,4,2,2,450029,2.350944050272316,2.7749516000039876,False
case_083,4,3,3,400514,2.6415880593437433,4.034904899999674,False
case_083,4,4,3,400514,2.6415880593437433,4.034904899999674,True
case_083,4,5,3,400514,2.6415880593437433,4.034904899999674,True
case_083,4,6,3,400514,2.6415880593437433,4.034904899999674,True
case_083,5,1,1,442480,2.3910527029470257,1.1971601000041119,False
case_083,5,2,2,442480,2.3910527029470257,2.326684400002705,False
case_083,5,3,3,347213,3.0471007709964777,3.370792800000345,False
case_083,5,4,3,347213,3.0471007709964777,3.370792800000345,True
case_083,5,5,3,347213,3.0471007709964777,3.370792800000345,True
case_083,5,6,3,347213,3.0471007709964777,3.370792800000345,True
case_084,2,1,1,1255052,1.9978550689533183,17.92843559999892,False
case_084,2,2,2,1255052,1.9978550689533183,32.15234419999615,False
case_084,2,3,2,1255052,1.9978550689533183,32.15234419999615,True
case_084,2,4,2,1255052,1.9978550689533183,32.15234419999615,True
case_084,2,5,2,1255052,1.9978550689533183,32.15234419999615,True
case_084,2,6,2,1255052,1.9978550689533183,32.15234419999615,True
case_084,3,1,1,836220,2.998507569778288,11.870952899997064,False
case_084,3,2,2,836220,2.998507569778288,29.17791799999395,False
case_084,3,3,3,836220,2.998507569778288,35.96362199999567,False
case_084,3,4,3,836220,2.998507569778288,35.96362199999567,True
case_084,3,5,3,836220,2.998507569778288,35.96362199999567,True
case_084,3,6,3,836220,2.998507569778288,35.96362199999567,True
case_084,4,1,1,629028,3.986169137144928,9.319958100000804,False
case_084,4,2,2,629028,3.986169137144928,20.46212760000344,False
case_084,4,3,2,629028,3.986169137144928,20.46212760000344,True
case_084,4,4,2,629028,3.986169137144928,20.46212760000344,True
case_084,4,5,2,629028,3.986169137144928,20.46212760000344,True
case_084,4,6,2,629028,3.986169137144928,20.46212760000344,True
case_084,5,1,1,503472,4.98024120507198,7.947187500001746,False
case_084,5,2,2,503472,4.98024120507198,16.421567200006393,False
case_084,5,3,2,503472,4.98024120507198,16.421567200006393,True
case_084,5,4,2,503472,4.98024120507198,16.421567200006393,True
case_084,5,5,2,503472,4.98024120507198,16.421567200006393,True
case_084,5,6,2,503472,4.98024120507198,16.421567200006393,True
case_085,2,1,1,1650478,1.9315004501726167,8.138795599996229,False
case_085,2,2,2,1649858,1.9322262885654402,15.228380499997002,False
case_085,2,3,2,1649858,1.9322262885654402,15.228380499997002,True
case_085,2,4,2,1649858,1.9322262885654402,15.228380499997002,True
case_085,2,5,2,1649858,1.9322262885654402,15.228380499997002,True
case_085,2,6,2,1649858,1.9322262885654402,15.228380499997002,True
case_085,3,1,1,1188808,2.681592822390159,7.919199899995874,False
case_085,3,2,2,1188808,2.681592822390159,13.442666199996893,False
case_085,3,3,2,1188808,2.681592822390159,13.442666199996893,True
case_085,3,4,2,1188808,2.681592822390159,13.442666199996893,True
case_085,3,5,2,1188808,2.681592822390159,13.442666199996893,True
case_085,3,6,2,1188808,2.681592822390159,13.442666199996893,True
case_085,4,1,1,892850,3.5704754438035504,7.283270799998718,False
case_085,4,2,2,891725,3.5749799545824104,13.417099400001462,False
case_085,4,3,2,891725,3.5749799545824104,13.417099400001462,True
case_085,4,4,2,891725,3.5749799545824104,13.417099400001462,True
case_085,4,5,2,891725,3.5749799545824104,13.417099400001462,True
case_085,4,6,2,891725,3.5749799545824104,13.417099400001462,True
case_085,5,1,1,814800,3.9124926362297496,6.968229500002053,False
case_085,5,2,2,799811,3.985815398887987,13.430712900000799,False
case_085,5,3,2,799811,3.985815398887987,13.430712900000799,True
case_085,5,4,2,799811,3.985815398887987,13.430712900000799,True
case_085,5,5,2,799811,3.985815398887987,13.430712900000799,True
case_085,5,6,2,799811,3.985815398887987,13.430712900000799,True
case_086,2,1,1,76068,1.556541515486144,1.35952950000501,False
case_086,2,2,2,76068,1.556541515486144,3.7920432000028086,False
case_086,2,3,2,76068,1.556541515486144,3.7920432000028086,True
case_086,2,4,2,76068,1.556541515486144,3.7920432000028086,True
case_086,2,5,2,76068,1.556541515486144,3.7920432000028086,True
case_086,2,6,2,76068,1.556541515486144,3.7920432000028086,True
case_086,3,1,1,60293,1.9637934751961257,1.5360508000012487,False
case_086,3,2,2,58291,2.0312398140364722,2.7636745999989216,False
case_086,3,3,2,58291,2.0312398140364722,2.7636745999989216,True
case_086,3,4,2,58291,2.0312398140364722,2.7636745999989216,True
case_086,3,5,2,58291,2.0312398140364722,2.7636745999989216,True
case_086,3,6,2,58291,2.0312398140364722,2.7636745999989216,True
case_086,4,1,1,49131,2.4099448413425333,1.2816950999986148,False
case_086,4,2,1,49131,2.4099448413425333,1.2816950999986148,True
case_086,4,3,1,49131,2.4099448413425333,1.2816950999986148,True
case_086,4,4,1,49131,2.4099448413425333,1.2816950999986148,True
case_086,4,5,1,49131,2.4099448413425333,1.2816950999986148,True
case_086,4,6,1,49131,2.4099448413425333,1.2816950999986148,True
case_086,5,1,1,52519,2.2544793312896285,1.5346176000020932,False
case_086,5,2,2,51776,2.28683173671199,2.812263799998618,False
case_086,5,3,3,51776,2.28683173671199,3.9654879000008805,False
case_086,5,4,3,51776,2.28683173671199,3.9654879000008805,True
case_086,5,5,3,51776,2.28683173671199,3.9654879000008805,True
case_086,5,6,3,51776,2.28683173671199,3.9654879000008805,True
case_087,2,1,1,1985234,2.0018148994022873,239.78538169999956,False
case_087,2,2,2,1985234,2.0018148994022873,269.34716820000176,False
case_087,2,3,3,1985234,2.0018148994022873,288.9545829999988,False
case_087,2,4,3,1985234,2.0018148994022873,288.9545829999988,True
case_087,2,5,3,1985234,2.0018148994022873,288.9545829999988,True
case_087,2,6,3,1985234,2.0018148994022873,288.9545829999988,True
case_087,3,1,1,1385253,2.8688412874760063,249.3895549999943,False
case_087,3,2,2,1385253,2.8688412874760063,277.1630686999997,False
case_087,3,3,3,1385253,2.8688412874760063,297.97350619999634,False
case_087,3,4,3,1385253,2.8688412874760063,297.97350619999634,True
case_087,3,5,3,1385253,2.8688412874760063,297.97350619999634,True
case_087,3,6,3,1385253,2.8688412874760063,297.97350619999634,True
case_087,4,1,1,1069661,3.715262125103187,195.27881449999404,False
case_087,4,2,2,1069661,3.715262125103187,225.65571919999638,False
case_087,4,3,3,1069661,3.715262125103187,244.63195819999964,False
case_087,4,4,3,1069661,3.715262125103187,244.63195819999964,True
case_087,4,5,3,1069661,3.715262125103187,244.63195819999964,True
case_087,4,6,3,1069661,3.715262125103187,244.63195819999964,True
case_087,5,1,1,888504,4.472766582930409,176.53717329999927,False
case_087,5,2,2,888504,4.472766582930409,207.8040836,False
case_087,5,3,3,888504,4.472766582930409,228.63029749999987,False
case_087,5,4,3,888504,4.472766582930409,228.63029749999987,True
case_087,5,5,3,888504,4.472766582930409,228.63029749999987,True
case_087,5,6,3,888504,4.472766582930409,228.63029749999987,True
case_088,2,1,1,148590,1.6395652466518609,0.9859317000009469,False
case_088,2,2,2,146889,1.658551695497961,1.7870484000013676,False
case_088,2,3,2,146889,1.658551695497961,1.7870484000013676,True
case_088,2,4,2,146889,1.658551695497961,1.7870484000013676,True
case_088,2,5,2,146889,1.658551695497961,1.7870484000013676,True
case_088,2,6,2,146889,1.658551695497961,1.7870484000013676,True
case_088,3,1,1,120388,2.0236485363989765,0.9387734999982058,False
case_088,3,2,2,120388,2.0236485363989765,1.9962570999996387,False
case_088,3,3,3,117618,2.071307112856876,2.6919484000027296,False
case_088,3,4,3,117618,2.071307112856876,2.6919484000027296,True
case_088,3,5,3,117618,2.071307112856876,2.6919484000027296,True
case_088,3,6,3,117618,2.071307112856876,2.6919484000027296,True
case_088,4,1,1,104492,2.3314990621291583,0.9932396999938646,False
case_088,4,2,2,104492,2.3314990621291583,2.0814930999986245,False
case_088,4,3,3,104484,2.331677577428123,2.8178009999974165,False
case_088,4,4,3,104484,2.331677577428123,2.8178009999974165,True
case_088,4,5,3,104484,2.331677577428123,2.8178009999974165,True
case_088,4,6,3,104484,2.331677577428123,2.8178009999974165,True
case_088,5,1,1,100511,2.423844156360995,0.9996453999992809,False
case_088,5,2,2,100511,2.423844156360995,1.8984873999943375,False
case_088,5,3,3,99239,2.454911879402251,2.671634799997264,False
case_088,5,4,3,99239,2.454911879402251,2.671634799997264,True
case_088,5,5,3,99239,2.454911879402251,2.671634799997264,True
case_088,5,6,3,99239,2.454911879402251,2.671634799997264,True
case_089,2,1,1,346832,1.998350786547954,2.730979499996465,False
case_089,2,2,2,344500,2.011878084179971,4.010375500001828,False
case_089,2,3,3,344500,2.011878084179971,5.298022900002252,False
case_089,2,4,3,344500,2.011878084179971,5.298022900002252,True
case_089,2,5,3,344500,2.011878084179971,5.298022900002252,True
case_089,2,6,3,344500,2.011878084179971,5.298022900002252,True
case_089,3,1,1,243614,2.8450417463692563,2.056563800004369,False
case_089,3,2,2,243614,2.8450417463692563,3.0951696999982232,False
case_089,3,3,3,243614,2.8450417463692563,4.623120399999607,False
case_089,3,4,3,243614,2.8450417463692563,4.623120399999607,True
case_089,3,5,3,243614,2.8450417463692563,4.623120399999607,True
case_089,3,6,3,243614,2.8450417463692563,4.623120399999607,True
case_089,4,1,1,178160,3.8902784014369107,1.729392999994161,False
case_089,4,2,2,178160,3.8902784014369107,2.59949190000043,False
case_089,4,3,2,178160,3.8902784014369107,2.59949190000043,True
case_089,4,4,2,178160,3.8902784014369107,2.59949190000043,True
case_089,4,5,2,178160,3.8902784014369107,2.59949190000043,True
case_089,4,6,2,178160,3.8902784014369107,2.59949190000043,True
case_089,5,1,1,147432,4.701096098540344,1.5109831000008853,False
case_089,5,2,2,147432,4.701096098540344,2.4382284000021173,False
case_089,5,3,3,147432,4.701096098540344,3.800262199998542,False
case_089,5,4,3,147432,4.701096098540344,3.800262199998542,True
case_089,5,5,3,147432,4.701096098540344,3.800262199998542,True
case_089,5,6,3,147432,4.701096098540344,3.800262199998542,True
case_090,2,1,1,697210,1.6901120178999154,0.597889299999224,False
case_090,2,2,2,697210,1.6901120178999154,1.1129335000005085,False
case_090,2,3,3,518935,2.2707333288369447,1.5573727000009967,False
case_090,2,4,3,518935,2.2707333288369447,1.5573727000009967,True
case_090,2,5,3,518935,2.2707333288369447,1.5573727000009967,True
case_090,2,6,3,518935,2.2707333288369447,1.5573727000009967,True
case_090,3,1,1,633807,1.859182684949835,0.4049224999980652,False
case_090,3,2,2,633807,1.859182684949835,0.7883632000011858,False
case_090,3,3,3,405128,2.908619004364053,1.2650760999968043,False
case_090,3,4,3,405128,2.908619004364053,1.2650760999968043,True
case_090,3,5,3,405128,2.908619004364053,1.2650760999968043,True
case_090,3,6,3,405128,2.908619004364053,1.2650760999968043,True
case_090,4,1,1,544126,2.1656068631162637,0.4744295999989845,False
case_090,4,2,2,544126,2.1656068631162637,0.8146740999945905,False
case_090,4,3,3,366328,3.21668832303291,1.3948278999960166,False
case_090,4,4,4,366328,3.21668832303291,1.7943379999996978,False
case_090,4,5,4,366328,3.21668832303291,1.7943379999996978,True
case_090,4,6,4,366328,3.21668832303291,1.7943379999996978,True
case_090,5,1,1,529948,2.223544574184637,0.44099110000388464,False
case_090,5,2,2,529948,2.223544574184637,0.7513554000033764,False
case_090,5,3,3,353945,3.3292262922205427,1.1975076000016998,False
case_090,5,4,4,353945,3.3292262922205427,1.5492617000054452,False
case_090,5,5,4,353945,3.3292262922205427,1.5492617000054452,True
case_090,5,6,4,353945,3.3292262922205427,1.5492617000054452,True
case_091,2,1,1,4590046,2.0014546695174733,752.6388647000058,False
case_091,2,2,1,4590046,2.0014546695174733,752.6388647000058,True
case_091,2,3,1,4590046,2.0014546695174733,752.6388647000058,True
case_091,2,4,1,4590046,2.0014546695174733,752.6388647000058,True
case_091,2,5,1,4590046,2.0014546695174733,752.6388647000058,True
case_091,2,6,1,4590046,2.0014546695174733,752.6388647000058,True
case_091,3,1,1,3070809,2.9916445470884057,699.1340853000002,False
case_091,3,2,1,3070809,2.9916445470884057,699.1340853000002,True
case_091,3,3,1,3070809,2.9916445470884057,699.1340853000002,True
case_091,3,4,1,3070809,2.9916445470884057,699.1340853000002,True
case_091,3,5,1,3070809,2.9916445470884057,699.1340853000002,True
case_091,3,6,1,3070809,2.9916445470884057,699.1340853000002,True
case_091,4,1,1,2315529,3.967460135459327,623.1460882000029,False
case_091,4,2,2,2315529,3.967460135459327,1112.2366121000014,False
case_091,4,3,3,2315529,3.967460135459327,1361.6734364000004,False
case_091,4,4,3,2315529,3.967460135459327,1361.6734364000004,True
case_091,4,5,3,2315529,3.967460135459327,1361.6734364000004,True
case_091,4,6,3,2315529,3.967460135459327,1361.6734364000004,True
case_091,5,1,1,1874503,4.900909200998878,532.5959363000002,False
case_091,5,2,2,1874503,4.900909200998878,1016.7783045999968,False
case_091,5,3,3,1874503,4.900909200998878,1299.0127144999933,False
case_091,5,4,3,1874503,4.900909200998878,1299.0127144999933,True
case_091,5,5,3,1874503,4.900909200998878,1299.0127144999933,True
case_091,5,6,3,1874503,4.900909200998878,1299.0127144999933,True
case_092,2,1,1,2828252,1.702660866146298,58.904019500005234,False
case_092,2,2,2,2374914,2.0276751073933625,65.19438830000581,False
case_092,2,3,2,2374914,2.0276751073933625,65.19438830000581,True
case_092,2,4,2,2374914,2.0276751073933625,65.19438830000581,True
case_092,2,5,2,2374914,2.0276751073933625,65.19438830000581,True
case_092,2,6,2,2374914,2.0276751073933625,65.19438830000581,True
case_092,3,1,1,2231804,2.157695747476033,36.40419819999806,False
case_092,3,2,2,1815473,2.652506536863947,43.55051749999984,False
case_092,3,3,2,1815473,2.652506536863947,43.55051749999984,True
case_092,3,4,2,1815473,2.652506536863947,43.55051749999984,True
case_092,3,5,2,1815473,2.652506536863947,43.55051749999984,True
case_092,3,6,2,1815473,2.652506536863947,43.55051749999984,True
case_092,4,1,1,1927728,2.4980464048869964,27.08512409999821,False
case_092,4,2,2,1927728,2.4980464048869964,62.37118519999785,False
case_092,4,3,3,1580222,3.047390809645733,69.41688540000177,False
case_092,4,4,3,1580222,3.047390809645733,69.41688540000177,True
case_092,4,5,3,1580222,3.047390809645733,69.41688540000177,True
case_092,4,6,3,1580222,3.047390809645733,69.41688540000177,True
case_092,5,1,1,1661234,2.89878126741928,46.24546650000411,False
case_092,5,2,2,1661234,2.89878126741928,72.62328479999996,False
case_092,5,3,3,1278737,3.7658674144878894,78.69890300000407,False
case_092,5,4,3,1278737,3.7658674144878894,78.69890300000407,True
case_092,5,5,3,1278737,3.7658674144878894,78.69890300000407,True
case_092,5,6,3,1278737,3.7658674144878894,78.69890300000407,True
case_093,2,1,1,37827,1.9616940280751844,0.171122200001264,False
case_093,2,2,1,37827,1.9616940280751844,0.171122200001264,True
case_093,2,3,1,37827,1.9616940280751844,0.171122200001264,True
case_093,2,4,1,37827,1.9616940280751844,0.171122200001264,True
case_093,2,5,1,37827,1.9616940280751844,0.171122200001264,True
case_093,2,6,1,37827,1.9616940280751844,0.171122200001264,True
case_093,3,1,1,25103,2.956021192686133,0.15458590000343975,False
case_093,3,2,1,25103,2.956021192686133,0.15458590000343975,True
case_093,3,3,1,25103,2.956021192686133,0.15458590000343975,True
case_093,3,4,1,25103,2.956021192686133,0.15458590000343975,True
case_093,3,5,1,25103,2.956021192686133,0.15458590000343975,True
case_093,3,6,1,25103,2.956021192686133,0.15458590000343975,True
case_093,4,1,1,19779,3.751706355225239,0.149180599997635,False
case_093,4,2,2,19779,3.751706355225239,0.25184160000208067,False
case_093,4,3,2,19779,3.751706355225239,0.25184160000208067,True
case_093,4,4,2,19779,3.751706355225239,0.25184160000208067,True
case_093,4,5,2,19779,3.751706355225239,0.25184160000208067,True
case_093,4,6,2,19779,3.751706355225239,0.25184160000208067,True
case_093,5,1,1,15876,4.674036281179139,0.1598117999965325,False
case_093,5,2,1,15876,4.674036281179139,0.1598117999965325,True
case_093,5,3,1,15876,4.674036281179139,0.1598117999965325,True
case_093,5,4,1,15876,4.674036281179139,0.1598117999965325,True
case_093,5,5,1,15876,4.674036281179139,0.1598117999965325,True
case_093,5,6,1,15876,4.674036281179139,0.1598117999965325,True
case_094,2,1,1,53614,1.7699108441824896,0.16287500000180444,False
case_094,2,2,2,53614,1.7699108441824896,0.26955489999818383,False
case_094,2,3,3,53614,1.7699108441824896,0.4015356000018073,False
case_094,2,4,3,53614,1.7699108441824896,0.4015356000018073,True
case_094,2,5,3,53614,1.7699108441824896,0.4015356000018073,True
case_094,2,6,3,53614,1.7699108441824896,0.4015356000018073,True
case_094,3,1,1,39889,2.37890145152799,0.17908770000212826,False
case_094,3,2,2,39889,2.37890145152799,0.29084720000537345,False
case_094,3,3,3,39889,2.37890145152799,0.41047059999982594,False
case_094,3,4,3,39889,2.37890145152799,0.41047059999982594,True
case_094,3,5,3,39889,2.37890145152799,0.41047059999982594,True
case_094,3,6,3,39889,2.37890145152799,0.41047059999982594,True
case_094,4,1,1,30709,3.090038750854798,0.18622689999756403,False
case_094,4,2,2,30709,3.090038750854798,0.30344959999638377,False
case_094,4,3,3,30709,3.090038750854798,0.4296641999972053,False
case_094,4,4,3,30709,3.090038750854798,0.4296641999972053,True
case_094,4,5,3,30709,3.090038750854798,0.4296641999972053,True
case_094,4,6,3,30709,3.090038750854798,0.4296641999972053,True
case_094,5,1,1,25530,3.716882099490795,0.1947273000041605,False
case_094,5,2,2,25530,3.716882099490795,0.32711830000334885,False
case_094,5,3,3,25530,3.716882099490795,0.4525095999997575,False
case_094,5,4,3,25530,3.716882099490795,0.4525095999997575,True
case_094,5,5,3,25530,3.716882099490795,0.4525095999997575,True
case_094,5,6,3,25530,3.716882099490795,0.4525095999997575,True
case_095,2,1,1,1042890,1.9991111238960964,3.249629800004186,False
case_095,2,2,2,1042890,1.9991111238960964,5.3444053000057465,False
case_095,2,3,2,1042890,1.9991111238960964,5.3444053000057465,True
case_095,2,4,2,1042890,1.9991111238960964,5.3444053000057465,True
case_095,2,5,2,1042890,1.9991111238960964,5.3444053000057465,True
case_095,2,6,2,1042890,1.9991111238960964,5.3444053000057465,True
case_095,3,1,1,695775,2.9964471273040854,2.3970982000028016,False
case_095,3,2,2,695775,2.9964471273040854,5.495794599999499,False
case_095,3,3,2,695775,2.9964471273040854,5.495794599999499,True
case_095,3,4,2,695775,2.9964471273040854,5.495794599999499,True
case_095,3,5,2,695775,2.9964471273040854,5.495794599999499,True
case_095,3,6,2,695775,2.9964471273040854,5.495794599999499,True
case_095,4,1,1,524422,3.9755254356224565,1.990622600002098,False
case_095,4,2,2,524422,3.9755254356224565,4.0600804000059725,False
case_095,4,3,2,524422,3.9755254356224565,4.0600804000059725,True
case_095,4,4,2,524422,3.9755254356224565,4.0600804000059725,True
case_095,4,5,2,524422,3.9755254356224565,4.0600804000059725,True
case_095,4,6,2,524422,3.9755254356224565,4.0600804000059725,True
case_095,5,1,1,420852,4.953886401870491,1.7567287999991095,False
case_095,5,2,2,420852,4.953886401870491,3.4005752000011853,False
case_095,5,3,2,420852,4.953886401870491,3.4005752000011853,True
case_095,5,4,2,420852,4.953886401870491,3.4005752000011853,True
case_095,5,5,2,420852,4.953886401870491,3.4005752000011853,True
case_095,5,6,2,420852,4.953886401870491,3.4005752000011853,True
case_096,2,1,1,47175,1.7847164811870695,0.3288315000027069,False
case_096,2,2,2,47175,1.7847164811870695,0.6006427999964217,False
case_096,2,3,2,47175,1.7847164811870695,0.6006427999964217,True
case_096,2,4,2,47175,1.7847164811870695,0.6006427999964217,True
case_096,2,5,2,47175,1.7847164811870695,0.6006427999964217,True
case_096,2,6,2,47175,1.7847164811870695,0.6006427999964217,True
case_096,3,1,1,33662,2.5011585764363375,0.33363439999811817,False
case_096,3,2,2,33662,2.5011585764363375,0.5895510999980615,False
case_096,3,3,3,33662,2.5011585764363375,0.8191494999991846,False
case_096,3,4,3,33662,2.5011585764363375,0.8191494999991846,True
case_096,3,5,3,33662,2.5011585764363375,0.8191494999991846,True
case_096,3,6,3,33662,2.5011585764363375,0.8191494999991846,True
case_096,4,1,1,26984,3.120145271271865,0.34431429999676766,False
case_096,4,2,2,26984,3.120145271271865,0.6085775999963516,False
case_096,4,3,3,26984,3.120145271271865,0.8171269999947981,False
case_096,4,4,3,26984,3.120145271271865,0.8171269999947981,True
case_096,4,5,3,26984,3.120145271271865,0.8171269999947981,True
case_096,4,6,3,26984,3.120145271271865,0.8171269999947981,True
case_096,5,1,1,27053,3.112187188112224,0.3224298999994062,False
case_096,5,2,2,27053,3.112187188112224,0.6143040999959339,False
case_096,5,3,2,27053,3.112187188112224,0.6143040999959339,True
case_096,5,4,2,27053,3.112187188112224,0.6143040999959339,True
case_096,5,5,2,27053,3.112187188112224,0.6143040999959339,True
case_096,5,6,2,27053,3.112187188112224,0.6143040999959339,True
case_097,2,1,1,5617602,2.045625339780212,8.598000499994669,False
case_097,2,2,2,5617602,2.045625339780212,16.879220399998303,False
case_097,2,3,2,5617602,2.045625339780212,16.879220399998303,True
case_097,2,4,2,5617602,2.045625339780212,16.879220399998303,True
case_097,2,5,2,5617602,2.045625339780212,16.879220399998303,True
case_097,2,6,2,5617602,2.045625339780212,16.879220399998303,True
case_097,3,1,1,3660459,3.1393628503966307,15.008280000001832,False
case_097,3,2,2,3660459,3.1393628503966307,29.10613039999589,False
case_097,3,3,2,3660459,3.1393628503966307,29.10613039999589,True
case_097,3,4,2,3660459,3.1393628503966307,29.10613039999589,True
case_097,3,5,2,3660459,3.1393628503966307,29.10613039999589,True
case_097,3,6,2,3660459,3.1393628503966307,29.10613039999589,True
case_097,4,1,1,2626908,4.37453805005733,4.727547300004517,False
case_097,4,2,1,2626908,4.37453805005733,4.727547300004517,True
case_097,4,3,1,2626908,4.37453805005733,4.727547300004517,True
case_097,4,4,1,2626908,4.37453805005733,4.727547300004517,True
case_097,4,5,1,2626908,4.37453805005733,4.727547300004517,True
case_097,4,6,1,2626908,4.37453805005733,4.727547300004517,True
case_097,5,1,1,2102348,5.466035594487687,13.7364430000016,False
case_097,5,2,1,2102348,5.466035594487687,13.7364430000016,True
case_097,5,3,1,2102348,5.466035594487687,13.7364430000016,True
case_097,5,4,1,2102348,5.466035594487687,13.7364430000016,True
case_097,5,5,1,2102348,5.466035594487687,13.7364430000016,True
case_097,5,6,1,2102348,5.466035594487687,13.7364430000016,True
case_098,2,1,1,89756,1.9768037791345425,0.4238346000056481,False
case_098,2,2,1,89756,1.9768037791345425,0.4238346000056481,True
case_098,2,3,1,89756,1.9768037791345425,0.4238346000056481,True
case_098,2,4,1,89756,1.9768037791345425,0.4238346000056481,True
case_098,2,5,1,89756,1.9768037791345425,0.4238346000056481,True
case_098,2,6,1,89756,1.9768037791345425,0.4238346000056481,True
case_098,3,1,1,98125,1.808203821656051,0.3997804999962682,False
case_098,3,2,2,89825,1.9752852769273588,0.7366524000026402,False
case_098,3,3,3,89756,1.9768037791345425,1.072579499996209,False
case_098,3,4,3,89756,1.9768037791345425,1.072579499996209,True
case_098,3,5,3,89756,1.9768037791345425,1.072579499996209,True
case_098,3,6,3,89756,1.9768037791345425,1.072579499996209,True
case_098,4,1,1,91047,1.948773710281503,0.389983500004746,False
case_098,4,2,2,89894,1.973769105835762,0.6863863000035053,False
case_098,4,3,3,89756,1.9768037791345425,1.044832800005679,False
case_098,4,4,3,89756,1.9768037791345425,1.044832800005679,True
case_098,4,5,3,89756,1.9768037791345425,1.044832800005679,True
case_098,4,6,3,89756,1.9768037791345425,1.044832800005679,True
case_098,5,1,1,86044,2.062084514899354,0.3875341999955708,False
case_098,5,2,2,83686,2.120187367062591,0.7216702000005171,False
case_098,5,3,3,83535,2.1240198719099777,1.0141145999950822,False
case_098,5,4,3,83535,2.1240198719099777,1.0141145999950822,True
case_098,5,5,3,83535,2.1240198719099777,1.0141145999950822,True
case_098,5,6,3,83535,2.1240198719099777,1.0141145999950822,True
case_099,2,1,1,811392,2.0002649767313456,11.134149800003797,False
case_099,2,2,1,811392,2.0002649767313456,11.134149800003797,True
case_099,2,3,1,811392,2.0002649767313456,11.134149800003797,True
case_099,2,4,1,811392,2.0002649767313456,11.134149800003797,True
case_099,2,5,1,811392,2.0002649767313456,11.134149800003797,True
case_099,2,6,1,811392,2.0002649767313456,11.134149800003797,True
case_099,3,1,1,539533,3.008155200886693,10.443123199998809,False
case_099,3,2,1,539533,3.008155200886693,10.443123199998809,True
case_099,3,3,1,539533,3.008155200886693,10.443123199998809,True
case_099,3,4,1,539533,3.008155200886693,10.443123199998809,True
case_099,3,5,1,539533,3.008155200886693,10.443123199998809,True
case_099,3,6,1,539533,3.008155200886693,10.443123199998809,True
case_099,4,1,1,406807,3.989604407003813,9.872554599998693,False
case_099,4,2,1,406807,3.989604407003813,9.872554599998693,True
case_099,4,3,1,406807,3.989604407003813,9.872554599998693,True
case_099,4,4,1,406807,3.989604407003813,9.872554599998693,True
case_099,4,5,1,406807,3.989604407003813,9.872554599998693,True
case_099,4,6,1,406807,3.989604407003813,9.872554599998693,True
case_099,5,1,1,337221,4.81286456062938,10.275839000001724,False
case_099,5,2,1,337221,4.81286456062938,10.275839000001724,True
case_099,5,3,1,337221,4.81286456062938,10.275839000001724,True
case_099,5,4,1,337221,4.81286456062938,10.275839000001724,True
case_099,5,5,1,337221,4.81286456062938,10.275839000001724,True
case_099,5,6,1,337221,4.81286456062938,10.275839000001724,True
case_100,2,1,1,90243,1.6757310816351407,0.46312599999509985,False
case_100,2,2,2,84557,1.788414915382523,0.7634471999990637,False
case_100,2,3,3,84557,1.788414915382523,1.149919499999669,False
case_100,2,4,4,83633,1.8081738069900637,1.4806409000011627,False
case_100,2,5,5,83633,1.8081738069900637,1.8460348000007798,False
case_100,2,6,5,83633,1.8081738069900637,1.8460348000007798,True
case_100,3,1,1,57811,2.6158170590372074,0.4999510000052396,False
case_100,3,2,2,57811,2.6158170590372074,0.9038736000002245,False
case_100,3,3,2,57811,2.6158170590372074,0.9038736000002245,True
case_100,3,4,2,57811,2.6158170590372074,0.9038736000002245,True
case_100,3,5,2,57811,2.6158170590372074,0.9038736000002245,True
case_100,3,6,2,57811,2.6158170590372074,0.9038736000002245,True
case_100,4,1,1,77006,1.9637820429576915,0.5560702000002493,False
case_100,4,2,2,58086,2.603432840959956,0.9286656999975094,False
case_100,4,3,3,57811,2.6158170590372074,1.3188959000035538,False
case_100,4,4,3,57811,2.6158170590372074,1.3188959000035538,True
case_100,4,5,3,57811,2.6158170590372074,1.3188959000035538,True
case_100,4,6,3,57811,2.6158170590372074,1.3188959000035538,True
case_100,5,1,1,58085,2.603477662047,0.4524472999983118,False
case_100,5,2,2,57811,2.6158170590372074,0.8292698000004748,False
case_100,5,3,3,57811,2.6158170590372074,1.2596836000011535,False
case_100,5,4,3,57811,2.6158170590372074,1.2596836000011535,True
case_100,5,5,3,57811,2.6158170590372074,1.2596836000011535,True
case_100,5,6,3,57811,2.6158170590372074,1.2596836000011535,True
