case,cores,status,no_l2_cycles,l2_cycles,no_l2_added_bytes,l2_added_bytes,cache_hit_rate,hit_bytes,miss_bytes,cache_gain,seconds,plan_sha256,error,l2_speedup,no_l2_speedup,q2_cycles,vs_q2_gain,selected,inference_seconds,candidate_count
case_001,1,ok,233110.0,233110.0,0.0,0.0,0.0,0.0,820352.0,1.0,0.22333400000024994,50ee5d5a1d65b90f3298dc6e32de3972542cb3a3903552e5ee94b938440c57e5,,1.0,1.0,233110.0,1.0,single_core_fixed,0.011861399999816058,1
case_001,2,ok,116868.0,116868.0,1152.0,1152.0,0.0,0.0,821504.0,1.0,0.20881610000014916,1c6cf2db91449c12c3f74d32318e7eb99bc2b42e8e9d12be444e905170f9c7b9,,1.9946435294520313,1.9946435294520313,116868.0,1.0,component_merged,0.061000199999853066,2
case_001,3,ok,78545.0,78545.0,2304.0,2304.0,0.0,0.0,822656.0,1.0,0.20311899999978777,615c13f2ec631ff23820de604f6b709a649e3e6e7d9e7f88769397c5311404a2,,2.9678528232223567,2.9678528232223567,78545.0,1.0,component_merged,0.058793299999706505,2
case_001,4,ok,58984.0,58984.0,3456.0,3456.0,0.0,0.0,823808.0,1.0,0.20770290000018576,24e0f017ce3f83737422c6595a29d122fe67b93a2fb3278d0dbecde6ce1ecadc,,3.952088702020887,3.952088702020887,58984.0,1.0,component_merged,0.05742640000016763,2
case_001,5,ok,47502.0,47502.0,4608.0,4608.0,0.0,0.0,824960.0,1.0,0.18833799999993062,5bc2ca2ae4423fdc659215ac6f3a876f85f88764538eaf3752d0a4901f62a878,,4.9073723211654245,4.9073723211654245,47502.0,1.0,component_merged,0.05818900000031135,2
case_002,1,ok,261945.0,261945.0,0.0,0.0,0.0,0.0,1222656.0,1.0,0.5719904000002316,e3b62ca3a137a835cd48a9365ff8a72f02cc6f05daf538356623df26b00b0468,,1.0,1.0,261945.0,1.0,single_core_fixed,0.026378699999895616,1
case_002,2,ok,125242.0,125242.0,1133568.0,1133568.0,0.22585551330798478,456192.0,1563648.0,1.0,0.7571570000000065,cf3cab9466aca079f33fa27edeee9678302adf44826141748ced71d1161d230f,,2.091510835023395,2.091510835023395,127902.0,1.0212388815253668,data_band,0.19582100000025093,4
case_002,3,ok,83970.0,83970.0,1264128.0,1264128.0,0.24520255863539445,529920.0,1631232.0,1.0,0.7063978999999563,eff3fee97118166c2a48861f203b2c64a51cc1183cfdb944d66e674486a6f2d9,,3.119506966773848,3.119506966773848,86524.0,1.0304156246278433,data_band,0.23336950000020806,4
case_002,4,ok,65970.0,65970.0,1271808.0,1271808.0,0.3079608938547486,677376.0,1522176.0,1.0,0.6673052999999527,ff150eb31d29ae18ee53957c8a6c9ee5679a698b00ef96a14b4e7dd9a86c500c,,3.970668485675307,3.970668485675307,71836.0,1.0889192056995605,data_wide,0.23183760000028997,4
case_002,5,ok,53115.0,53115.0,1362432.0,1362432.0,0.30243572395128554,686592.0,1583616.0,1.0,0.6702204000002894,83966f62ad40ad1105f6ed128af18bc77951972cf36cffa9b971eface1c23499,,4.931657723806834,4.931657723806834,62725.0,1.1809281747152405,data_wide,0.18552580000005037,4
case_003,1,ok,602212.0,602212.0,0.0,0.0,0.0,0.0,1284230.0,1.0,9.220976200000223,1a473b4de23105137ec62861de072fbac05405b853d55658bffcd8e75908dd9a,,1.0,1.0,602212.0,1.0,single_core_fixed,0.2111982999999782,1
case_003,2,ok,317215.0,317214.0,1059210.0,1059210.0,0.14431350760561323,284676.0,1687946.0,1.000003152445983,7.50031590000026,ed87e8a76450068a869623d3921fcd280d213b53d29d36439f098915200d7d80,,1.8984408002168882,1.8984348155036805,317215.0,1.000003152445983,valley,2.5149342999998225,8
case_003,3,ok,217704.0,217584.0,2458894.0,2458894.0,0.39019380334301246,1168266.0,1825800.0,1.000551511140525,7.057620799999768,33b3ac0a1e248aaa11f6b045bf061752a609474953eb55d786254296e1a7440e,,2.7677218913155377,2.7661963032374235,217704.0,1.000551511140525,valley,2.390761399999974,7
case_003,4,ok,180280.0,180034.0,2854806.0,2854806.0,0.39155151940493926,1278736.0,1987082.0,1.0013664085672707,6.466328699999849,4c051abf71059d77bf7f345fa15505d3a737e5d3b2474c6b480385c87c9acfd8,,3.344990390703978,3.3404260039937874,180280.0,1.0013664085672707,valley,2.7400391000001036,8
case_003,5,ok,157729.0,151659.0,4863512.0,4863512.0,0.5487943414425035,2560400.0,2105100.0,1.0400240012132482,7.093596600000183,994eed962bf061e0f32ba212259e5caa14ae1e9c43b6258b8953c7cd2eab5d07,,3.9708292946676425,3.81801697848842,157729.0,1.0400240012132482,valley,2.4654461000000083,8
case_004,1,ok,392357.0,392357.0,0.0,0.0,0.0,0.0,451584.0,1.0,0.22984839999980977,037287961b9d9d6093aeb6d4cb680c005d4a4760fd5ecef1d454930af60e48de,,1.0,1.0,392357.0,1.0,single_core_fixed,0.013588400000116962,1
case_004,2,ok,199074.0,199074.0,110592.0,110592.0,0.0,0.0,562176.0,1.0,0.21531559999993988,9988fe599fad0f2caf2b70c989fa5f054a5f07c606699de1b132096170aab6e3,,1.9709103147573264,1.9709103147573264,199074.0,1.0,component_merged,0.09162980000019161,4
case_004,3,ok,134043.0,134043.0,221184.0,221184.0,0.0,0.0,672768.0,1.0,0.2127898999997342,c6380c9f79c67c63fc0afb1aa0442d26baa646556142c3690856816a511bf384,,2.927098020784375,2.927098020784375,134043.0,1.0,component_merged,0.09472619999996823,4
case_004,4,ok,102290.0,102290.0,3726336.0,3726336.0,0.23202614379084968,654336.0,2165760.0,1.0,0.44170819999999367,aca7ac5323411ba0801da5caaae54d003af49decf12d481f20ba017bb442dde2,,3.8357317430833904,3.8357317430833904,104188.0,1.0185550884739467,data_band,0.14091310000003432,4
case_004,5,ok,87127.0,84019.0,3158016.0,3158016.0,0.2850182704019488,718848.0,1803264.0,1.0369916328449518,0.3959146000001965,e2c50678796f3c320fbf027486c22883fdad3e861188fa158f842f9a3c1bb521,,4.669860388721599,4.503276825783052,88341.0,1.0514407455456505,data_band,0.08921809999992547,4
case_005,1,ok,95618.0,95618.0,0.0,0.0,0.0,0.0,318822.0,1.0,1.4678515000000516,6eb39ce98179d639db67413478cb56976f77b63d3afc1ad94cbd85377017ba62,,1.0,1.0,95618.0,1.0,single_core_fixed,0.058114999999816064,1
case_005,2,ok,52497.0,52497.0,324774.0,324774.0,0.10866797142116061,55302.0,453606.0,1.0,1.4305414000000383,7587a3aded8df988ab927fa7698585bec669353166237fbc648207510253f91a,,1.82139931805627,1.82139931805627,52497.0,1.0,valley,0.5316663000003246,6
case_005,3,ok,40393.0,39266.0,900684.0,900684.0,0.3933882521970902,351564.0,542118.0,1.0287016757500127,1.4462956000002123,ca8112116e48403662bff39210bb2f4c43accb4c4511f02a859321f2e7ccaf99,,2.4351347221514796,2.367192335305622,40393.0,1.0287016757500127,valley,0.5928218999997625,6
case_005,4,ok,35109.0,33363.0,963570.0,963570.0,0.38696829562971297,371536.0,588584.0,1.0523334232533046,1.3615341999998236,fd8b09f7fe2ac7175c91dc2435bf92620266bd606e310a8ae7435bb1babd66c7,,2.8659892695501004,2.7234612207696034,34791.0,1.04280190630339,valley,0.5409919000003356,6
case_005,5,ok,35237.0,30287.0,1696344.0,1696344.0,0.5508851295750303,799320.0,651654.0,1.1634364578862217,1.5890678000000662,9cac7095370eb8bf453d6336f50c1e9a4470c68c8bd1c0b6f53bd8d799ab96eb,,3.157064086901971,2.7135681244146777,55110.0,1.819592564466603,valley,0.5573299000002407,6
case_006,1,ok,82837.0,82837.0,16400.0,16400.0,0.029275126148920052,16384.0,543272.0,1.0,0.18330990000004022,e8d3ed91089efe98f011e9644afe62ac4d6973c59b0d3f59f14753e2fbd6e871,,1.0,1.0,82837.0,1.0,single_core_fixed,0.011889500000052067,1
case_006,2,ok,40831.0,40831.0,308812.0,308812.0,0.16047797461946334,121728.0,636806.0,1.0,0.2234691000003295,44471f472dfcc08a79962af3e1e66206a4192b39e79be98e0581731c52a13a39,,2.0287771546129165,2.0287771546129165,46100.0,1.1290441086429428,data_wide,0.0960971999998037,7
case_006,3,ok,32965.0,32597.0,528836.0,528836.0,0.1591354712647309,141058.0,745344.0,1.0112893824585085,0.2562681999997949,61cdb51ad5bd2a78469bde5cb62dc79e439a971070ac4922c30b83c2ade2014e,,2.5412461269441975,2.5128772940998028,31153.0,0.955701444918244,data_wide,0.1018448999998327,7
case_006,4,ok,24586.0,24163.0,637248.0,637248.0,0.15313239353312302,149124.0,824700.0,1.0175061043744569,0.25901040000007924,0c2ced26814e342bbaa181780209d0d35b6a2189f758edd492966fd89c01479e,,3.428258080536357,3.369275197266737,24586.0,1.0175061043744569,data_wide,0.10120240000014746,7
case_006,5,ok,22039.0,21943.0,483828.0,483828.0,0.20561978371344827,183938.0,710616.0,1.0043749715171124,0.26730399999996735,fb6001b5beed76b978d41efb6fa07776b6c7bb463d871fa8b81a5fef0a51f767,,3.7750991204484348,3.758655111393439,22039.0,1.0043749715171124,data_wide,0.10354540000025736,7
case_007,1,ok,1012562.0,1012562.0,0.0,0.0,0.0,0.0,880128.0,1.0,1.9618056999997862,f77c69b65eb86b3d67a5234462bb5bca4de39d250d5cf19ac77e6e222ad6ed3d,,1.0,1.0,1012562.0,1.0,single_core_fixed,0.07028249999984837,1
case_007,2,ok,507494.0,507494.0,27648.0,27648.0,0.0,0.0,907776.0,1.0,1.5862569000000803,52aa1f97cf1fa06190d3174d72460f81c27f12823ae206d812d0bffcfe849811,,1.9952196479170197,1.9952196479170197,507494.0,1.0,component_merged,0.6171660999998494,4
case_007,3,ok,338094.0,338094.0,55296.0,55296.0,0.0,0.0,935424.0,1.0,1.4088222000000314,d20378d444bc7d56eeb2e595c0b1302ce6cef4879fa599bb2bf2a04ec28c1d7a,,2.994912657426633,2.994912657426633,338094.0,1.0,component_merged,0.5671188000001166,4
case_007,4,ok,254398.0,254398.0,82944.0,82944.0,0.0,0.0,963072.0,1.0,1.3652007000000594,589758759dabf6d3e6074eb11040ff599ab83dd833132e3d60ce78b9901b3e96,,3.980227831979811,3.980227831979811,254398.0,1.0,component_merged,0.5629076000000168,4
case_007,5,ok,203834.0,203834.0,110592.0,110592.0,0.0,0.0,990720.0,1.0,1.3045563999999104,8de95c02ab9d47e7a9c4c97ef5f10fd6c26f1c90b7978fa9fe4744b7332ef71f,,4.967581463347626,4.967581463347626,203834.0,1.0,component_merged,0.5655069999997977,4
case_008,1,ok,487605.0,487605.0,0.0,0.0,0.0,0.0,1990872.0,1.0,0.39874139999983527,388dce59cb076d992e377ef77e91c37acaa8782684c46bdb3666c63d856f2ea6,,1.0,1.0,487605.0,1.0,single_core_fixed,0.01777749999973821,1
case_008,2,ok,136244.0,136244.0,3538944.0,3538944.0,0.0,0.0,3760344.0,1.0,0.416228399999909,56cee2cbd32a87b69a46bcf5817f3be8fb2b7d906b79870357efa86b73eb51f9,,3.5789098969495905,3.5789098969495905,244266.0,1.7928569331493498,data_wide,0.14929780000011306,5
case_008,3,ok,110229.0,110229.0,3317760.0,3317760.0,0.0,0.0,3649752.0,1.0,0.37268889999995736,0d123d951eaabd070fce98a2694d741c5fea6baf00a17cd01f077e1c3e25c42f,,4.4235636719919444,4.4235636719919444,163359.0,1.4819965707753857,data_wide,0.10796899999968446,5
case_008,4,ok,104264.0,104264.0,3096576.0,3096576.0,0.0,0.0,3539160.0,1.0,0.35777479999978823,b0a0a5f62b6788c8f407cfe0304f7b8d94d761fbddbf0577101a28cf80ef9a15,,4.676638149313281,4.676638149313281,123060.0,1.1802731527660555,data_wide,0.11274090000006254,5
case_008,5,ok,100603.0,100603.0,0.0,0.0,0.0,0.0,1990872.0,1.0,0.30322520000027,07a18d1888b2516c41957b36c86a05ecdc8ce35652d4130f728c3fafd007ff54,,4.846823653370178,4.846823653370178,100603.0,1.0,component_merged,0.11300590000018929,5
case_009,1,ok,153261.0,153261.0,0.0,0.0,0.0,0.0,495194.0,1.0,2.621575000000121,1c4e7c1fcb5bd356f4012f115262813f15ea53f8b2e5c226d0840682cf3e3d09,,1.0,1.0,153261.0,1.0,single_core_fixed,0.0888079999999718,1
case_009,2,ok,90813.0,90813.0,515502.0,515502.0,0.201974839713841,169734.0,670638.0,1.0,2.814292900000055,029737efc8faf42b5975c3bf97ce363370a611d0bd72d6919be5c0d540330b31,,1.6876548511776948,1.6876548511776948,90813.0,1.0,valley,0.8894971999998234,7
case_009,3,ok,73832.0,73686.0,1008868.0,1008868.0,0.3319640140814464,381908.0,768542.0,1.001981380452189,3.0910877999999684,5f9975d2669fc5e0f2f1345596a4400f2f1997f6fc6f77a7dacef70454d63ab1,,2.079920201937953,2.0758072380539603,73832.0,1.001981380452189,valley,0.9188646999996308,7
case_009,4,ok,66815.0,66501.0,1027874.0,1027874.0,0.35324112338702873,418838.0,766862.0,1.0047217335077667,3.057706199999757,c244027e9f2d083a6e1b257a53d010345af5264a51ca560938d3c33a996b9187,,2.304642035458113,2.293811269924418,66815.0,1.0047217335077667,valley,0.9439346000003752,8
case_009,5,ok,63440.0,61424.0,1282496.0,1282496.0,0.3789728803391879,502872.0,824062.0,1.0328210471476946,3.443852600000355,315dcb3c1442c06343ad09e45c24d586f9589dcb23cb0b582bc1fc6e10acee0a,,2.495132195884345,2.4158417402269863,61215.0,0.9965974212034384,valley,0.9383390000002692,7
case_010,1,ok,86969.0,86969.0,0.0,0.0,0.0,0.0,384078.0,1.0,0.1750000000001819,c2c12cc98c307bce97233ef0fe7277d4091e24897997266f1fc1ef65daa9a013,,1.0,1.0,86969.0,1.0,single_core_fixed,0.01070369999979448,1
case_010,2,ok,45295.0,45251.0,943420.0,943420.0,0.10976671040018376,99392.0,806092.0,1.0009723542021172,0.2709734000000026,7aa65af18c35515a30ebd6acd3a321d578842e159f2df7643e35e07cf88891fb,,1.9219243773618262,1.920057401479192,45196.0,0.9987845572473536,data_band,0.10141680000015185,6
case_010,3,ok,34803.0,34803.0,341144.0,341144.0,0.21153083434099154,131202.0,489048.0,1.0,0.2636574000002838,05ad8ceab4cb3d1e017c6bed13b5a47d80b1faf3f0ad7cdccf3b2b947e2b1264,,2.4988937735252708,2.4988937735252708,34803.0,1.0,data_wide,0.09622280000030514,6
case_010,4,ok,25173.0,25010.0,365144.0,365144.0,0.2325116935866765,151812.0,501110.0,1.0065173930427829,0.2840016000000105,8a290d3683a0620748678942ff9186aebeaeb49c85cfee77f668f1f63bf04aa0,,3.4773690523790486,3.4548524212449845,25173.0,1.0065173930427829,data_wide,0.09337130000039906,6
case_010,5,ok,23614.0,22992.0,418324.0,418324.0,0.24440699801009905,169988.0,525524.0,1.02705288796103,0.2619629000000714,5a317295f3d49ee4f4f1ff1c34a064e944f6ec7872b1146afac9b1e7f425ab25,,3.7825765483646485,3.6829423223511477,23614.0,1.02705288796103,data_wide,0.1054908000000978,6
case_011,1,ok,184697.0,184697.0,0.0,0.0,0.0,0.0,540672.0,1.0,0.2202620999996725,9f03af9aaa2c6644b88a89f3009569f44fd5b0e76c61b42ce8a15ef47cdcd7a6,,1.0,1.0,184697.0,1.0,single_core_fixed,0.011571099999855505,1
case_011,2,ok,92646.0,92646.0,180224.0,180224.0,0.0,0.0,720896.0,1.0,0.21932379999998375,dd85bbfff3f3136169313b512d6335441de960542e153517eb9de9743d101fa3,,1.9935777043801135,1.9935777043801135,92646.0,1.0,component_merged,0.09321780000027502,6
case_011,3,ok,87128.0,87128.0,2998272.0,2998272.0,0.4158730158730159,1073152.0,1507328.0,1.0,0.409037900000385,fd668ccbb25d98a980d58e16e8c5f87c1d1a0e32caa6e08aac0622084923014d,,2.11983518501515,2.11983518501515,69625.0,0.7991116518226058,join_tail,0.1144137999999657,7
case_011,4,ok,46880.0,46880.0,540672.0,540672.0,0.0,0.0,1081344.0,1.0,0.2535232999998698,de8fa7c3d5a69aff0fc399972935ca452d9dd4ee376ec7d1effa8f7ed70c5a90,,3.9397824232081913,3.9397824232081913,46880.0,1.0,component_merged,0.10564979999981006,6
case_011,5,ok,65327.0,47732.0,3244032.0,3244032.0,0.4649859943977591,1359872.0,1564672.0,1.368620631861225,0.4693638999997347,fcf1482f9f9201c84fc60b91140c384e9465e493e12ac4ebf8cf73da2a0f252e,,3.8694586440962038,2.827268969951169,47287.0,0.9906771138858628,data_wide,0.13595420000001468,7
case_012,1,ok,59088.0,59088.0,0.0,0.0,0.0,0.0,484096.0,1.0,0.3179761999999755,cfe331bb6d824d1889ea34b91b430446bca01d30b6196f18885c3fe4d9c0f151,,1.0,1.0,59088.0,1.0,single_core_fixed,0.016477099999974598,1
case_012,2,ok,27573.0,27573.0,28800.0,28800.0,0.0561517344646868,28800.0,484096.0,1.0,0.342685199999778,9f7e583b55184e301f9cc0f8936fc8665f845933ea0b087608ad4176ef78c58d,,2.142965944946143,2.142965944946143,30094.0,1.0914300221230915,component_reuse_order,0.1679497000000083,8
case_012,3,ok,21818.0,21115.0,329190.0,329190.0,0.209226238271904,153734.0,581040.0,1.0332938669192517,0.3849732999997286,287b2ee0db1e2c66f28bc5055d01b4b4f09547ccfec3213e9890a7f1ca322c5c,,2.79838977030547,2.7082225685214043,21894.0,1.036893203883495,data_wide,0.18387059999986377,9
case_012,4,ok,14970.0,14970.0,39168.0,39168.0,0.06311154598825831,33024.0,490240.0,1.0,0.3538047999995797,ecd23d9d4af2603ba63d9ace669f71044c905341a070ff5a057d8ebf63a42ff1,,3.9470941883767536,3.9470941883767536,17236.0,1.151369405477622,component_reuse_order,0.20210150000002614,9
case_012,5,ok,12519.0,12460.0,25344.0,25344.0,0.04974874371859297,25344.0,484096.0,1.0047351524879615,0.3271860999998353,3f0dcbef83bc54b9cdecc8a911de9c53ea5a54241872a024baf7f2a690daf1f4,,4.742215088282504,4.719865803977953,14300.0,1.1476725521669342,component_affinity,0.19790270000021337,9
case_013,1,ok,263949.0,263949.0,0.0,0.0,0.0,0.0,2023424.0,1.0,0.9554721999998037,61a367950ca89631ecf9d3c7719455ea782108f95748289a6f43188b4b7d4d45,,1.0,1.0,263949.0,1.0,single_core_fixed,0.03791730000011739,1
case_013,2,ok,132198.0,132198.0,8192.0,8192.0,0.0,0.0,2031616.0,1.0,0.8429942000002484,1e53c296a600aed044668be3fc7f55cdf3f477a31b4e9f9de4c4e1098b54912a,,1.9966187083011846,1.9966187083011846,132198.0,1.0,component_merged,0.3237240999997084,5
case_013,3,ok,88351.0,88351.0,16384.0,16384.0,0.0,0.0,2039808.0,1.0,0.8410109000001285,55efd77e51de13a1a870aa20893a094fe82ccfa4f7d781aac417ade89b306ac9,,2.98750438591527,2.98750438591527,88351.0,1.0,component_merged,0.3419430000003558,5
case_013,4,ok,66982.0,66982.0,24576.0,24576.0,0.0,0.0,2048000.0,1.0,0.8000025000001187,78ac79ccf69c9fae54d00e8815aa03504db9cadebcf71f6b0c1dbf8212c55870,,3.9405959810098237,3.9405959810098237,66982.0,1.0,component_merged,0.35425720000012006,5
case_013,5,ok,54363.0,54363.0,32768.0,32768.0,0.0,0.0,2056192.0,1.0,0.8932982999999695,5ddfcd4283c7a16c47e466899301f1846a18d1695cde56169bb0025a7f578e3d,,4.855305998565201,4.855305998565201,54363.0,1.0,component_merged,0.2998288000003413,5
case_014,1,ok,17698626.0,17689602.0,71010720.0,71010720.0,0.12291025483195864,9944064.0,70961016.0,1.0005101301883446,26.06617329999972,99ea93ac8f7de1554577a471fb2d47189411f99ec988cae53f17af9238f4fb6d,,1.0005101301883446,1.0,17698626.0,1.0005101301883446,single_core_fixed,1.0391811999998026,1
case_014,2,ok,8839450.0,8839065.0,42981816.0,42981816.0,0.1910509307616428,10105344.0,42788112.0,1.0000435566431518,32.50193080000008,8a2d9019559f057a7b44c42f6bf222c7993502180cee801fdb3490a36b0ccb16,,2.002318797293605,2.0022315868068716,8891974.0,1.0059858141104292,component_reuse_order,10.584197900000163,8
case_014,3,ok,5873336.0,5873043.0,39776424.0,39776424.0,0.18331323997650623,9108480.0,40579584.0,1.0000498889587561,28.59311880000041,c683bbad45716d34cfe34c7dd36c5a68436b551ceede52aaeb8d5f593048d6a2,,3.0135359131543904,3.0133855784855488,5980632.0,1.018319123493562,component_reuse_order,10.286503899999843,8
case_014,4,ok,4547786.0,4542665.0,34288056.0,34288056.0,0.4470416267116407,19759104.0,24440592.0,1.001127311831271,29.62788159999991,db48921d14db4a440ecc1d52d20d34f6cf41c17138d273939103cf0dd6be5733,,3.8960887496656698,3.891701588421267,4526660.0,0.9964767377739718,component_affinity,9.77431660000002,8
case_014,5,ok,3659604.0,3659089.0,43571208.0,43571208.0,0.20660799514640657,11049984.0,42432864.0,1.0001407454150473,26.944906900000205,0ffa053ddf0796f2382b8bea3ad246fd3ba3312044e76b0c06abe43fc7d8bdaf,,4.836894101236674,4.836213426370722,3694640.0,1.0097158063113523,component_reuse_order,10.02338809999992,8
case_015,1,ok,177362.0,177362.0,180256.0,180256.0,0.1692685978123867,180224.0,884498.0,1.0,0.29841739999983474,00e3de2c2bb37567ed66714d82da30c44de3ee8ca7e60ebe1ca35fa4b6cfe4bd,,1.0,1.0,177362.0,1.0,single_core_fixed,0.0170085999998264,1
case_015,2,ok,87285.0,87285.0,109824.0,109824.0,0.11045291892033238,109824.0,884482.0,1.0,0.31727860000000874,d5d1c54d76c731695a4d168d1fe414302db9c73481c32646f15739dd96712aae,,2.0319871684711006,2.0319871684711006,92411.0,1.0587271581600504,component_reuse_order,0.156194300000152,7
case_015,3,ok,61834.0,61653.0,208128.0,208128.0,0.16049642598914526,175360.0,917250.0,1.002935785768738,0.3051180000002205,d1e75452f88c6736828e18de53ccc9f62a1887d0415888300e804a2b722876ff,,2.8767780967673917,2.868357214477472,60807.0,0.9862780399980536,component_reuse_order,0.15770069999962288,7
case_015,4,ok,62179.0,61308.0,673712.0,673712.0,0.43230948343694203,673584.0,884522.0,1.0142069550466497,0.3486678999997821,37a14b331060cfe191e931c49fd815b92116cb3255a8e9b67cf3080c5942b814,,2.892966660142233,2.8524421428456552,53421.0,0.8713544724995107,shared_prefix,0.18028720000029352,8
case_015,5,ok,48778.0,48712.0,313344.0,313344.0,0.07010033176771918,83968.0,1113858.0,1.001354902282805,0.38324629999988247,7bdf44dc9f2b1a006cb53fb7a44e6f78429ba9c60d79fc257c8d57b089c4d2fd,,3.6410330103465265,3.6361064414285127,43437.0,0.8917104614879291,component_reuse_order,0.16360020000001896,7
case_016,1,ok,7715523.0,7715523.0,0.0,0.0,0.0,0.0,393216.0,1.0,17.082001199999922,0b67b70e5e94fc362d17aead571cda3757b55a59d7d203e809eecc1fd38ad967,,1.0,1.0,7715523.0,1.0,single_core_fixed,0.29222840000011274,1
case_016,2,ok,4154388.0,4154388.0,8536.0,8536.0,0.0,0.0,397484.0,1.0,16.488389200000256,5620ff2e7f10dcb2825245c1644b0d81e88c238e27497075cb2a058426052374,,1.857198461000754,1.857198461000754,4772689.0,1.1488308265862506,fork_join,2.902155099999618,5
case_016,3,ok,2884306.0,2884306.0,4872.0,4872.0,0.0015367039721775702,608.0,395044.0,1.0,11.347450599999775,c982608b71fb254199bb203da2d26c471492fa6ba692e5dec44a1a8f9f2c7677,,2.6750015428321405,2.6750015428321405,2884306.0,1.0,data_wide,2.841614700000264,5
case_016,4,ok,2241799.0,2241799.0,14628.0,14628.0,0.0030359773300377,1216.0,399314.0,1.0,15.072776900000008,f560d2415268e2bfa81cd063931dcc01c130c1b86ae17ea89adc95c720b73aef,,3.441665822850309,3.441665822850309,2397915.0,1.069638714264749,fork_join,2.6894654000002447,5
case_016,5,ok,2242797.0,2242797.0,15844.0,15844.0,0.004547063604046488,1824.0,399314.0,1.0,15.636644799999885,cf4dca010efd6899e84767478f9fde32235107f793f6833325eef8c5bcc6e33e,,3.4401343500994517,3.4401343500994517,2393034.0,1.0669864459422767,fork_join,2.9184322000000975,5
case_017,1,ok,162810.0,162810.0,22528.0,22528.0,0.040398388942088706,22528.0,535118.0,1.0,0.4040967000000819,c36e6d525cd519d79928fe8ff1345d0cd934f98fb949acc3c490fb713f986938,,1.0,1.0,162810.0,1.0,single_core_fixed,0.022994099999777973,1
case_017,2,ok,83591.0,83533.0,87552.0,87552.0,0.022201165946649108,13824.0,608846.0,1.0006943363700573,0.4462834999999359,7902bfcb309a738a2ecf957790bdb0756c46ae0cfcaf4d0e4525c2aeb2da44a7,,1.9490500760178613,1.9476977186539222,87680.0,1.0496450504591,component_vector,0.2210282000000916,7
case_017,3,ok,58093.0,56962.0,872728.0,872728.0,0.361542669495446,445456.0,786642.0,1.01985534215793,0.5851725000002261,af186a56c4c9557615109573499d938a94715780009e89e3b70c5f3b6449265d,,2.8582212703205645,2.8025751811750124,58579.0,1.0283873459499315,data_wide,0.2171211999998377,7
case_017,4,ok,41344.0,41259.0,259200.0,259200.0,0.047859925118151674,38016.0,756302.0,1.0020601565718994,0.41666540000005625,80744ae4744f8ba2679304e52b494969667a53951fa83c70a34b311926055fff,,3.946048134952374,3.9379353715170278,42384.0,1.027266778157493,component_reuse_order,0.21656400000028952,7
case_017,5,ok,36650.0,36650.0,339840.0,339840.0,0.04081567343803931,35712.0,839246.0,1.0,0.43206610000015644,92d884de784f7fb0fa1e40b9421b2f491075b33161082201f2bcd773cd60f52b,,4.442291950886767,4.442291950886767,35496.0,0.9685129604365621,component_affinity,0.2984974000000875,8
case_018,1,ok,1004367.0,1003110.0,1970176.0,1970176.0,0.34375031576536474,1224704.0,2338068.0,1.0012531028501361,1.0916442000002462,174b48c09866484714824a3cedcbb2825bc5786c2b2d741867aaece4df7839b5,,1.0012531028501361,1.0,1004367.0,1.0012531028501361,single_core_fixed,0.04392450000023018,1
case_018,2,ok,505216.0,505216.0,1266688.0,1266688.0,0.4272510180870456,1221632.0,1637652.0,1.0,1.036114699999871,72d4bb32ea6731739f6e1f9053dacd0a2bf81c88e2aab7ff0e4c35e836435783,,1.987995233721814,1.987995233721814,505349.0,1.0002632537370155,component_affinity,0.5563819999997577,8
case_018,3,ok,350932.0,350547.0,2474368.0,2474368.0,0.49274298961092355,2003968.0,2062996.0,1.001098283539725,0.9886649000000034,f412935bb454f5f425463beb60402e4c8e7e2513610e9ad6d69fd1a927644e7f,,2.865142192059838,2.8619989057709185,338272.0,0.9649832975321426,component_reuse_order,0.5797190000002956,8
case_018,4,ok,260262.0,258970.0,4800256.0,4800256.0,0.6210631006134915,3899136.0,2379028.0,1.00498899486427,1.1041665000002467,9a6572e9ec436f64da210381dcd3b123b84c5bdddd4d79ee34594e861a3a61bd,,3.8783140904351856,3.8590612536597737,258133.0,0.9967679654013979,valley,0.5178257000002304,8
case_018,5,ok,212066.0,211720.0,4628480.0,4628480.0,0.673550363313356,4190208.0,2030868.0,1.001634233893822,1.1215620000002673,6e0c9709c3c206b06a1947b281146f4a779d988f36bcfd22020c2b77f50fb259,,4.7438456451917626,4.736105740665642,203865.0,0.9628991120347629,component_vector,0.5404444000000694,8
case_019,1,ok,81144.0,81144.0,0.0,0.0,0.0,0.0,179252.0,1.0,0.17559479999999894,ddd068690ce1cff9101b3178e96693a9405171fb66d9695b3294063898629e2e,,1.0,1.0,81144.0,1.0,single_core_fixed,0.010941200000161189,1
case_019,2,ok,42124.0,42124.0,326972.0,326972.0,0.17211274366016907,64544.0,310466.0,1.0,0.21388539999998102,65905a0e06fa6734da2339f7f5bce4f712b640d301560dea6d93f2e555932583,,1.9263127908080904,1.9263127908080904,43224.0,1.026113379546102,data_wide,0.08709399999997913,7
case_019,3,ok,28729.0,28729.0,24576.0,24576.0,0.0,0.0,203828.0,1.0,0.16390920000003462,2a699552116fb842a7da9347c1d12c0a5fb16fb8b84802823cf512e104fdd4c6,,2.8244630860802675,2.8244630860802675,29121.0,1.0136447492081173,component_vector,0.08397409999997762,6
case_019,4,ok,24099.0,24099.0,51744.0,51744.0,0.08214860863391574,18976.0,212020.0,1.0,0.15739729999995689,50a3d17d402b15ef818857241634ad72c30c764a02b70f19b562d586fc2fd06d,,3.3671106684924688,3.3671106684924688,24099.0,1.0,component_affinity,0.09323440000025585,7
case_019,5,ok,22893.0,22848.0,584808.0,584808.0,0.17420237138546998,98848.0,468584.0,1.001969537815126,0.26680439999972805,6d1e70a73c2d19e67f7211c65bc39a72b208a34754b68140b501ab7082985291,,3.551470588235294,3.5444895819682873,24169.0,1.0578168767507004,data_band,0.10565120000001116,7
case_020,1,ok,532746.0,532746.0,0.0,0.0,0.0,0.0,1179648.0,1.0,3.4715541000000485,993559d1089a94ff2e2adc846c6464936db7c9f64f59d4de7188421f9f04a433,,1.0,1.0,532746.0,1.0,single_core_fixed,0.10826510000015332,1
case_020,2,ok,266580.0,266580.0,0.0,0.0,0.0,0.0,1179648.0,1.0,2.540358400000059,d1fb4a5b486caa40baadebfaa21e02143d89cb3d98c603aa82206af6390eb8db,,1.9984469952734638,1.9984469952734638,266580.0,1.0,component_merged,1.1946747000001778,7
case_020,3,ok,177950.0,177950.0,0.0,0.0,0.0,0.0,1179648.0,1.0,2.2722838999998203,1ea58429fc5576c78ca0aee8feaa45e4ad843ae064854985e72d1369d47d2731,,2.993796010115201,2.993796010115201,177950.0,1.0,component_merged,1.1429024999997637,7
case_020,4,ok,133704.0,133704.0,0.0,0.0,0.0,0.0,1179648.0,1.0,2.122623300000214,ecdb20624ab0060d46c2c85f4c87cd9cbd121f607d4900b5fb4365313c1089ab,,3.984518039849219,3.984518039849219,133704.0,1.0,component_merged,1.234737799999948,7
case_020,5,ok,107650.0,107650.0,0.0,0.0,0.0,0.0,1179648.0,1.0,2.0026450000000295,e7becef51f5bdcb7e86664b3eef600e7d40c2d4bcdaa6e90e581c1041c049385,,4.948871342313051,4.948871342313051,107650.0,1.0,component_merged,1.2815315999996528,7
case_021,1,ok,6567937.0,6558837.0,4501504.0,4501504.0,0.5005973715651135,3432448.0,3424256.0,1.0013874410966457,2.1573672999998053,cbc21e36336638cf978979e81549d08ce2b2f7870dbd0a3939d49c92728a4df9,,1.0013874410966457,1.0,6567937.0,1.0013874410966457,single_core_fixed,0.06196730000010575,1
case_021,2,ok,3155757.0,3155757.0,2789376.0,2789376.0,0.4820859872611465,2480128.0,2664448.0,1.0,1.6135340999999244,e16e92c01d1eed1eada297bc0781be2081123de7b7dd98adc407e64d59848910,,2.081255622660427,2.081255622660427,3194570.0,1.0122991092153166,component_reuse_order,0.7225996000001942,6
case_021,3,ok,2115614.0,2115614.0,4710400.0,4710400.0,0.3660869565217391,2586624.0,4478976.0,1.0,1.485661500000333,018f47fbd450aaa5d455d3a065ffc533b3df6ec6554bc5b39ecc7eec5a1a1cc0,,3.104506304080045,3.104506304080045,2155304.0,1.0187605111329383,component_reuse_order,0.8048903999997492,7
case_021,4,ok,1556743.0,1556743.0,4608000.0,4608000.0,0.6123529411764705,4263936.0,2699264.0,1.0,1.3933868999997685,fbbdf973387017d5da1c1009b14afd9f7fe2b75d23c5f6838f1100fa69e24c6e,,4.219024591727729,4.219024591727729,1550324.0,0.9958766475905143,component_reuse_order,0.632690299999922,6
case_021,5,ok,1252641.0,1248535.0,9420800.0,9420800.0,0.5598260869565217,6592512.0,5183488.0,1.003288654302843,1.7231758000002628,5f0a19372c36cfdce8c304d5bc9c5b362d84123585ca7e8af162483f781011ea,,5.260514923490331,5.243271615730285,1250168.0,1.0013079328973558,component_reuse_order,0.8447747000000163,7
case_022,1,ok,56780.0,56780.0,0.0,0.0,0.0,0.0,213540.0,1.0,0.36577429999988453,293b05224b0ff9a9a43c481e398a288fea17c33992e77b9d71d69c6ebdefd8c2,,1.0,1.0,56780.0,1.0,single_core_fixed,0.02105249999976877,1
case_022,2,ok,29109.0,28996.0,528516.0,528516.0,0.177699803581304,93184.0,431206.0,1.0038970892536903,0.48075070000004416,1c120187715940dbeaaaedbfa8f3f57c312922bd5eda95c915c6695ec7e3bd94,,1.958201131190509,1.9505994709540004,28333.0,0.9771347772106498,data_wide,0.23463859999992565,8
case_022,3,ok,19128.0,19128.0,13824.0,13824.0,0.060801182245210326,13824.0,213540.0,1.0,0.3692935999997644,6b13adac102401ca8df5321eefbb61e01717af509bb2f9a3217cd5c068df1333,,2.968423253868674,2.968423253868674,19128.0,1.0,component_merged,0.24642290000019784,9
case_022,4,ok,14555.0,14555.0,13824.0,13824.0,0.060801182245210326,13824.0,213540.0,1.0,0.363281299999926,843e876baf45b88b676b488d57466063bedd215793fd7846d3ae87ef91f618a6,,3.9010649261422192,3.9010649261422192,14654.0,1.0068017863277223,component_reuse_order,0.26040589999956865,8
case_022,5,ok,11828.0,11828.0,20736.0,20736.0,0.08851098704092608,20736.0,213540.0,1.0,0.34753660000023956,4b0a839d963f84618d63b838e1466cf86d074860f725b71414452cc54f2f2ebb,,4.800473452823808,4.800473452823808,11828.0,1.0,component_reuse_order,0.2905895000003511,9
case_023,1,ok,122614.0,122614.0,0.0,0.0,0.0,0.0,434122.0,1.0,0.24891200000001845,706b945e8dd06ae161663093879c4361ffa7748643fdfc41e365abe825d8500f,,1.0,1.0,122614.0,1.0,single_core_fixed,0.02450200000021141,1
case_023,2,ok,59165.0,59165.0,807808.0,807808.0,0.16528946713544623,155424.0,784890.0,1.0,0.3799091999999291,27f4a5f29f243fdf0cbeb18eb11a85854847f20032a95804e2db6be6607c3785,,2.0724076734555905,2.0724076734555905,61227.0,1.0348516859629848,data_wide,0.16564470000002984,8
case_023,3,ok,41619.0,39686.0,1045908.0,1045908.0,0.24701706035321477,273190.0,832766.0,1.0487073527188429,0.4300852000001214,5d4f4aea4559787ef163f224f74ae7b49625bcb1634507f6d30ccbcac301d200,,3.08960338658469,2.9461063456594343,41662.0,1.0497908582371618,data_wide,0.17279770000004646,8
case_023,4,ok,34143.0,32691.0,1131684.0,1131684.0,0.2108636765041492,255016.0,954372.0,1.04441589428283,0.45283999999992375,aee538013f46f586d1a655d209d21ab455706b8cbf8727ebf937afaede7e9ebc,,3.7506959101893487,3.591189995020941,31519.0,0.9641491542014622,data_wide,0.18541080000022703,9
case_023,5,ok,25191.0,25191.0,280992.0,280992.0,0.32420005761319176,231840.0,483274.0,1.0,0.2672032999998919,87fe7e47b1da5f384331823dae640a2845e310bfcb7fa803ac0e99121fb4acc5,,4.867373268230717,4.867373268230717,25191.0,1.0,component_merged,0.17868110000017623,9
case_024,1,ok,2555343.0,2555343.0,0.0,0.0,0.0,0.0,393216.0,1.0,2.667715400000361,76e5b9257fb09e13e0ecaaab4039acb94e3eab1a70c3c7c4dd67ad0f65ad98f4,,1.0,1.0,2555343.0,1.0,single_core_fixed,0.08405579999998736,1
case_024,2,ok,1376112.0,1376112.0,2824.0,2824.0,0.0,0.0,394628.0,1.0,2.9805035999997926,5a1717fb49aa119092ca3bff220de419ebc27c669fd2e6a41950af444b483a93,,1.856929523178346,1.856929523178346,1583353.0,1.1505989338077134,fork_join,0.7419442999998864,5
case_024,3,ok,955894.0,955894.0,1608.0,1608.0,0.0005075884472869397,200.0,393820.0,1.0,2.308557600000313,79a5d28e1278fe56c3f43426dd16a90ffcfc3ac32ff029f6263181301bb9c459,,2.6732493351773314,2.6732493351773314,955894.0,1.0,data_wide,0.7728047999999035,5
case_024,4,ok,743623.0,743623.0,4836.0,4836.0,0.0010110354519581228,400.0,395234.0,1.0,3.046795999999631,fae1eaeda762d440324354630a77c0b5507ae17c6fd398f7ff4f2225bf3fe408,,3.43634207118392,3.43634207118392,796719.0,1.071401772134536,fork_join,0.7562874000000193,5
case_024,5,ok,744621.0,744621.0,5236.0,5236.0,0.0015157869207799229,600.0,395234.0,1.0,3.071215299999949,40d76d768c7f0a3558aa70d931163983df3fa785b831f842ae9e36adcf806835,,3.4317364135580384,3.4317364135580384,795102.0,1.0677942201468935,fork_join,0.8619648000003508,5
case_025,1,ok,4863026.0,4863026.0,0.0,0.0,0.0,0.0,4122624.0,1.0,22.547317999999905,599407c93e5d42698ea920b72b71f3c8ad03ccb16739a144d1ca81b66ea21597,,1.0,1.0,4863026.0,1.0,single_core_fixed,0.662104200000158,1
case_025,2,ok,2431840.0,2431840.0,27648.0,27648.0,0.0,0.0,4150272.0,1.0,15.284537,a5fff6afbed8a85e01d1e635bb90448e13b96d5582558e42512d972ca9c86e9a,,1.9997310678334101,1.9997310678334101,2431840.0,1.0,component_merged,5.750455899999906,4
case_025,3,ok,1622164.0,1622164.0,55296.0,55296.0,0.0,0.0,4177920.0,1.0,12.673187700000199,49bb0fcd9b932f015165169092971b4e0dda3d3ca24621db4c814a276c7b2749,,2.9978633479722148,2.9978633479722148,1622164.0,1.0,component_merged,4.9474411999999575,4
case_025,4,ok,1217444.0,1217444.0,82944.0,82944.0,0.0,0.0,4205568.0,1.0,11.635991500000273,8e00701890b2bf8478c92622d4a978ba4b15c8e9bdaa7149dc3aedde24377bb9,,3.9944555971362954,3.9944555971362954,1217444.0,1.0,component_merged,4.5207273999999416,4
case_025,5,ok,975282.0,975282.0,110592.0,110592.0,0.0,0.0,4233216.0,1.0,11.357657000000017,3863b182c24ce4f308900690c0c83e40425641ccc478f12574bce2d3ece14536,,4.986276789687495,4.986276789687495,975282.0,1.0,component_merged,4.382084400000167,4
case_026,1,ok,99203.0,99203.0,0.0,0.0,0.0,0.0,488886.0,1.0,0.16715770000018892,485961e17b29a64988bfd251662861be9b8263889870380e55374b39e958cf9b,,1.0,1.0,99203.0,1.0,single_core_fixed,0.010428699999920354,1
case_026,2,ok,56363.0,55004.0,1011308.0,1011308.0,0.2624879211043163,300976.0,845652.0,1.0247072940149806,0.2529638999999406,564c68b96e779e0bc31e8f32483ab55cd46e6f53f3e12048f9953ce5bd786f2b,,1.8035597411097375,1.760073097599489,58112.0,1.0565049814558942,data_band,0.0829756000002817,6
case_026,3,ok,41698.0,41698.0,95664.0,95664.0,0.03752630228380806,21936.0,562614.0,1.0,0.16791960000000472,f7eb191f198ecb5cf2647983c812070d5b85c55fa36f90a6dd32a4142c7eebca,,2.379082929636913,2.379082929636913,41655.0,0.9989687754808384,component_vector,0.07945509999990463,5
case_026,4,ok,47004.0,40170.0,1504920.0,1504920.0,0.29305942797348195,429056.0,1035002.0,1.1701269604182225,0.31389690000014525,cd93c28a9188c6fd49b6bccf6aac5057ed2df66fe9b76bb07a2dbb26a8eb2007,,2.4695792880258898,2.110522508722662,42226.0,1.0511824744834453,data_band,0.0806588999998894,5
case_026,5,ok,43993.0,36584.0,1525308.0,1525308.0,0.31887925017978597,480662.0,1026686.0,1.2025202274218239,0.3404833999998118,85f420810481cd13a4f49152da7e9ee9765bfdbc39ac8f62eb5d65dd55abceba,,2.7116499015963265,2.254972381969859,44114.0,1.2058276842335447,data_band,0.08317630000010467,5
case_027,1,ok,2363952.0,2359515.0,1400832.0,1400832.0,0.2689393939393939,872448.0,2371584.0,1.0018804711985303,0.6342082000001028,c6f2b1e7c92ae2648eee7f5469fdfb604babcce40143818be045566c6a998d9a,,1.0018804711985303,1.0,2363952.0,1.0018804711985303,single_core_fixed,0.02311730000019452,1
case_027,2,ok,1145854.0,1145655.0,1728512.0,1728512.0,0.37155963302752293,1327104.0,2244608.0,1.000173699761272,0.5769947999997385,0dd7e7780e85ac69db8c78a573e7816e3ad32acd5ca867b998735c78910b963c,,2.0634065229061105,2.0630481719311535,1120962.0,0.9784463909292065,component_reuse_order,0.2916386000001694,6
case_027,3,ok,1054242.0,1054242.0,16711680.0,16711680.0,0.0,0.0,10199040.0,1.0,0.887122300000101,69511d23bf1e5364b308e8cffead0abb047252e42d948591df635ce8dac8f583,,2.2423238687132554,2.2423238687132554,837049.0,0.7939818371872872,join_tail,0.30554309999979523,7
case_027,4,ok,559196.0,559196.0,3317760.0,3317760.0,0.0,0.0,5160960.0,1.0,0.5641026999996939,62cd079b9653ca2fdbcaff4c339044ce050a8d1d84641ecd8bea5e5f0712a440,,4.227412213249022,4.227412213249022,559196.0,1.0,component_merged,0.269575100000111,6
case_027,5,ok,556428.0,556428.0,17768448.0,17768448.0,0.2745726495726496,3684352.0,9734144.0,1.0,1.0413088999998763,660e2274d45174943bdd1bbd4a338c5fec0ba0aac07c91af3a52a2c0c97c2b80,,4.248441846923591,4.248441846923591,558753.0,1.004178438180681,data_wide,0.2973035999998501,7
case_028,1,ok,43836040.0,43836040.0,277412256.0,277412256.0,0.0,0.0,278067744.0,1.0,27.08461669999997,c65ac88ba5cacd91449e6e58c113e97597afb798b7de4554b7b8526e5235a551,,1.0,1.0,43836040.0,1.0,single_core_fixed,0.35693029999993087,1
case_028,2,ok,20336249.0,20332060.0,17337984.0,17337984.0,0.15581781173321438,2145888.0,11625888.0,1.000206029295605,15.767153700000108,b615ee11f08881bc32e9cc147f9bf6ddd9516e9b7b777ab2711f5a49eeacacf3,,2.156005835119511,2.155561726255417,20602291.0,1.013290881494546,data_wide,3.402224500000102,6
case_028,3,ok,13486869.0,13486869.0,17309952.0,17309952.0,0.0,0.0,14832000.0,1.0,13.136857800000143,3dce058cab1db118466b7bec7606c4a894e8533f82c281538b73cf14169dcc7d,,3.250275508718888,3.250275508718888,13582878.0,1.0071187019018277,data_wide,3.045400900000004,6
case_028,4,ok,10286253.0,10282038.0,17367936.0,17367936.0,0.1346631162947612,2145888.0,13789344.0,1.0004099381854064,11.974361899999622,cdca0c8a6f92aeaa0096bda651d0a39982485e6a8b34e167a2994d2186326aab,,4.263361018506253,4.261614020187915,10343971.0,1.0060234167584285,data_wide,3.078442100000302,6
case_028,5,ok,8203611.0,8175815.0,18342912.0,18342912.0,0.36793042905739054,6437664.0,11059296.0,1.0033997833855095,11.54170890000023,6fed17b4d5520b20c1129628bd0476e1c79a7504ec1a5ed497ec77c29891e3bf,,5.361672200263827,5.343505439251081,8242960.0,1.0082126369053115,data_wide,3.2175609000000804,6
case_029,1,ok,37555.0,37555.0,0.0,0.0,0.0,0.0,258132.0,1.0,0.28193329999976413,3694adfe7e10c19d9c2263208b2bcfe6077336b531861711cb81e099400287ac,,1.0,1.0,37555.0,1.0,single_core_fixed,0.016589000000294618,1
case_029,2,ok,19504.0,19448.0,266530.0,266530.0,0.4959054034839617,258090.0,262352.0,1.0028794734677087,0.34629960000029314,5afbd103b1b4b27a63a37b1f03e5963e8ad2a9bccfc4dbf88014dff17a27a8c6,,1.9310468942821883,1.9255024610336342,19740.0,1.0150143973673385,valley,0.12598479999996925,7
case_029,3,ok,14231.0,14035.0,114800.0,114800.0,0.3075767815574078,114688.0,258188.0,1.0139650872817956,0.2908737999996447,4e9e7ca2bf87a5654c41beef58815abe71879050bbda83012e6a0eb3035250c1,,2.6758104738154613,2.6389572060993607,12743.0,0.9079444246526541,data_wide,0.17057530000010956,7
case_029,4,ok,11028.0,11028.0,0.0,0.0,0.0,0.0,258132.0,1.0,0.24291700000003402,5b44a65da3d901be1efa843fa3fa50a4f56e8b5def1fac6ba4015071e8a2d8ff,,3.405422560754443,3.405422560754443,11028.0,1.0,component_merged,0.13236689999985174,7
case_029,5,ok,9383.0,9383.0,0.0,0.0,0.0,0.0,258132.0,1.0,0.23658380000006218,fe50dd6711824f67b6cdd8a164fa1c3f17ef9d224032948de3e75e0153b0f539,,4.002451241607162,4.002451241607162,9383.0,1.0,component_merged,0.14509629999975004,7
case_030,1,ok,2808034.0,2807891.0,5519360.0,5519360.0,0.259867995341012,2056192.0,5856256.0,1.0000509279028282,5.92724139999973,75f420d509330aa10096424e73d5714ed2eeac5492d77e9e32adbb616530d642,,1.0000509279028282,1.0,2808034.0,1.0000509279028282,single_core_fixed,0.18589830000018992,1
case_030,2,ok,1391882.0,1391813.0,1332224.0,1332224.0,0.3532160527762507,1315840.0,2409472.0,1.0000495756254613,5.069417999999587,6f62e6fe2eab7c0cba9c0745b8328c6ee80057ee8dc07590315a1f8ddda4964d,,2.017536838641398,2.017436822949072,1401423.0,1.0069046631982888,component_affinity,1.9261846999997942,7
case_030,3,ok,929090.0,928900.0,3901440.0,3901440.0,0.5061005368472425,3185664.0,3108864.0,1.0002045430078588,4.345704999999725,294ec56fc4cfdeffb8675c2aa152388135e3bc3fd013a8e01a8423f7cfdb0c4f,,3.0229669501560985,3.022348749852006,933969.0,1.0054569921412424,component_reuse_order,2.009529399999792,7
case_030,4,ok,698261.0,697853.0,5255168.0,5255168.0,0.45849511313428837,3506688.0,4141568.0,1.000584650348999,4.4125183999999535,cb15e7732c4abc2ff9e342c4712b74a83d93a019afc0ed0f24801da12790fb64,,4.023818769855542,4.021467617409536,708655.0,1.0154789045830568,component_reuse_order,1.9491594000000987,7
case_030,5,ok,560856.0,560562.0,7669760.0,7669760.0,0.7137478375903124,7182336.0,2880512.0,1.0005244736532266,4.984012299999904,e065dacf235a888c81cef4c5a87cd95f4aa53532dba78f825bad4a2055f1b821,,5.00931921892672,5.006693340180011,561192.0,1.001123872114057,component_reuse_order,2.152896099999907,7
case_031,1,ok,1414369.0,1414159.0,3491328.0,3491328.0,0.26059362793218216,1479168.0,4196980.0,1.0001484981533193,3.11775949999992,34447dee47bc34c29c86a194dd0d8bc5a7236c3b05dfeb0e268aeaab18512764,,1.0001484981533193,1.0,1414369.0,1.0001484981533193,single_core_fixed,0.10001349999993181,1
case_031,2,ok,730736.0,730736.0,1774080.0,1774080.0,0.3519038116648564,1393152.0,2565748.0,1.0,2.594625200000337,8bd5fceb6b417cfab163f46a8b3a59d411b8a08ff900f7a59229ec428d51850c,,1.935540331939305,1.935540331939305,735345.0,1.0063073394495412,component_reuse_order,1.223547900000085,8
case_031,3,ok,483278.0,483278.0,2786304.0,2786304.0,0.5215657464991821,2592768.0,2378356.0,1.0,2.3764672999996037,66f7adfa60cfcd36a8ca18e8aaf7764507719e00fd5ea6da15de78964f440625,,2.9266157366981322,2.9266157366981322,486363.0,1.0063834894201682,component_reuse_order,1.1574981999997362,9
case_031,4,ok,379916.0,379563.0,8241810.0,8241810.0,0.5419014784986687,5546056.0,4688380.0,1.0009300168878421,2.845414399999754,3c6d05c90a1fcd5b6ee6fbcc2c2a833eba175663a93fecc682e06d18fc24bf31,,3.726308939490941,3.722846629254888,398198.0,1.0490959340083201,valley,1.26726970000027,9
case_031,5,ok,294518.0,292431.0,8696372.0,8696372.0,0.5421473684210526,5781324.0,4882426.0,1.0071367262704707,3.1575419999999212,794c206f4e7ae2284a5b3db865b6af757aa0f15324d149263c4e5951eca2cdfe,,4.836590511949828,4.802317685166951,308135.0,1.0537015569484767,valley,1.278312100000221,9
case_032,1,ok,41443.0,41443.0,0.0,0.0,0.0,0.0,279156.0,1.0,0.22219399999994494,715397ff071391c2671330279eb2d971e4764f0406495abd55cc7c876fbae7b4,,1.0,1.0,41443.0,1.0,single_core_fixed,0.013155399999959627,1
case_032,2,ok,17595.0,17595.0,6216.0,6216.0,0.0217820949497498,6216.0,279156.0,1.0,0.23277729999972507,75b8efd5f84bdc56929f2040a16bc2e27aa9ae8a2df57a995d8042b8acc8e597,,2.3553850525717532,2.3553850525717532,21880.0,1.2435350951974993,component_reuse_order,0.13889880000033372,9
case_032,3,ok,11920.0,11920.0,12360.0,12360.0,0.04239904499238464,12360.0,279156.0,1.0,0.2336537999999564,4435d1809c0bf5c3bff4b8977d218a2dd3e1ea846e35b571f6415fef1b8bfdcb,,3.476761744966443,3.476761744966443,15402.0,1.2921140939597315,component_reuse_order,0.15734530000008817,9
case_032,4,ok,11205.0,11205.0,12360.0,12360.0,0.04239904499238464,12360.0,279156.0,1.0,0.23808539999981804,ef0422fd87428bd2e73b80919250ff5a13657c2079dd1492be6a28f9e3708a15,,3.698616688978135,3.698616688978135,14274.0,1.2738955823293172,component_vector,0.12457620000031966,7
case_032,5,ok,10415.0,10391.0,12360.0,12360.0,0.028348358237626752,8264.0,283252.0,1.0023096910788183,0.21841119999999137,07f86d797d43e1bfed97cbc8ee174678f1e6da5926769783bb19e09ff9ea6aaa,,3.988355307477625,3.9791646663466156,10415.0,1.0023096910788183,component_merged,0.13820549999991272,7
case_033,1,ok,1774196.0,1774080.0,4592640.0,4592640.0,0.09627692445862406,720384.0,6762032.0,1.000065386002886,1.4680449000002227,0bc07706d649333787c2a6b4067cede9127b9bfca785662db77bb9cd9fb262ac,,1.000065386002886,1.0,1774196.0,1.000065386002886,single_core_fixed,0.05722790000027089,1
case_033,2,ok,908199.0,908199.0,3069984.0,3069984.0,0.29097547552250425,1734144.0,4225616.0,1.0,1.3410782999999356,ee27ca8a3f3ef67a18926d75c464df549a095be9a6a815682004b8ba9c8c59d5,,1.9535322104516741,1.9535322104516741,936496.0,1.0311572683960233,component_reuse_order,0.8157685999999558,8
case_033,3,ok,615560.0,615560.0,4309056.0,4309056.0,0.3298001675827412,2374176.0,4824656.0,1.0,1.4310523999997713,bc70aa3bcd9bed70ca12b62db233afa50f9a086bbfce488305060a81130b0ef0,,2.8822470595880176,2.8822470595880176,623371.0,1.01268925856131,component_reuse_order,0.8497013999999581,9
case_033,4,ok,472774.0,472504.0,5873760.0,5873760.0,0.3027599818155594,2653248.0,6110288.0,1.000571423733979,1.5670169999998507,902acdc04fe912ca0f3a817e37bf1b09c9f82620b5176b1ba884ec61648062e5,,3.7548803819650205,3.7527359795589437,482080.0,1.0202664950984541,component_reuse_order,0.7432579000001169,9
case_033,5,ok,362856.0,360688.0,8163996.0,8163996.0,0.3235065398276502,3531904.0,7385662.0,1.0060107350397018,1.7651012999999693,1a0ee8b5de2ca6f385c8ed6178bcd7d14a32ab0f2d1a5aa36e31755cb0167222,,4.918921616466309,4.889531935533655,362856.0,1.0060107350397018,valley,0.7816468000000896,9
case_034,1,ok,842996.0,842733.0,1079832.0,1079832.0,0.309046599146855,1038336.0,2321468.0,1.0003120798639664,1.4638300000001436,ce9cc69aef99da272de815eec7776435c103c628169ed7880fd1a3e90c68d40f,,1.0003120798639664,1.0,842996.0,1.0003120798639664,single_core_fixed,0.062315899999703106,1
case_034,2,ok,415251.0,415251.0,1066496.0,1066496.0,0.30905309459491764,1034240.0,2312240.0,1.0,1.5435311000001093,f0af77411ad881040f2ce84e3058122acd11e63675b39485de4b6395e3e0a4fd,,2.0300878263989732,2.0300878263989732,418129.0,1.0069307479090959,component_reuse_order,0.7165006000000176,9
case_034,3,ok,277444.0,277323.0,2437120.0,2437120.0,0.5085153941910121,2398720.0,2318384.0,1.0004363143338273,1.6109713999999258,0153ea8c5e3505653bfea94ce3d9a1b11b1a6558a622273d9db15d1fd6311999,,3.0397622988356536,3.038436585401018,282515.0,1.0187218514151368,component_reuse_order,0.819530400000076,9
case_034,4,ok,213112.0,212928.0,3176960.0,3176960.0,0.5757127065991514,3141632.0,2315312.0,1.000864141869552,1.4813686000002235,44ece2a59f865bc31fe97da6687cb524b703bad8fed202621d3a2311cbd6eac0,,3.959065975353171,3.955647734524569,213112.0,1.000864141869552,component_merged,0.8022000999999364,9
case_034,5,ok,178096.0,177225.0,3536896.0,3536896.0,0.571335836393393,3323392.0,2493488.0,1.0049146565100862,1.570940199999768,806c10d4431d08eb22870d06d30ee02f2ab1c0ae00a504ec0254644a536b3b26,,4.756642685851319,4.733379750247058,178096.0,1.0049146565100862,component_merged,0.8445763999998235,9
case_035,1,ok,169571.0,169571.0,0.0,0.0,0.0,0.0,396878.0,1.0,1.5758786999999757,24c8a6fa8163cc60528e05c5155554fc48407414f182cc8f8ae0c4bb998d6f39,,1.0,1.0,169571.0,1.0,single_core_fixed,0.05463430000008884,1
case_035,2,ok,95406.0,95406.0,0.0,0.0,0.0,0.0,396878.0,1.0,1.2850122999998348,936ef0ac00fed42fb30caae1cb2ef9c8be8bc8c7f0b2114d0c30a9183725ac93,,1.7773620107750037,1.7773620107750037,95406.0,1.0,component_merged,0.5938685000000987,7
case_035,3,ok,76605.0,75986.0,1067848.0,1067848.0,0.3202433102479907,350318.0,743594.0,1.0081462374647963,1.6805850999999166,7cdae1ddfef2c0d0b8342c6acc430c1db3d5a7964e8471038f7764f24c27ee2c,,2.2316084541889296,2.2135761373278506,92120.0,1.2123285868449452,data_wide,0.5841115000002901,7
case_035,4,ok,72762.0,72824.0,1421056.0,1421056.0,0.2788170467781903,326976.0,845750.0,0.9991486323190157,1.8018510000001697,ac097ac63294990ecefe25e087ddfc46f2482cea8fff4dc97e0c6df4224961c9,,2.3285043392288256,2.3304884417690555,74735.0,1.0262413490058222,valley,0.639643999999862,7
case_035,5,ok,73126.0,72982.0,1562242.0,1562242.0,0.2859801014062948,358722.0,895638.0,1.0019730892548848,1.8650450000000092,667076dace8e251bf90d6069450ba3f3b3e9e2924839259de7c2b785262665be,,2.3234633197226713,2.3188879468314965,74644.0,1.0227727384834617,valley,0.6050099999997656,7
case_036,1,ok,931510.0,931510.0,0.0,0.0,0.0,0.0,3277952.0,1.0,1.3671331000000464,04714fa9ee46ae937699d59b15bc62bada356ca8d67adde6909797bcf4ebdc31,,1.0,1.0,931510.0,1.0,single_core_fixed,0.05213069999990694,1
case_036,2,ok,466068.0,466068.0,1152.0,1152.0,0.0,0.0,3279104.0,1.0,1.1364306999998917,1091950ace1db6366b0a8c01cec87a9da2f235d68013ad2a8c094b1d27116ae4,,1.998656848356892,1.998656848356892,466068.0,1.0,component_merged,0.405920100000003,2
case_036,3,ok,311345.0,311345.0,2304.0,2304.0,0.0,0.0,3280256.0,1.0,1.056209200000012,b5bad51cacdc26bc9066743254ae34f5de87d8385198c90fc229eebb21ceb00d,,2.991890025534375,2.991890025534375,311345.0,1.0,component_merged,0.40328219999992143,2
case_036,4,ok,233584.0,233584.0,3456.0,3456.0,0.0,0.0,3281408.0,1.0,0.9292817999998988,64c91dd4d1bfd63fa955f5c690411caf24d4c1071c32871d990ca064e6fba07a,,3.987901568600589,3.987901568600589,233584.0,1.0,component_merged,0.37946439999996073,2
case_036,5,ok,187182.0,187182.0,4608.0,4608.0,0.0,0.0,3282560.0,1.0,0.969671500000004,44eb0fd5643141ae77ce2094f9599928fea4c7cd89fc95841cadaf777e070f3e,,4.976493466252097,4.976493466252097,187182.0,1.0,component_merged,0.33084580000013375,2
case_037,1,ok,210001.0,210001.0,0.0,0.0,0.0,0.0,532480.0,1.0,0.22125180000011824,04f9316694e08bd337ed723732ca7e988c6f52fb340bccfa267cbd12a7e4455d,,1.0,1.0,210001.0,1.0,single_core_fixed,0.017407299999831594,1
case_037,2,ok,105374.0,105374.0,204800.0,204800.0,0.0,0.0,737280.0,1.0,0.2328085999997711,f797354f61480b6e37404bfc8c2bad088a272a5b578d6e8ecc6359d93ae54745,,1.992910964754114,1.992910964754114,105374.0,1.0,component_merged,0.1109028999999282,6
case_037,3,ok,73521.0,73521.0,1310720.0,1310720.0,0.5859188544152745,1005568.0,710656.0,1.0,0.33348160000014104,cc01d40e7c472ce5f7b21c73ee3c9e8af4c48fe4a7ce3497918de02144b2a928,,2.8563403653377946,2.8563403653377946,74038.0,1.0070320044613104,valley,0.13352380000014819,7
case_037,4,ok,53320.0,53320.0,614400.0,614400.0,0.0,0.0,1146880.0,1.0,0.2642194999998537,4d24bd054771944e36e861948a03a253392ba949ba60895e107c389e3a2e7163,,3.938503375843961,3.938503375843961,54976.0,1.0310577644411103,component_merged,0.11098989999982223,6
case_037,5,ok,43013.0,43013.0,942080.0,942080.0,0.4222222222222222,622592.0,851968.0,1.0,0.2908938999999009,aa54eafb8549a0852d9bb2262d73494057d6f0f06fff41c1e80ac2fc4310f7d0,,4.882268151489085,4.882268151489085,44890.0,1.0436379699160718,component_affinity,0.12126089999992473,7
case_038,1,ok,1364555.0,1363312.0,5627904.0,5627904.0,0.1736168151396097,1462272.0,6960138.0,1.0009117502083162,3.1219559000001027,b996ca9563f8b4725262fa865cfb53cdb4a432f1f919f7865925088b1ecc5fdc,,1.0009117502083162,1.0,1364555.0,1.0009117502083162,single_core_fixed,0.11665949999996883,1
case_038,2,ok,683459.0,683271.0,6094848.0,6094848.0,0.2215180090701754,1969152.0,6920202.0,1.000275147049999,2.8865341000000626,bf19ca8e2fe24ca92070b01686d2a8f88dd4fc7bced8487f3d7d38037bdd6dc9,,1.9970919298492107,1.996542587046187,683459.0,1.000275147049999,component_merged,1.1700597999997626,7
case_038,3,ok,462076.0,461382.0,7942656.0,7942656.0,0.3343185098632208,3589632.0,7147530.0,1.001504176582528,3.013864800000192,1b0bbb4a427c9a7486ec4e678bcd0ae9dc6a19ad6d797de86bd79126c91e2f09,,2.957538438864108,2.9530964603225445,462076.0,1.001504176582528,component_merged,1.393930299999738,8
case_038,4,ok,348315.0,347778.0,8252564.0,8252564.0,0.41579611851839265,4306432.0,6050644.0,1.001544088470231,3.2363210000003164,74a900811fa19abf7e4d2b645025e1dba64401fcafe8b1863c04b16241504294,,3.9236380679628957,3.91758896401246,348315.0,1.001544088470231,data_wide,1.4289049999997587,8
case_038,5,ok,280243.0,280192.0,7592448.0,7592448.0,0.6323255114059425,6567936.0,3819018.0,1.0001820180447694,2.818854900000133,e6faab60ff18a096a2cdf76240e75d3f11012899bd22c51cf927b5be3e685fc5,,4.870071236866149,4.869184957340594,291895.0,1.0417677878026497,component_reuse_order,1.4454899000002115,8
case_039,1,ok,1435262.0,1435262.0,7929856.0,7929856.0,0.0,0.0,12132352.0,1.0,3.605857200000173,f035f4fc44399d261736f9db40e95c0b99431c914e1d1837c21aedfd4b96e3ed,,1.0,1.0,1435262.0,1.0,single_core_fixed,0.08321640000031039,1
case_039,2,ok,701993.0,701993.0,9576448.0,9576448.0,0.326397146254459,4497408.0,9281536.0,1.0,2.5163164000000506,52b3f7dba411a45b0493685c86ed18868e4598ed1c109af8d2bdbf07cae3edaf,,2.044553150814894,2.044553150814894,712650.0,1.0151810630590334,component_reuse_order,1.4742651999999907,8
case_039,3,ok,479997.0,478645.0,11153408.0,11153408.0,0.1891170978927714,2904064.0,12451840.0,1.002824640391104,2.4821107000002485,332b9c2b0320d857f2772d999c9752474fe6ccb6977876e7fc84268bb46187e3,,2.9985939474976235,2.990147855090761,568523.0,1.1877759090766644,component_reuse_order,1.2604850999996415,8
case_039,4,ok,369494.0,367082.0,13955072.0,13955072.0,0.30678998420933906,5570560.0,12587008.0,1.0065707389629566,2.528075799999897,5757579bf3873b0950070a51ee42b838a9e61f8e113165279128753fc8ef75ca,,3.9099220337690217,3.8843986641190384,367778.0,1.0018960341286143,component_reuse_order,1.3134633000004214,8
case_039,5,ok,529845.0,451777.0,23437312.0,23437312.0,0.2529327022020992,5033984.0,14868480.0,1.1728020682770481,4.011517499999627,8abed586e800a7d1749d6ab1d328ba0d231e279cd4f29e1065bb7c89abe63114,,3.1769257841811336,2.708833715520577,431161.0,0.9543668668391706,valley,1.4762358000002678,8
case_040,1,ok,253454.0,253454.0,0.0,0.0,0.0,0.0,911174.0,1.0,0.9997809999999845,a484af7f1aad58be9a7cd3c14513b27ce33fe4aec507d7bf26460948c3cd2634,,1.0,1.0,253454.0,1.0,single_core_fixed,0.045416299999942567,1
case_040,2,ok,144215.0,144059.0,12288.0,12288.0,0.013306448993028408,12288.0,911174.0,1.0010828896493797,0.9406849000001785,689361fbe5238e12e8b34c66adf8598a6e69fa188cf1c01cc400ff5a38153533,,1.7593763666275624,1.757473217071733,144027.0,0.9997778687898708,component_reuse_order,0.4929050000000643,8
case_040,3,ok,110105.0,110105.0,0.0,0.0,0.0,0.0,911174.0,1.0,1.0552428000000873,9fc2c058fd63f818676217252253dff4922afc5ffe9218815718552327c7cc93,,2.301929975932065,2.301929975932065,110105.0,1.0,component_merged,0.48023090000015145,7
case_040,4,ok,110202.0,110202.0,53760.0,53760.0,0.05571365502718321,53760.0,911174.0,1.0,0.8947987000001376,100a3bc6be11947298e2fa956da2cd11a43738724fbb78141b73d559a76e61aa,,2.2999038129979494,2.2999038129979494,110202.0,1.0,component_vector,0.48642740000013873,7
case_040,5,ok,111360.0,107362.0,3502676.0,3502676.0,0.17604522030094083,511392.0,2393498.0,1.037238501518228,1.7666457000000264,915150765db3a80713b50f7dad13a24c52b04ef3af93b9080ecc6a38dcc9d20f,,2.3607421620312588,2.2759877873563217,110337.0,1.0277099904994318,data_band,0.46334959999967396,7
case_041,1,ok,6003957.0,6001575.0,30898176.0,30898176.0,0.10163681549404405,3643392.0,32203776.0,1.0003968958148486,14.188565299999937,3508f697135884600cc5e0db3cb44e7ba50bf44e4d6e6b14adfed58a148e6543,,1.0003968958148486,1.0,6003957.0,1.0003968958148486,single_core_fixed,0.3390407000001687,1
case_041,2,ok,2967445.0,2967445.0,8973312.0,8973312.0,0.1650485436893204,2297856.0,11624448.0,1.0,8.912511900000027,4f8b1f11e8b96b97249bd01a9f51cd3d88900cbd85f53bbc0734441d7df933c4,,2.0232749048423813,2.0232749048423813,3043073.0,1.0254858978009702,component_reuse_order,4.366079599999921,8
case_041,3,ok,1983137.0,1983137.0,10779648.0,10779648.0,0.337890625,5314560.0,10414080.0,1.0,9.436133100000006,6b2243b2047a653b519b40ab72a8f09a8454cf30ede8655c57cde1ff35fb167d,,3.0275049076286713,3.0275049076286713,1998711.0,1.0078532143770198,component_reuse_order,4.34476050000012,8
case_041,4,ok,1490106.0,1489719.0,15003648.0,15003648.0,0.3913779830638953,7809024.0,12143616.0,1.0002597805357922,9.590412300000025,665cc6204c2e5b6b0261499b17b49afc0dbcb8c4c2c1970f9215c323561ae5ce,,4.030261411715901,4.02921470016227,1528894.0,1.0262969056580469,component_reuse_order,4.40138479999996,8
case_041,5,ok,1191113.0,1190984.0,18745344.0,18745344.0,0.43938804615584076,10411008.0,13283328.0,1.0001083137976665,9.380341900000076,43e86a63a1e72a8b526b818d22fdc2b40822ca8aacc7e713f84acfb21bcec95f,,5.041173517024578,5.040627547512285,1208717.0,1.0148893687908487,component_reuse_order,4.0203786000001855,8
case_042,1,ok,1686740.0,1675633.0,6629376.0,6629376.0,0.3186917583766532,2866176.0,6127392.0,1.0066285397816825,2.4374588000000585,bb944ac48966c775a60348a2e40415292d503474ae429a239b7b355a98ce7058,,1.0066285397816825,1.0,1686740.0,1.0066285397816825,single_core_fixed,0.0791572999996788,1
case_042,2,ok,840934.0,840934.0,3566880.0,3566880.0,0.455278236379528,2700288.0,3230784.0,1.0,1.8802857999999105,e4381fb167f6ae88fff41c98ab19418ab375431ed84f9cc5f876576977e21bda,,2.0057935581151436,2.0057935581151436,849537.0,1.010230291556769,component_reuse_order,1.0236541999997826,7
case_042,3,ok,571990.0,571990.0,4482336.0,4482336.0,0.32803780251829834,2245920.0,4600608.0,1.0,1.8680613000001358,3f6fc5f6a423f8f36fa11527fcdd148a90a6167d8e03dc4b4bad46412daaef19,,2.9488977080018883,2.9488977080018883,567781.0,0.9926414797461494,component_reuse_order,1.0384033000000272,7
case_042,4,ok,433763.0,433754.0,5769504.0,5769504.0,0.4309420956967165,3505152.0,4628544.0,1.000020749088193,1.9837898999999197,e0a67114e1691e942ef50f9619cd7c78f9ecc6d62c5f1ba85cfad9a8428bce68,,3.8887018909335707,3.888621205589227,444517.0,1.024813604024401,component_reuse_order,0.9545508999999583,7
case_042,5,ok,363216.0,362801.0,5065728.0,5065728.0,0.5131080819174365,3812352.0,3617568.0,1.0011438777732145,1.8786712999999509,cf4a3ba93316a53d9030fe4c0b7d10e7255e4ec303be250f76ae64838e058eb3,,4.6492154101008545,4.64390335227523,362266.0,0.9985253623887476,component_affinity,1.1183101000001443,7
case_043,1,ok,677656.0,677656.0,49160.0,49160.0,0.03320740032104811,49152.0,1431000.0,1.0,3.9793993000002956,40c6061a8b3440ba8b55977d0383371c9739a9ddcccbcb0a98c0c68bb7b2f2e8,,1.0,1.0,677656.0,1.0,single_core_fixed,0.1719687999998314,1
case_043,2,ok,356298.0,356298.0,368640.0,368640.0,0.17923624555187828,322560.0,1477076.0,1.0,3.425771799999893,606ca3f860063cf41643e34187bc7944578496bcf88be24771c50f1fae7216fe,,1.9019360198485538,1.9019360198485538,353177.0,0.9912404784758826,component_reuse_order,1.85917980000022,9
case_043,3,ok,286490.0,285942.0,4486308.0,4486308.0,0.4223690656873549,1901824.0,2600930.0,1.0019164725713605,5.645829500000218,802963d05242a097df63a6af5e1bd94969e88ec3bbbc286c5235dbfdb57cd64d,,2.3699071839743726,2.3653740095640337,268777.0,0.939970343636122,valley,1.8839774999996735,9
case_043,4,ok,237551.0,235005.0,5442332.0,5442332.0,0.4707936814460065,2437958.0,2740442.0,1.010833812046552,5.465569899999991,c9c9c3ad3faa7b60a244e35abedd9f5b9fde4fcacb61043727c8fc6779b0297e,,2.8835812003999917,2.852675846449815,269194.0,1.1454820110210422,valley,1.9228330999999343,9
case_043,5,ok,215152.0,212411.0,6231888.0,6231888.0,0.4813540053388337,2736924.0,2948962.0,1.012904228123779,5.24662649999982,dad670f9d1b79073f1ab229d2d57514ca6decd26720c86af840762fc063602bf,,3.1903055868104757,3.1496616345653305,269612.0,1.2692939631186708,valley,1.932245200000125,9
case_044,1,ok,154407.0,107814.0,4438112.0,4438112.0,0.8199885718367201,4408416.0,967776.0,1.4321609438477378,0.4957008000001224,23ff15f4d33ebef334c184eabbbe1bad485c6dce8f4f8b56fbbf4a24cce1f304,,1.4321609438477378,1.0,154407.0,1.4321609438477378,single_core_fixed,0.019838400000026013,1
case_044,2,ok,47521.0,47085.0,930400.0,930400.0,0.049019607843137254,92320.0,1791008.0,1.0092598492088776,0.41843350000044666,cd9c76f3840b92ffe801ddec8251eddcf978097216f9c7cb62885cb5e37c49a6,,3.279324625676967,3.2492371793522863,47521.0,1.0092598492088776,data_band,0.17548900000019785,6
case_044,3,ok,55668.0,55572.0,1860800.0,1860800.0,0.003366352397957443,9472.0,2804256.0,1.0017274886633556,0.39677930000016204,699e24894b7ae76cb8e463e61489e5b1a93851ad800c030e598983cea7e8a6d4,,2.7785035629453683,2.7737120068980383,55668.0,1.0017274886633556,data_band,0.17687350000005608,6
case_044,4,ok,68165.0,67846.0,2791200.0,2791200.0,0.005743393388260231,21504.0,3722624.0,1.004701824720691,0.3807553999999982,03c3f73d883cf557d2e47784584fcbeff463ef26723ef61660b8580a404dd2bf,,2.275845296701353,2.265194748037849,68165.0,1.004701824720691,data_band,0.19721579999986716,6
case_044,5,ok,83237.0,83141.0,3721600.0,3721600.0,0.000424427878065978,1984.0,4672544.0,1.0011546649667433,0.387242299999798,037635b4b1ba83a6ec558b22468b0f1c19e0f4ca324d7def8141fb9e0a5033c8,,1.8571703491658749,1.855028412845249,83237.0,1.0011546649667433,data_band,0.17589259999977003,6
case_045,1,ok,125614.0,125614.0,0.0,0.0,0.0,0.0,278528.0,1.0,0.4743680999999924,6ff4399c84008696e1bc0b0f870dbf2ed77883b7cbba223feca59e73f78f852d,,1.0,1.0,125614.0,1.0,single_core_fixed,0.02381550000018251,1
case_045,2,ok,63059.0,63059.0,0.0,0.0,0.0,0.0,278528.0,1.0,0.39401889999999185,fd8a41237af35939cf7fc007017968c5630e206b0a9d13f0a2a3789f2afc6162,,1.99200748505368,1.99200748505368,63059.0,1.0,component_merged,0.2261844999998175,7
case_045,3,ok,42601.0,42601.0,0.0,0.0,0.0,0.0,278528.0,1.0,0.4440088999999716,0eb6b7af74988a025bde49f4851ea0c80e7c7376111fbbec34cab9a2ebbf6e81,,2.94861622966597,2.94861622966597,42601.0,1.0,component_merged,0.2365828000001784,7
case_045,4,ok,31878.0,31878.0,0.0,0.0,0.0,0.0,278528.0,1.0,0.4337858000003507,ecd749215e7197ecc8e0b63da20682d7e83a77823fbe809d5a12a3d4b4c737d3,,3.940460505677897,3.940460505677897,31878.0,1.0,component_merged,0.22543150000001333,7
case_045,5,ok,26164.0,26164.0,0.0,0.0,0.0,0.0,278528.0,1.0,0.35368749999997817,16c8ee2138dbbf5b3f98a086cfe11187e5ed434b81052b1a0fe1d3026ab8eda2,,4.801024308209754,4.801024308209754,26164.0,1.0,component_merged,0.2561843999997109,7
case_046,1,ok,276455.0,244994.0,3176288.0,3176288.0,0.7530304668077024,3120992.0,1023584.0,1.1284153897646474,0.31332249999968553,084db12ce8f03f46de12b3e65eeae8a14aacea773e697fe01da843a047c0d723,,1.1284153897646474,1.0,276455.0,1.1284153897646474,single_core_fixed,0.013943699999799719,1
case_046,2,ok,112356.0,112356.0,930400.0,930400.0,0.0,0.0,1926336.0,1.0,0.30051670000011654,e356cf4fa425364ec06f45bd25b16c8c5b6ed053c8a3ecc94e52df16f9a2b31f,,2.460527252661184,2.460527252661184,112356.0,1.0,data_band,0.09991040000022622,5
case_046,3,ok,84540.0,84540.0,1860800.0,1860800.0,0.6314115129994511,1803776.0,1052960.0,1.0,0.3020448000002034,ad2613481fc6a736086c8263cdeb5feb84d618de5fbbe42c8231f1070494b4d3,,3.2701088242252188,3.2701088242252188,84540.0,1.0,data_band,0.10127890000012485,5
case_046,4,ok,80168.0,80168.0,2791200.0,2791200.0,0.0,0.0,3787136.0,1.0,0.3367296000001261,7aada3983c968ea15cdf0b3e1b072e83da4adc2d267ec23183ee84714eee7943,,3.4484457638958186,3.4484457638958186,80168.0,1.0,data_band,0.10100970000030429,5
case_046,5,ok,95335.0,94751.0,3721600.0,3721600.0,0.00813984249404774,38400.0,4679136.0,1.0061635233401232,0.2810601000001043,a16b928e56cd55900a92b9729703ca028450b3086baf8d9761a8d74c9692dc05,,2.9177000770440418,2.8998269261026905,95335.0,1.0061635233401232,data_band,0.1173650999999154,5
case_047,1,ok,326508.0,326508.0,0.0,0.0,0.0,0.0,457286.0,1.0,10.32673849999992,021a719b24d258db7e8627918283acbe232f47b3270512d39fbda89af1e4c8e7,,1.0,1.0,326508.0,1.0,single_core_fixed,0.22050519999993412,1
case_047,2,ok,197819.0,197819.0,1539654.0,1539654.0,0.09536484896646562,122886.0,1165702.0,1.0,10.831868799999938,e9ad457cb786310cb7180018b1146921d7dac1ac0b0c689c83dc8d32823f3457,,1.6505391292039693,1.6505391292039693,176096.0,0.8901874946289284,data_band,2.2271856000002117,6
case_047,3,ok,128024.0,127524.0,1353740.0,1353740.0,0.3866469339800245,503180.0,798214.0,1.003920830588752,7.637015400000109,f773632b9cdf6cf73841aae589bd8716523742793d9950c9a501ad09110d0485,,2.5603651077444245,2.550365556458164,128024.0,1.003920830588752,valley,2.128492599999845,6
case_047,4,ok,104182.0,103932.0,1173970.0,1173970.0,0.31854889298283845,385936.0,825608.0,1.0024054189277605,6.810435499999585,d40d99c09d2281c389bb4b0c9c66f4b4c7dea9322d55632beeb7bad744d5c005,,3.1415540930608477,3.134015472922386,104175.0,1.002338067197783,valley,2.2851435999996283,6
case_047,5,ok,94714.0,90802.0,2392856.0,2392856.0,0.5558310854860439,1103248.0,881614.0,1.0430827514812449,7.341073099999903,ad2735f7a4f027a0586e02e7a97b359da58cdc045f3a3ef3dd8ed5cbb1a7140f,,3.595823880531266,3.4473045167557066,94756.0,1.043545296359111,valley,2.1241243999998005,6
case_048,1,ok,222220.0,222220.0,0.0,0.0,0.0,0.0,410182.0,1.0,0.6004172000002654,6927517506735ff4c11d1c83a7b399eb4ec5f9fb31c30a9391a34d45d8d6c1de,,1.0,1.0,222220.0,1.0,single_core_fixed,0.027141800000208605,1
case_048,2,ok,139780.0,139780.0,767654.0,767654.0,0.0217086208114536,18438.0,830902.0,1.0,0.9234769000004235,559ada955ab218d0b48e0dacd244dbe173dedf8bf2cc822800b755ff53c5c491,,1.5897839462011734,1.5897839462011734,148681.0,1.0636786378594936,valley,0.24806959999978062,6
case_048,3,ok,122292.0,121677.0,1094892.0,1094892.0,0.25291904075532295,261450.0,772280.0,1.0050543652456914,0.9548010999997132,1c7ae6d5542434b28e429becfb5213942d43370b487f6a8f1d9ee7c41e5835bf,,1.8263106421098483,1.817126222483891,130128.0,1.0694543751078676,valley,0.23005449999982375,6
case_048,4,ok,111344.0,111329.0,1120402.0,1120402.0,0.2301857585139319,240894.0,805626.0,1.0001347357831294,0.924664600000142,4f1f85841100ec2941a6a50b46ba2d925b73f67da9a527e62439fa635e8b5776,,1.9960657151326249,1.995796809886478,126825.0,1.1391910463580919,valley,0.28772909999997864,6
case_048,5,ok,111467.0,110747.0,1462006.0,1462006.0,0.2584913533921055,314676.0,902680.0,1.00650130477575,1.0083444000001691,80c5a6cd67f579ab3330565d6d1c7ac9a61d8cf16e45339eb070d8075b053401,,2.006555482315548,1.9935945167628086,127339.0,1.1498189567211754,valley,0.23557909999999538,6
case_049,1,ok,196276.0,196276.0,0.0,0.0,0.0,0.0,152504.0,1.0,1.5927787999999055,59600ac44c57711966e0707983e647162c5ce2f62f50748409ef8d2ba3810987,,1.0,1.0,196276.0,1.0,single_core_fixed,0.06203029999960563,1
case_049,2,ok,132212.0,132211.0,795798.0,795798.0,0.05011283003227258,28292.0,536274.0,1.0000075636671684,1.7804424000000836,08890f9adbd0410b361e00474319eded3a8f63d3e551daa34a8736904b1ed368,,1.4845663371429003,1.4845551084621669,132212.0,1.0000075636671684,data_wide,0.6164201999999932,7
case_049,3,ok,104604.0,104567.0,1559248.0,1559248.0,0.07087350289809098,67472.0,884534.0,1.0003538401216445,1.879628700000012,55cb28b8c09a52d197202642e34a1c2fd672d3f081a768f34acea5174cf7f0eb,,1.8770357761052723,1.8763718404649918,115750.0,1.1069457859554162,data_wide,0.6357781000001523,7
case_049,4,ok,88796.0,88693.0,1726822.0,1726822.0,0.11878649792261005,124082.0,920498.0,1.0011613092352272,2.002041300000201,ca621bac3487b120cc791c37a228f2f80df0f744446132ffc051ce99b8f9eda1,,2.212981858771267,2.2104148835533133,102275.0,1.153134971192766,data_wide,0.655665300000237,7
case_049,5,ok,85570.0,85357.0,1871276.0,1871276.0,0.1493050687122074,168248.0,958626.0,1.0024954016659442,1.9585575999999492,aa4729783100c7230eec1ff1353af20e724622d393f72e365b023fb6e44adb55,,2.2994716309148635,2.2937478088114993,97747.0,1.145155054652811,data_wide,0.7269946000001255,7
case_050,1,ok,149690.0,149690.0,0.0,0.0,0.0,0.0,319300.0,1.0,1.8464960999999676,3ae6d344e47cb50f3ae792f5c369afb4d76ed7a1b667cd8f87e5077bb1b1a982,,1.0,1.0,149690.0,1.0,single_core_fixed,0.06307169999990947,1
case_050,2,ok,75386.0,75386.0,597958.0,597958.0,0.19219267313297672,132006.0,554836.0,1.0,2.007970699999987,448fd606e76f57a11ae7dd2393fc9363fdac839cd4aa6beca0d4153075a64516,,1.9856472023983234,1.9856472023983234,75386.0,1.0,valley,0.7009207999999489,8
case_050,3,ok,60423.0,60369.0,919320.0,919320.0,0.2700328250911235,235440.0,636454.0,1.0008944988321822,2.1013293999999405,82ef3c705a26f4cf10d9358b3f173dba7e3bdba6573790e44f123ec428438eff,,2.4795838923951035,2.4773678897108717,60423.0,1.0008944988321822,valley,0.7279475999998795,8
case_050,4,ok,49215.0,48481.0,1303162.0,1303162.0,0.36883782385976327,403648.0,690730.0,1.0151399517336688,2.147771400000238,403cb490188b8110586297a28b75f7186cfda632736da0e1d8066a50d34b7dc0,,3.087601328355438,3.0415523722442344,49215.0,1.0151399517336688,valley,0.7727153000000726,9
case_050,5,ok,47714.0,46479.0,1526304.0,1526304.0,0.3971961537446213,481478.0,730714.0,1.0265711396544677,2.3549808999996458,171dcea75e81965a859a03b2a0d053096cf2114c91ceb58ef8802b18529ccce9,,3.220594246864175,3.1372343546967345,47714.0,1.0265711396544677,valley,0.8051620000001094,9
case_051,1,ok,607628.0,607628.0,0.0,0.0,0.0,0.0,393216.0,1.0,0.353012900000067,d106c8225c552029b8245b91de642aaa533b7e08a727dc48a1265fe1f7024d00,,1.0,1.0,607628.0,1.0,single_core_fixed,0.019318399999974645,1
case_051,2,ok,327449.0,327449.0,668.0,668.0,0.0,0.0,393550.0,1.0,0.5051493999999366,aa937ea6fa3297b6fd50c3f21160057f9ea893b9abb42e031e78909096413840,,1.855641641904541,1.855641641904541,379535.0,1.1590659919559994,fork_join,0.1446498000000247,5
case_051,3,ok,228013.0,228013.0,376.0,376.0,0.00011692814511291192,46.0,393358.0,1.0,0.3908512999996674,496a298c7f7c37a28368c295d600ef35aec7f9485978d69ee18b6ef7f9f2e453,,2.6648831426278328,2.6648831426278328,228013.0,1.0,data_wide,0.14963080000006812,5
case_051,4,ok,178135.0,178135.0,1140.0,1140.0,0.00023362943324546835,92.0,393694.0,1.0,0.5197671999999329,89e436f94bd5983cebd47194a64e3fc8fcdb7f9f7098999fd71d01e86b31c7b1,,3.4110534145451483,3.4110534145451483,192346.0,1.0797765739467258,fork_join,0.16125379999994038,5
case_051,5,ok,179133.0,179133.0,1232.0,1232.0,0.0003504032176156331,138.0,393694.0,1.0,0.5783352000003106,dbd02c5cb1ba1d5ec44d504748df02af50e0b78c00b24d62dcbd94c88dfcdefd,,3.392049482786533,3.392049482786533,191961.0,1.0716115958533603,fork_join,0.16165120000005118,5
case_052,1,ok,180301.0,180301.0,0.0,0.0,0.0,0.0,810044.0,1.0,0.31501499999967564,b8bb2cd3db276700812744c2c435fa26053213465c30f4a9e05fb2996a330fc1,,1.0,1.0,180301.0,1.0,single_core_fixed,0.017651999999998225,1
case_052,2,ok,86544.0,86544.0,268488.0,268488.0,0.061449831973115696,61440.0,938400.0,1.0,0.365786300000309,685bbd46fe56ef9d8abe76c6f6d5c2043ed6b23975df722fa90b608a76b7c4ca,,2.0833448881493806,2.0833448881493806,91254.0,1.0544231835829174,data_wide,0.18610209999997096,8
case_052,3,ok,62667.0,62667.0,640376.0,640376.0,0.15773105134474327,193536.0,1033464.0,1.0,0.40921300000036354,f83a40767bb0d074e0033c85f62da8357bc7a567e415cbad221fa061e7451913,,2.8771283131472707,2.8771283131472707,63361.0,1.0110744091786745,data_wide,0.17810460000009698,8
case_052,4,ok,45722.0,45076.0,651248.0,651248.0,0.1988269960366399,253440.0,1021236.0,1.0143313514952526,0.39712009999993825,6394cceaa0bc8bc2867ac510b85797cfb88b3ce698106bc8538c4d99ce5665eb,,3.99993344573609,3.943418923056734,47721.0,1.0586786760138434,data_wide,0.18259900000020934,8
case_052,5,ok,40532.0,40125.0,884484.0,884484.0,0.14995326534803693,214656.0,1216830.0,1.0101433021806854,0.4712411999998949,0994b2d5c2187eb89662c17a59dc53c7e653f1ab4af8265a31c489219134ffa2,,4.493482866043614,4.448361788216718,51670.0,1.2877258566978194,data_wide,0.1840265000000727,8
case_053,1,ok,1472686.0,1428109.0,5405536.0,5405536.0,0.6248708378144704,5155968.0,3095286.0,1.0312140039730862,7.918261699999675,cf1e7920597114bd4db330d2634728512ab6c83ced7d2b75b26f56856ffe5f7b,,1.0312140039730862,1.0,1472686.0,1.0312140039730862,single_core_fixed,0.20298940000020593,1
case_053,2,ok,718971.0,717639.0,4639598.0,4639598.0,0.15779165627464595,936342.0,4997698.0,1.001856086416708,8.908160199999656,c5d08458592b906767881d30b3cbfb2afd335a0c099459d6c0177acd74324fdb,,2.0521264869941573,2.0483246194909115,718971.0,1.001856086416708,data_band,2.3531802000002244,9
case_053,3,ok,501536.0,497346.0,6877352.0,6877352.0,0.1919509451873865,1488188.0,6264772.0,1.0084247184052952,8.863362499999766,54ff83a16e3837cdb17d591549194a6ee0ddef21b7de3cb0073519007287618d,,2.961089462868908,2.9363515281056594,546106.0,1.0980403984348923,data_band,2.3017869999998766,9
case_053,4,ok,412060.0,401644.0,10218514.0,10218514.0,0.2026694839100248,2056878.0,8092050.0,1.025933413669817,9.712153099999796,2b3ddded4165ef6138f018cd7e3af2ce851a2ac812c40873fa3160095acbae22,,3.6666450886855024,3.573960102897636,492232.0,1.2255430181952176,data_band,2.1821328999999423,8
case_053,5,ok,368746.0,351878.0,12803730.0,12803730.0,0.25416871472482877,3039472.0,8919010.0,1.0479370690978123,9.662719800000104,82cfbc09922f3964eb15cebd5e950b793ca5ba6496ddce45bb90338272091378,,4.185217603828599,3.993768067992602,520446.0,1.4790523988427808,data_band,2.251284900000428,8
case_054,1,ok,815051.0,815051.0,0.0,0.0,0.0,0.0,1606214.0,1.0,12.333925500000078,1c9f22c955565dbec481aaf9dd1e21eee9ff632c82918c3a68255e8ef56e2089,,1.0,1.0,815051.0,1.0,single_core_fixed,0.27646269999968354,1
case_054,2,ok,435929.0,435929.0,661958.0,661958.0,0.05447576592282893,108614.0,1885190.0,1.0,9.909043699999984,6eaf212fce5eb177491a0f3fc0cfb205d0aa5028ec4b31a973e67085480f8467,,1.869687494981981,1.869687494981981,435929.0,1.0,valley,2.748349599999983,7
case_054,3,ok,295182.0,295132.0,1733776.0,1733776.0,0.22216597454689144,595978.0,2086602.0,1.0001694157190681,8.969390799999928,af01a314360fbf80ed5dbabaacd98dcd785d549dabcd5356e3f0ec8b6c22daad,,2.761649024843121,2.76118123733832,295182.0,1.0001694157190681,valley,2.8080055999998876,7
case_054,4,ok,231708.0,230893.0,1766610.0,1766610.0,0.2213748611942524,596874.0,2099340.0,1.0035297735314626,8.068080499999724,3aa929376c23ac63bba428053d465652bb3dc9c10a9f44eededc2f3c450e1e09,,3.5299944129964964,3.517578158717006,231708.0,1.0035297735314626,valley,2.911573800000042,7
case_054,5,ok,202096.0,198945.0,2922392.0,2922392.0,0.3446998185438639,1186130.0,2254922.0,1.0158385483425068,8.454496199999994,eaa8bdb25df6d25770158c8bc8f1050870ad4bb99c310c745ad9dca3c0fb2d69,,4.0968659679811,4.032989272424986,202096.0,1.0158385483425068,valley,2.7477739999999358,7
case_055,1,ok,118835.0,118835.0,69632.0,69632.0,0.10014324257468461,69632.0,625692.0,1.0,0.3287828000002264,50e8c508e994261f5f8932836ff74c53da41585f0b3d194b92eed09232a8e956,,1.0,1.0,118835.0,1.0,single_core_fixed,0.019560199999887118,1
case_055,2,ok,53535.0,53430.0,16384.0,16384.0,0.025517228490085284,16384.0,625692.0,1.001965188096575,0.33708359999991444,8cc447225f0062023ee27f88a80933874c6272ab37578fbbd609e1c70a48cea8,,2.2241250233950964,2.219762772018306,65764.0,1.2308440950776718,component_affinity,0.19812020000017583,9
case_055,3,ok,36456.0,36456.0,74240.0,74240.0,0.10606744655195076,74240.0,625692.0,1.0,0.4052707000000737,7a2f54e19f036edc1fc673069bb1db6259c03d159c89e353c3da227c03bd01c1,,3.2596829054202328,3.2596829054202328,43687.0,1.1983486943164363,component_affinity,0.2152576000003137,9
case_055,4,ok,31297.0,31297.0,115712.0,115712.0,0.15607145362042826,115712.0,625692.0,1.0,0.4002989000000525,055850912e46e787a6c2bd488cfb83f901dc6eb101c91c5c3d6de526e782876f,,3.797009298015784,3.797009298015784,31367.0,1.0022366360993067,component_vector,0.2826542000002519,9
case_055,5,ok,26322.0,26322.0,198656.0,198656.0,0.22421598645232355,184832.0,639516.0,1.0,0.3315426999997726,21a11a5c22ad33a895d0410f7df20873c0ad33175dc0cf5f4815fdd5cae1ec20,,4.5146645391687565,4.5146645391687565,26781.0,1.0174378846592205,component_vector,0.21729499999992186,9
case_056,1,ok,277285.0,277285.0,0.0,0.0,0.0,0.0,221526.0,1.0,3.9736864999999852,06cd715d5dc996fab3c43e3272f58b7058d85def7a43f7aacb7ef58b19e0d983,,1.0,1.0,277285.0,1.0,single_core_fixed,0.1289238999997906,1
case_056,2,ok,153175.0,153175.0,2656954.0,2656954.0,0.04420484564017097,70182.0,1517472.0,1.0,4.628027600000223,abccff44eea16e3bb1295a68bd7cd4d40af62a4729e32587d0a5331674274b38,,1.8102497143789782,1.8102497143789782,187182.0,1.2220140362330667,valley,1.3354674000001978,7
case_056,3,ok,102094.0,101498.0,2598576.0,2598576.0,0.16286245677979855,260948.0,1341312.0,1.0058720368874263,4.169405500000266,6f81a0f922fa34fb9a95cccd8fb3dde3364a1ca718fc97f3a8d328decc6ee432,,2.731925752231571,2.7159774325621484,144637.0,1.4250231531655797,valley,1.3030561999999009,7
case_056,4,ok,114358.0,111073.0,4252382.0,4252382.0,0.2861453806801828,693918.0,1731136.0,1.029575144274486,4.86409599999979,b92d12d15566356dda9e64a86a1bcd0acbf9523ffffbd568fa00b0a41217502d,,2.4964212724964665,2.4247101208485633,121045.0,1.0897787941263855,valley,1.3044230999998945,7
case_056,5,ok,96721.0,93868.0,3976084.0,3976084.0,0.30292541793528865,704012.0,1620032.0,1.0303937444070397,4.655114699999558,d1fb33058fad0b747469a1cd4d7a91e30c61f261b7add26eceb51e19520372df,,2.9539885797076746,2.866854147496407,112895.0,1.2026995355179615,valley,1.3080469999999877,7
case_057,1,ok,59726.0,59726.0,94216.0,94216.0,0.21868152274837513,94208.0,336592.0,1.0,0.2505476000001181,bfcb5ca0791df41c0ee0440fe80b6c92900c9e7f9158d2947bbebc3da1bdbde6,,1.0,1.0,59726.0,1.0,single_core_fixed,0.013703499999792257,1
case_057,2,ok,33620.0,33620.0,327740.0,327740.0,0.18651640606598663,102944.0,448986.0,1.0,0.28219199999966804,ebc263d1db951fee418a61588f7459daa8b7e6c68f85199b6badb0d41547e135,,1.7765020820939916,1.7765020820939916,33730.0,1.0032718619869125,data_wide,0.12069910000036543,7
case_057,3,ok,25250.0,25250.0,288.0,288.0,0.0008549139742813379,288.0,336588.0,1.0,0.2387007000002086,acf61b387762714380990b4d4a1255b0de2ae88731c2575c48a4d43652d60b22,,2.3653861386138613,2.3653861386138613,25250.0,1.0,component_reuse_order,0.12302530000033585,7
case_057,4,ok,20957.0,20957.0,288.0,288.0,0.0008549139742813379,288.0,336588.0,1.0,0.2351690000000417,f0a9788f2c00f36bdb738a684f5b9ae664c101094fe5dc1c70c1325c3a33bf45,,2.8499308107076393,2.8499308107076393,20957.0,1.0,component_vector,0.11312249999991764,6
case_057,5,ok,16538.0,16538.0,27936.0,27936.0,0.0007900714356256378,288.0,364236.0,1.0,0.22260259999984555,a02ee1e7633ab38df913f29108c4479d0fbce24a1a5795a7c099f24bd16b97dd,,3.6114403192647235,3.6114403192647235,16538.0,1.0,component_vector,0.11219160000018746,6
case_058,1,ok,4539717.0,4539717.0,28696576.0,28696576.0,0.0,0.0,35319808.0,1.0,20.69012610000027,1902a0f2a2ac1a1f0db3b151ae0b2751905177deaf4a07b37c3937fa6d2d2b26,,1.0,1.0,4539717.0,1.0,single_core_fixed,0.3117082999997365,1
case_058,2,ok,2192730.0,2192400.0,29540352.0,29540352.0,0.3187223921168875,11526144.0,24637440.0,1.0001505199781062,11.22440400000005,fdb1124b942bda09532a163ebf5fbbadc90b7bbc28583026cb12f2364b16c4bf,,2.07066091954023,2.070349290610335,2316879.0,1.0567775041050904,component_reuse_order,4.559044000000085,7
case_058,3,ok,1468270.0,1466200.0,29638656.0,29638656.0,0.22365299898339547,8110080.0,28151808.0,1.001411812849543,12.016693900000064,e7687f9acb77bdd51b78feb90776143c95215c0e063ec36b5148cf42ee71bc54,,3.096246760332833,3.0918816021576414,1554831.0,1.0604494611921975,component_reuse_order,3.926913099999638,6
case_058,4,ok,1274373.0,1272300.0,27066368.0,27066368.0,0.02782462057335582,675840.0,23613440.0,1.001629332704551,11.273309500000323,b7c5f0b9fc2b701df3ed340b4df802866bf4c3434d606fc179d60fdeb4dd963b,,3.568118368309361,3.562314173322881,1274373.0,1.001629332704551,data_band,4.24215409999988,7
case_058,5,ok,902745.0,897570.0,30834688.0,30834688.0,0.4548933843630399,17039360.0,20418560.0,1.0057655670309837,9.632761200000004,aabab24b86e7a8e3b6e28cb3ad2d2603172ad91b77739bedcf7ed062f94e2554,,5.057786022260102,5.028792183839291,1004819.0,1.1194881736243414,component_reuse_order,3.61129770000025,6
case_059,1,ok,829473.0,815938.0,1691648.0,1691648.0,0.6100443131462334,1691648.0,1081344.0,1.0165882701871956,1.0991188999996666,0d4f6098dae77de7b3f17912f2fc7ad972bd3a06721644b23bf7527884f87a57,,1.0165882701871956,1.0,829473.0,1.0165882701871956,single_core_fixed,0.04662340000004406,1
case_059,2,ok,369318.0,369318.0,360448.0,360448.0,0.0,0.0,1441792.0,1.0,0.8444911999999931,a4e6a96742cbcae03080b2d6c8b222dc903cf2f8614c8f6def699a7f720770de,,2.2459587672412393,2.2459587672412393,369318.0,1.0,component_merged,0.5636263000001236,6
case_059,3,ok,254073.0,254073.0,1171456.0,1171456.0,0.4,901120.0,1351680.0,1.0,0.9056660999999622,cf0c73d172cf9614b873c66b7e7244cd30925d8bf56218ffad2e2a0d7dd7faeb,,3.2647034513702753,3.2647034513702753,266217.0,1.0477972866066052,component_affinity,0.5653463000003285,7
case_059,4,ok,185216.0,185216.0,1081344.0,1081344.0,0.0,0.0,2162688.0,1.0,0.8765475999998671,7a7c67cc5070dad2699e61bab51db2ea511a33c24b1dc94e9d306ffcef0b492f,,4.478408992743607,4.478408992743607,185216.0,1.0,component_merged,0.4469730000000709,6
case_059,5,ok,150782.0,150736.0,2072576.0,2072576.0,0.5441558441558442,1716224.0,1437696.0,1.0003051693026217,0.9687616999999591,ee975abc4d70a9fb4a5805922c30a2bb6196d26df48b5e22fb6e18812bcfa961,,5.502819498991615,5.501140719714555,150782.0,1.0003051693026217,component_affinity,0.6226125999996839,7
case_060,1,ok,888789.0,887801.0,2068520.0,2068520.0,0.4231432279268349,1763336.0,2403896.0,1.001112862003985,2.1933289999997214,74da768a6ecd33351d86916e06c9ca44f35b76d683f04cda1bb9acbf90a50b68,,1.001112862003985,1.0,888789.0,1.001112862003985,single_core_fixed,0.08505609999974695,1
case_060,2,ok,451811.0,451376.0,2879584.0,2879584.0,0.34063064452886466,1695752.0,3282520.0,1.0009637198255998,2.3129824000002372,5884f11454dc269d42c90d6b848d9cbaef848ec8f0c9050c01080cedec464b40,,1.9690657013221793,1.9671699006885623,469437.0,1.0400132040693346,shared_prefix,1.054774499999894,8
case_060,3,ok,339158.0,338364.0,2414720.0,2414720.0,0.42380725334600067,1912832.0,2600616.0,1.0023465853341371,2.163292399999591,953ef2ee094b36deda5d92b5805cb224c8f3efac054caffd03c43f7e02577a27,,2.6267244742348477,2.6205750712057507,334622.0,0.9889409038786632,component_reuse_order,1.0164985999999772,8
case_060,4,ok,229383.0,228970.0,3699968.0,3699968.0,0.513020168672405,2974848.0,2823848.0,1.001803729746255,2.213796099999854,3b1fab878d8311078f649190c886ea5e1c1c276161e004cbb3987513e8d4c8d8,,3.8816831899375464,3.8746942885915696,229383.0,1.001803729746255,component_merged,1.017098199999964,8
case_060,5,ok,183272.0,182846.0,4290944.0,4290944.0,0.5288935018886729,3379456.0,3010216.0,1.0023298294739835,2.259038000000146,f83edc0910763ec026efc64771a9170d73cedfbaf0f783d5bdd4bc7ad0700566,,4.860861052470385,4.849562399057139,183272.0,1.0023298294739835,component_merged,1.0455584000001181,8
case_061,1,ok,77191.0,77191.0,0.0,0.0,0.0,0.0,544036.0,1.0,0.3508741000000555,6f944a476ed16d7e315e08d390aa81dffb7d9d879fb495aed9e81d855dcc4e7d,,1.0,1.0,77191.0,1.0,single_core_fixed,0.019753200000195648,1
case_061,2,ok,42541.0,42541.0,73544.0,73544.0,0.11897451841488217,73472.0,544072.0,1.0,0.40134219999981724,e418fae5087d9e5ed744e72dba87d2380aa5873e6b2378560edd72e16d24ce9e,,1.8145083566441786,1.8145083566441786,39299.0,0.9237911661691075,shared_prefix,0.20249330000024202,8
case_061,3,ok,30435.0,30435.0,97384.0,97384.0,0.13174339848573674,84496.0,556872.0,1.0,0.38383070000008956,2ec9403dc6a6c78c7fdb30df9413f33487ef81ee01828d215433d8c5a77b734a,,2.536257598160013,2.536257598160013,28409.0,0.9334319040578282,shared_prefix,0.19657809999989695,9
case_061,4,ok,23892.0,23892.0,62208.0,62208.0,0.07094173303158464,43008.0,563236.0,1.0,0.35707519999959914,6871e8c731587968296652d1a24a05c05da3d95f9ae947c82bcff637208a6bd5,,3.230830403482337,3.230830403482337,27166.0,1.1370333165913276,component_vector,0.17332259999966482,7
case_061,5,ok,22283.0,22283.0,83712.0,83712.0,0.0721818309257855,45312.0,582436.0,1.0,0.375101099999938,e4ce62e76fe0dccea09f1d5a8b716e614289099044914b8f4e7eaf316a2241c6,,3.46412063007674,3.46412063007674,20949.0,0.9401337342368622,component_affinity,0.18880699999999706,8
case_062,1,ok,2854809.0,2854809.0,0.0,0.0,0.0,0.0,13400064.0,1.0,12.331861899999694,357b61b3792c63074981b67bd39cb2eb722fc424be80a5343cf0628ea54f3152,,1.0,1.0,2854809.0,1.0,single_core_fixed,0.41665400000010777,1
case_062,2,ok,1505864.0,1505864.0,6441984.0,6441984.0,0.0,0.0,16621056.0,1.0,17.013735200000156,98083dc456666bef4b591bc4857473d4b096ff3f6217f9a767bf6c5935233d98,,1.895794706560486,1.895794706560486,1625119.0,1.0791937386111894,join_tail,3.6334062000000813,4
case_062,3,ok,1031153.0,1031153.0,6445056.0,6445056.0,0.0,0.0,16622592.0,1.0,15.489784900000359,6fe273e69319c5a20e5a7e657cc6bf7fd142900e3b7607e7b071ca0902d59235,,2.7685600487997415,2.7685600487997415,1126037.0,1.0920173824834918,join_tail,3.3724342999998953,4
case_062,4,ok,885322.0,885322.0,14976000.0,14976000.0,0.00018518518518518518,4608.0,24878592.0,1.0,15.64809269999978,a3c3723248ccccc67b12831a70cb2b6656927b87f98a5300e4f07fcea4817f56,,3.2245996371941508,3.2245996371941508,885322.0,1.0,data_wide,3.4273979000004147,4
case_062,5,ok,567755.0,567755.0,15037440.0,15037440.0,0.0036957191253464737,92160.0,24844800.0,1.0,15.767627899999752,444c51f8c4a98cb7ba22795443c04834c3561f100731089f62d253e5486d3b79,,5.028241054680276,5.028241054680276,567755.0,1.0,data_wide,3.5579210000000785,4
case_063,1,ok,1070397.0,1070397.0,0.0,0.0,0.0,0.0,5019648.0,1.0,4.17336350000005,01550d52f82e8b8e22057604ee4d46c7a392e107419f1f7dc6e2c91b05b61295,,1.0,1.0,1070397.0,1.0,single_core_fixed,0.13206039999977293,1
case_063,2,ok,564704.0,564704.0,2251776.0,2251776.0,0.0,0.0,6145536.0,1.0,4.557032199999867,0004b5ef1e268370a5ebc51ca22ef18f109c21773c358fb8f8dc9eb4d4661418,,1.8955010058366861,1.8955010058366861,585524.0,1.036868872896243,join_tail,1.1439150000001064,4
case_063,3,ok,351019.0,350979.0,4792320.0,4792320.0,0.005816002819880155,50688.0,8664576.0,1.0001139669324945,4.312760499999968,95213bd40757de7cc3ac8e9dfa720a1c227ec1e07a11da844e5876600be33f13,,3.0497465660338654,3.0493990353798512,351019.0,1.0001139669324945,data_wide,1.0569295000000238,4
case_063,4,ok,263878.0,263878.0,5203968.0,5203968.0,0.004591836734693878,41472.0,8990208.0,1.0,4.120899199999712,4d808b41ce86f643b602cfd7d197202ff8ebe4babbdd4963f598ca80548e61a1,,4.056408643388233,4.056408643388233,263878.0,1.0,data_wide,0.9943537000003744,4
case_063,5,ok,212149.0,212149.0,5555712.0,5555712.0,0.0034676354029062086,32256.0,9269760.0,1.0,3.8873681000000033,4ef8f6050571f98d14762f0f2c15bd89028515f0436f85973efb9636b537459c,,5.04549632569562,5.04549632569562,373335.0,1.7597773263131102,data_wide,1.0062713000002077,4
case_064,1,ok,19116.0,19116.0,0.0,0.0,0.0,0.0,35622.0,1.0,0.2095595000000685,05a8f786c3f19190506f35dd668df254133d374df6019c0ef7b01c2e132a16a1,,1.0,1.0,19116.0,1.0,single_core_fixed,0.013645800000176678,1
case_064,2,ok,13194.0,13194.0,39718.0,39718.0,0.13809651654473454,8230.0,51366.0,1.0,0.2826231999997617,74a244d5b33fbaffa93509aafd1d437930ccfac0208769cc163d52845d2ad300,,1.4488403819918145,1.4488403819918145,13773.0,1.0438835834470215,data_band,0.10967799999980343,6
case_064,3,ok,12908.0,12859.0,124780.0,124780.0,0.31903028986294424,35242.0,75224.0,1.0038105606967882,0.2977413999997225,24aa1c7f2847ea52d628b0f5ff28fa03db73d9c3f59e5073a18b0061dd9460f2,,1.4865852710164087,1.4809420514409668,10681.0,0.8306244653550042,valley,0.12489019999975426,6
case_064,4,ok,13292.0,13287.0,125810.0,125810.0,0.31830479578978577,34354.0,73574.0,1.0003763076691503,0.31283180000036737,05c1d596683a830f7fd98ac24f9a3e474cafba5202fc8ee80588acd9b82b7a6c,,1.4386994806954165,1.4381582907011736,10465.0,0.7876119515315723,valley,0.10586790000024848,6
case_064,5,ok,12480.0,12478.0,150100.0,150100.0,0.3481722041801982,41812.0,78278.0,1.0001602820964899,0.3205771000002642,8529f11e048d620ac252002c1d39ff76aea518d2c0f69629f93b476907cd4396,,1.5319762782497195,1.5317307692307693,10292.0,0.8248116685366245,valley,0.11576349999995728,6
case_065,1,ok,53068.0,53068.0,0.0,0.0,0.0,0.0,299720.0,1.0,0.1909153999999944,2941fd949ede9695459a75fa7adc32ba5e433612cfc154fedb0a82f98e997836,,1.0,1.0,53068.0,1.0,single_core_fixed,0.011809500000254047,1
case_065,2,ok,26242.0,26242.0,13968.0,13968.0,0.015148810282828797,4752.0,308936.0,1.0,0.19921679999970365,74d7d46fb4ae7e1ff2ba0aa6470e3f8ac4f664d196aa3ccdfa32963ef55f4b1f,,2.0222544013413613,2.0222544013413613,26928.0,1.026141300205777,component_reuse_order,0.11240589999988515,8
case_065,3,ok,18061.0,18061.0,27792.0,27792.0,0.05671853245071936,18576.0,308936.0,1.0,0.19790119999970557,3bcc62fc28acacff687808678aa68d7325b626603986ce1d19a02258e43a8a7c,,2.938264769392614,2.938264769392614,18165.0,1.0057582636620341,component_reuse_order,0.11431100000027072,8
case_065,4,ok,14588.0,14588.0,41616.0,41616.0,0.10842102796071906,37008.0,304328.0,1.0,0.19840190000013536,4cfb403efd873e8ca2b683214fc9e6894d36433bd628d8eb21876d954ff1ce8a,,3.637784480394845,3.637784480394845,14502.0,0.9941047436248972,component_reuse_order,0.12006850000034319,8
case_065,5,ok,12156.0,12156.0,55584.0,55584.0,0.156440681782361,55584.0,299720.0,1.0,0.19931700000006458,ab305bc1e9330442f90a7ad5d3259be92e9a3e7672bc7c5591673629b812629c,,4.365580783152352,4.365580783152352,12156.0,1.0,component_merged,0.12206770000011602,8
case_066,1,ok,359070.0,359070.0,0.0,0.0,0.0,0.0,1027116.0,1.0,1.7436063999998623,f5e5dc3adf20485b6740be9944e184a198e0572c9a69d1e2314ba3a8e9b4e908,,1.0,1.0,359070.0,1.0,single_core_fixed,0.09020700000019133,1
case_066,2,ok,187136.0,187136.0,962412.0,962412.0,0.1746767643029678,288682.0,1363982.0,1.0,2.704722700000275,3c755967e9b6bdf630d80c3f502d5099174acbfaa8b376868a0617873474bfd8,,1.918764962380301,1.918764962380301,187136.0,1.0,valley,0.9866672000002836,8
case_066,3,ok,138900.0,138821.0,1875416.0,1875416.0,0.2773982761288381,649006.0,1690612.0,1.0005690781654073,2.639058400000067,118b06cd94192f122e949f936746ffc44c29ddd6d80b300f2e17a3c9a3830554,,2.5865683145921725,2.585097192224622,138900.0,1.0005690781654073,valley,1.075390999999854,8
case_066,4,ok,112071.0,111221.0,2276914.0,2276914.0,0.27067136917815887,686716.0,1850368.0,1.0076424416252328,2.7270809999999983,88cbf115810a4a1f460ef963968c1b61e2419e6caf4137ecd9daa58e57dc4827,,3.228437075732101,3.2039510667344806,112071.0,1.0076424416252328,valley,1.040113399999882,8
case_066,5,ok,94904.0,91753.0,2420166.0,2420166.0,0.34231322274020703,904638.0,1738082.0,1.034342201344915,2.6719176000001426,193f5f615d3336965a010c7ae89d66b98be7a2cb8635fbb6d65db45b5dd90eea,,3.913441522348043,3.7835075444659867,94904.0,1.034342201344915,valley,1.4141811999998026,8
case_067,1,ok,63834834.0,63834834.0,264449408.0,264449408.0,0.0,0.0,267185920.0,1.0,7.260368100000051,1ca36ac1f51b6b09aa1ccc024a1dd51434f3e73bd6f5de956da8d53d310d28e9,,1.0,1.0,63834834.0,1.0,single_core_fixed,0.13625239999964833,1
case_067,2,ok,32288466.0,31356535.0,181168512.0,181168512.0,0.8174267023993514,146095104.0,32630528.0,1.0297204713467225,5.367979000000105,005b6e6c1ead06d5b21567853bb5207bb1c315acd8f1a7907472429942d4419f,,2.0357744884758473,1.9770166225921046,32214746.0,1.0273694462733207,data_band,1.0762291999999434,5
case_067,3,ok,23277524.0,21390682.0,178494208.0,178494208.0,0.7332998363247024,130578432.0,47491200.0,1.0882085947516773,4.754039100000227,290b1102776725161c400d7c5f746cfe240136ac9aa7b7c4d218f86cf6fcd3da,,2.98423556574774,2.74233780190711,23139702.0,1.0817655089258023,data_band,1.1470948000001044,5
case_067,4,ok,18148768.0,16449722.0,176901248.0,176901248.0,0.6768248999473483,120443904.0,57510400.0,1.1032872166471872,4.247984199999792,76038a2611d422bd8bf238b8958993b273e5ced58f99c6ed368ec164042ae107,,3.88060260228106,3.5173094945067347,18057629.0,1.0977467582734832,data_band,1.1252714000002015,5
case_067,5,ok,15456614.0,13333990.0,176094720.0,176094720.0,0.7981793098297304,142261248.0,35970944.0,1.1591889599437228,4.404093000000103,d39cb3d42bb41e3a253b0adabfdd0937d0376fd726c3adec5c3b3d36bb70aa3b,,4.787376771693994,4.129936478972691,15329318.0,1.1496422301201665,data_band,1.1013756999996076,5
case_068,1,ok,362095.0,362095.0,0.0,0.0,0.0,0.0,2739974.0,1.0,2.488058899999942,5175cd95e43bb1c6a89ce1273bce9e50053f6fa4c02884e32d33090086698bd1,,1.0,1.0,362095.0,1.0,single_core_fixed,0.07767879999983052,1
case_068,2,ok,192023.0,191907.0,1290782.0,1290782.0,0.16033677855390085,602958.0,3157614.0,1.0006044594517136,2.3037178999998105,96b91decba6d69581ee7ca0835563f1b3f5e4537bd3a5a1ce5637b775b6ee953,,1.886825389381315,1.8856855689162235,192023.0,1.0006044594517136,valley,0.8856114000000161,7
case_068,3,ok,134975.0,134625.0,2190516.0,2190516.0,0.32570904441457105,1487166.0,3078768.0,1.0025998142989787,2.249587199999951,02b8b4946eca0582678e0ac09905c095764d8b9249e7932c995ce01646223489,,2.689656453110492,2.682681978144101,134975.0,1.0025998142989787,valley,0.915003600000091,7
case_068,4,ok,122595.0,113379.0,3057330.0,3057330.0,0.2494500677171517,1272352.0,3828276.0,1.0812848940279947,2.4554619000000457,07e45339ee1775168349cef0878be804b6b251fb6da2f2b7e5ae20caf8b14eff,,3.19366902160012,2.95358701415229,122595.0,1.0812848940279947,valley,0.8486114999996062,7
case_068,5,ok,123877.0,107948.0,3420288.0,3420288.0,0.3565161877012443,1921034.0,3467316.0,1.147561789009523,2.708150499999647,7d908de1a945c4cf20af3889faa51475a2607a918ab5c97d0caee92c47f15576,,3.354346537221625,2.923020415412062,123877.0,1.147561789009523,valley,0.9030103999998573,8
case_069,1,ok,25144.0,25144.0,0.0,0.0,0.0,0.0,113766.0,1.0,0.2146453999998812,407ae99fff927befce19051055f319758ed26395692f903e61b85fe40b17d3ae,,1.0,1.0,25144.0,1.0,single_core_fixed,0.022117900000012014,1
case_069,2,ok,13742.0,13742.0,111846.0,111846.0,0.09797419382267288,18436.0,169736.0,1.0,0.24931440000000293,69d4dacb5b989f6c1fd6fa7987089b19ac970e83fa611b1e86f814412cc93733,,1.8297191092999563,1.8297191092999563,13742.0,1.0,valley,0.13234259999990172,6
case_069,3,ok,10867.0,10389.0,293004.0,293004.0,0.40777120391113153,127780.0,185582.0,1.046010203099432,0.27879029999985505,9ec67522c9c2d0892b7134a3ff453b495be6b119b8e81c6d778c678287263d3a,,2.4202521898161518,2.3137940553970737,11864.0,1.1419770911541054,valley,0.12583970000014233,6
case_069,4,ok,10415.0,10267.0,273330.0,273330.0,0.2849524395559316,88912.0,223112.0,1.014415116392325,0.27272529999982,2e8f3663e26e20c5d658bd1ac21a6ac8e2a7b131807f70809a2e26064f6e4fc1,,2.449011395733905,2.414210273643783,9592.0,0.9342553813187884,valley,0.1297921000000315,6
case_069,5,ok,11229.0,10312.0,310288.0,310288.0,0.3160104254523086,99664.0,215718.0,1.0889255236617532,0.3612289999996392,37d9f9d238d0cba325fa5592d2b4be01daf973273abee959e03af444f1f916f4,,2.4383242823894493,2.239202066078903,14614.0,1.4171838634600467,shared_prefix,0.12459320000016305,6
case_070,1,ok,117300.0,117300.0,0.0,0.0,0.0,0.0,419858.0,1.0,0.32386929999984204,35ce7023ce09f4f259830a2b287d1f610f990f5e0c5df54380ad9a72d89fc08b,,1.0,1.0,117300.0,1.0,single_core_fixed,0.020571100000324805,1
case_070,2,ok,58525.0,58525.0,129536.0,129536.0,0.235779786455622,129536.0,419858.0,1.0,0.3255189000001337,0a4682dc7509a24a0d28a236791ed5b83ab405debaa2ff2380162c4c7f605832,,2.0042716787697565,2.0042716787697565,58525.0,1.0,component_merged,0.19112140000015643,9
case_070,3,ok,41388.0,41388.0,259072.0,259072.0,0.14630079684208977,99328.0,579602.0,1.0,0.33645030000025145,13b2303f89ccf825b17476c35876791cbf2c106504b76af5c4b11909b5d61792,,2.834154827486228,2.834154827486228,45661.0,1.1032424857446603,component_vector,0.20077829999991081,9
case_070,4,ok,32437.0,32437.0,347136.0,347136.0,0.13083805088436154,100352.0,666642.0,1.0,0.3417163999997683,2021b76b16145758d58045098141ad8e9edc6f9e2871b37373cc46fdcbcae123,,3.6162407127662854,3.6162407127662854,36336.0,1.120202238184789,component_affinity,0.22147290000020803,10
case_070,5,ok,28228.0,27536.0,462848.0,462848.0,0.15486923165810587,136704.0,746002.0,1.0251307379430563,0.3860998000000109,abc6cbd944f423ae1b0f3a00fc9de51ad246d0e81d128d3811cdfd2df946b6a6,,4.259877977919814,4.155448490860139,27664.0,1.0046484601975596,component_vector,0.23010810000005222,10
case_071,1,ok,18919.0,18919.0,0.0,0.0,0.0,0.0,111462.0,1.0,0.152886700000181,a7c073cf325d95737aeb07d2a60a98d91a29202419d62a1be4965e019039c4f1,,1.0,1.0,18919.0,1.0,single_core_fixed,0.011495400000057998,1
case_071,2,ok,12223.0,12223.0,84100.0,84100.0,0.19425264371331444,33028.0,136998.0,1.0,0.18783710000025167,0f16f89bc2c3b24b8bf7cace439a744b1cd58d557477d194195e2b7e1ee2e3d9,,1.5478196842019145,1.5478196842019145,11417.0,0.9340587417164362,shared_prefix,0.0832762999998522,6
case_071,3,ok,9654.0,9654.0,181832.0,181832.0,0.3612094311656124,89192.0,157734.0,1.0,0.20906809999996767,583e1ec24328c096e0f3e7a141f34938945dc728272811da7b767b68c0039ba0,,1.9597058214211727,1.9597058214211727,10829.0,1.1217112077895173,shared_prefix,0.09010089999992488,6
case_071,4,ok,8966.0,8884.0,198732.0,198732.0,0.2999480030702949,72684.0,169638.0,1.009230076542098,0.208828899999844,f6ac94af8c495206bf345c9f4474e901c04011dfb6bc148eb73fa0b8626e2434,,2.129558757316524,2.110082534017399,8514.0,0.9583520936515083,shared_prefix,0.09537700000009863,6
case_071,5,ok,7648.0,7455.0,266512.0,266512.0,0.2810666188568394,81520.0,208518.0,1.025888665325285,0.25756120000005467,51c7c4a5e986532787533012e628063fc6b2e54485f3713558f53275948955c8,,2.53775989268947,2.473718619246862,11906.0,1.5970489604292422,shared_prefix,0.09216419999984282,6
case_072,1,ok,23897828.0,23890756.0,108613680.0,108613680.0,0.026210198484652728,3137536.0,116569150.0,1.000296014073393,41.841429699999935,37c06b0e48200c61307762f2dcc1c88e96c3f935c6e17eab4b29797a85ee5161,,1.000296014073393,1.0,23897828.0,1.000296014073393,single_core_fixed,0.6839979000001222,1
case_072,2,ok,11775417.0,11771317.0,76696352.0,76696352.0,0.1427293727333101,12530120.0,75259238.0,1.0003483042721557,31.63755839999976,546210eb108e644ea0ea91597c600a59cc5ef0d83562e0f30e6d4fd8ce82b187,,2.030174533571732,2.029467661315094,11888724.0,1.009973990166096,component_reuse_order,8.969035000000076,9
case_072,3,ok,7847572.0,7840667.0,76991264.0,76991264.0,0.12167393792330912,10717560.0,77366710.0,1.0008806648720063,25.136682599999858,308ed609b43db7d6cc76a935673231c4bbff3d2ee2a42661914d7b7aa87fdd44,,3.0479330393702475,3.045251193617593,7926170.0,1.0109050671326814,component_reuse_order,8.568443099999968,9
case_072,4,ok,5955979.0,5948021.0,78629664.0,78629664.0,0.1513813175644461,13582336.0,76140334.0,1.0013379239918623,22.59302519999983,3035df7bc947a2bb37e20241a75a727e97411ee1b2b0055462d1c0b47d179954,,4.017778013897395,4.012409714674951,5994354.0,1.0077896497002952,component_reuse_order,9.011837700000342,9
case_072,5,ok,4721276.0,4719933.0,79266480.0,79266480.0,0.10881894569431261,9832824.0,80526662.0,1.0002845379372969,19.06954399999995,10573c10f700be602a1abe1d75f08a41d3005015d64196744b00d78a1a285603,,5.063171023825974,5.061730769393698,4863110.0,1.030334540765727,component_reuse_order,9.195233400000234,9
case_073,1,ok,10081626.0,10081626.0,141570432.0,141570432.0,0.0,0.0,145160448.0,1.0,2.941906800000197,3d2046d0044f93d10f04fec7c73b216ead6dc688936ebed47eca937db385dc8c,,1.0,1.0,10081626.0,1.0,single_core_fixed,0.0658144999997603,1
case_073,2,ok,5329133.0,4661261.0,91771264.0,91771264.0,0.8299822391560778,79076352.0,16198400.0,1.1432813996040985,2.364471599999888,a1c829dd4ac62b5ea3e6c03dff15cef8132864111d2d715350f56418c8d5796a,,2.1628537857030534,1.8917947816277056,5306906.0,1.138512947462071,data_band,0.6428093999998055,5
case_073,3,ok,4365877.0,3288649.0,93132032.0,93132032.0,0.8789105806713106,84934656.0,11701632.0,1.3275594324599553,2.1225217999999586,3fcfcae236fd3f88044966f78b1c8d437685aa31b2f25567c7b9786d0a696dfc,,3.0655828578848032,2.3091869056320187,4347939.0,1.3221049129901064,data_band,0.5719205000000329,5
case_073,4,ok,3670429.0,2708423.0,94492800.0,94492800.0,0.7192401333319401,70483968.0,27513856.0,1.3551904558482926,2.0791583000000173,55f05e51c5819b8a911d31433372e2c57bb50105ce6d69de0d6cf6b85b3855f1,,3.7223232855429154,2.7467159833360077,3640418.0,1.3441098380865915,data_band,0.575637899999947,5
case_073,5,ok,3243126.0,2316337.0,95853568.0,95853568.0,0.7088277541240201,70428672.0,28930688.0,1.400109742235262,2.0162930000001325,1d1772bae56b2d6452255cbac4b370728ccc05031f8e3f7cac7a1ccde87d5d9e,,4.3524003631595924,3.108613726386209,3224273.0,1.3919705984060178,data_band,0.5739052999997512,5
case_074,1,ok,1682239.0,1678120.0,6070280.0,6070280.0,0.16680485013829857,1642496.0,8204316.0,1.002454532452983,1.5198975000002974,2779c2f98534ba22be17439254042effe4fd89fc373320886e992cf811fe3daa,,1.002454532452983,1.0,1682239.0,1.002454532452983,single_core_fixed,0.05570820000002641,1
case_074,2,ok,825446.0,824949.0,3457024.0,3457024.0,0.33238847814907185,2404352.0,4829208.0,1.0006024614854978,1.3845479999999952,73ffaad34b23d5ca1acd23d2638cdfad327d561f45078220412e333d3d136b72,,2.0392036356186867,2.037975833670525,822510.0,0.9970434535953132,component_reuse_order,0.8120001000002048,9
case_074,3,ok,560063.0,558503.0,5275648.0,5275648.0,0.33438825370761355,3026944.0,6025240.0,1.002793181057219,1.4445982999995977,91bbdcd42a0d3f51bad593e1e98f37129699edccc5147919e7b4a4f7e09aa468,,3.012050069560951,3.003660302501683,553814.0,0.9916043423222436,component_reuse_order,0.9118848000002799,9
case_074,4,ok,436212.0,433111.0,6995968.0,6995968.0,0.307984104716972,3317760.0,7454744.0,1.00715982738836,1.4746077999998306,f2871002d3330112e5d52b85b21884e3a4f60f932b5d59aafbea9e3086e245b4,,3.8840828332690696,3.856471165396642,423088.0,0.9768581264387189,component_reuse_order,0.8860152000002017,9
case_074,5,ok,335626.0,333481.0,7770112.0,7770112.0,0.26676070838913596,3080192.0,8466456.0,1.006432150557303,1.5730800000001182,745d7f838fc73fb39ce0194c4677d67832860226729a92e20d22882cfb7e5966,,5.044482294343606,5.0122427940624386,407970.0,1.223368047954756,component_reuse_order,0.8522469999998066,9
case_075,1,ok,1441809.0,1441809.0,0.0,0.0,0.0,0.0,1819782.0,1.0,3.8433399000000463,bed9d9e83e74b512d9fc39bb4e0590540ad7bc8cb66a39d8ca9bb40be3ad609a,,1.0,1.0,1441809.0,1.0,single_core_fixed,0.11943350000001374,1
case_075,2,ok,738658.0,738658.0,1401990.0,1401990.0,0.12205756804152743,327686.0,2356998.0,1.0,3.495946500000173,0636cef50865a16407fbe82b385c14210d5b6fdf3a7e071a637217bf633d9e42,,1.9519303926851128,1.9519303926851128,738658.0,1.0,valley,1.0899312999999893,6
case_075,3,ok,559640.0,559578.0,4018700.0,4018700.0,0.39516972935439865,1775628.0,2717702.0,1.0001107977797554,3.596440899999834,cb7a9b0b1f4647a7cfc27158630f0555e13f41405789466eff57f7b02c903119,,2.5766005811522255,2.576315131155743,559640.0,1.0001107977797554,valley,1.160978299999897,6
case_075,4,ok,398037.0,397969.0,3455122.0,3455122.0,0.3235900701039091,1360018.0,2842886.0,1.0001708675801382,3.333309900000131,fee69e2338b9c3e28a2cb364a0ff62e80ef8618ba9ac75f24822643e43ec2e1b,,3.6229178654618828,3.6222989320088335,398037.0,1.0001708675801382,valley,1.1574735999997756,6
case_075,5,ok,369499.0,365050.0,6786072.0,6786072.0,0.5434347203397736,3367190.0,2828936.0,1.0121873715929324,3.932824999999866,b8dd6eb6a01ad22dea7c4c66bc1da679238f348f6fe938ebc8e340691c431ed7,,3.9496205999178193,3.902064687590494,369499.0,1.0121873715929324,valley,1.1825853999998799,6
case_076,1,ok,6185113.0,6183098.0,28280832.0,28280832.0,0.13357661937269952,4347904.0,28201984.0,1.0003258884138664,39.99526999999989,942cb3b3d622bf9f0010de6b6db391fd4d955ea8adbdf47a2f1577f4908dba33,,1.0003258884138664,1.0,6185113.0,1.0003258884138664,single_core_fixed,0.9051088000001073,1
case_076,2,ok,3085520.0,3084596.0,10178560.0,10178560.0,0.47763838684527604,6900736.0,7546880.0,1.0002995530046723,25.009175799999866,20ac5ca79eb9c22b472eb6c7c8b4c6edd99b5467c870c1c7f24a0158051df5a7,,2.005161453882453,2.0045609816173613,3069464.0,0.9950943332611467,component_reuse_order,9.561142400000335,7
case_076,3,ok,2046418.0,2046322.0,10626048.0,10626048.0,0.25690911590815346,3826688.0,11068416.0,1.0000469134378656,22.097663099999863,ee30148f43bbc2ce86515e1d6f138c1bb7de42a42852934b35724dd30a54bbe1,,3.0225511918456625,3.0224094002300603,2061609.0,1.0074704762984517,component_reuse_order,9.43875640000033,7
case_076,4,ok,1531122.0,1530920.0,14709760.0,14709760.0,0.46827452249919066,8887296.0,10091520.0,1.0001319468032295,21.355084100000113,62f1076a86f63c63b62356ee7bbaa0f1394222ff6891d9b08169f2c25426ca43,,4.040128158231652,4.039595146565721,1550155.0,1.0125643403966242,component_reuse_order,9.479399100000137,7
case_076,5,ok,1237109.0,1234163.0,17932288.0,17932288.0,0.45343849453438495,10066944.0,12134400.0,1.002387042878453,22.254065800000262,910f6cf28a40e5101c5f1f0654edfbf46773cc4c7ef6ee7f8480bc9afffa93ff,,5.011585179591351,4.9996507987574255,1238120.0,1.00320622154448,component_reuse_order,9.435214999999971,7
case_077,1,ok,495320.0,495320.0,0.0,0.0,0.0,0.0,2141260.0,1.0,1.6492426999998315,313a53144f59c7d21461950a087d241efd2668313bf912d71f68862af0734dcf,,1.0,1.0,495320.0,1.0,single_core_fixed,0.06847849999985556,1
case_077,2,ok,262954.0,262846.0,580106.0,580106.0,0.09775834827793771,251080.0,2317294.0,1.0004108869832526,1.6534966999997778,f89dc64c44ba776feac23e852050856bfb1b620db0570f7cc0c7fb4c9d0174ac,,1.8844494494875326,1.8836754717555162,250735.0,0.9539235902391514,valley,0.7885439000001497,8
case_077,3,ok,188863.0,188537.0,792452.0,792452.0,0.14957033125125727,411914.0,2342068.0,1.0017291035711824,1.5616128000001481,1b76247fb80763a9c7d11df5e631a768ad31e12804a2fb38b5f223fcdcff7bcd,,2.6271766284601963,2.6226418091420767,178739.0,0.9480314208882076,valley,0.79348839999966,8
case_077,4,ok,153109.0,152982.0,1205822.0,1205822.0,0.18838323384524713,577904.0,2489800.0,1.0008301630257155,1.6802677000000585,243ae7189a012d3fa3a5dccc8bcbdfea28f55704c878f5bb74b835be8adecabd,,3.2377665346249884,3.2350808900848413,144734.0,0.9460851603456616,valley,0.866692200000216,8
case_077,5,ok,121081.0,121081.0,172032.0,172032.0,0.0,0.0,2313292.0,1.0,1.4291437000001679,4b5f3f8d483bc722783a6e95e26fdd9237bca50296070645508ea4428505a112,,4.090815239385205,4.090815239385205,121081.0,1.0,component_merged,0.765642299999854,7
case_078,1,ok,2296143.0,2296143.0,12644568.0,12644568.0,0.0,0.0,14776152.0,1.0,0.3650294999997641,69e0e695ade21e7c3734f75bdadd7b92833241347217999b102e74c4b7836aef,,1.0,1.0,2296143.0,1.0,single_core_fixed,0.014560900000105903,1
case_078,2,ok,1055740.0,1055740.0,2148480.0,2148480.0,0.0,0.0,4395264.0,1.0,0.2952440000003662,dd512d08343ea8a420864219616b9e37c2ec57aa5a8e0d25277a72cce778b002,,2.1749133309337525,2.1749133309337525,1055740.0,1.0,data_band,0.11678600000004735,6
case_078,3,ok,792172.0,792172.0,4296960.0,4296960.0,0.11764274397042428,769824.0,5773920.0,1.0,0.29293150000012247,3e0d59208fd26ec164968115b81123b9ed63cc3acb45e6da22ff627c52c52c57,,2.8985409734249634,2.8985409734249634,773858.0,0.9768812833576547,data_band,0.1291572999998607,6
case_078,4,ok,557664.0,557664.0,6445440.0,6445440.0,0.0,0.0,8692224.0,1.0,0.29593690000001516,408c2d623ae7906c6c18ccae0597a4c67ded37fd77becd4f167416f6e542cf3c,,4.117430926149079,4.117430926149079,557664.0,1.0,data_band,0.12622879999980796,6
case_078,5,ok,543260.0,543260.0,8593920.0,8593920.0,0.10508395026743651,1139184.0,9701520.0,1.0,0.32694569999966916,c2ad422660026bf7bbcfc5776fd83ce7680e94ff1ad88d04c7ab6ade546e3e4b,,4.226600522769944,4.226600522769944,528099.0,0.9720925523690314,data_band,0.12104379999982484,6
case_079,1,ok,31052251.0,31052251.0,32448512.0,32448512.0,0.0,0.0,38260736.0,1.0,26.073585600000115,e8c2977025670b0dec3c92b1c955c5fa59854ec91c26b072e18ddca966af5564,,1.0,1.0,31052251.0,1.0,single_core_fixed,0.45758319999958985,1
case_079,2,ok,15594940.0,15575492.0,36859904.0,36859904.0,0.2808586762075134,9003008.0,23052288.0,1.0012486282937323,12.7571724000004,d51c695f16c51d6d91b38999972040e77f6852bca3d40a4d015d1bb171f19bdd,,1.9936610028113397,1.9911747656611696,15446486.0,0.9917173723950422,data_wide,4.786110999999892,6
case_079,3,ok,10436715.0,10432969.0,55062528.0,55062528.0,0.12024703317994671,6100992.0,44636160.0,1.0003590540717604,15.002361500000006,85f9b40468c944f136e64016b366cda2c078a76d99f6b97a8d8354a383cbeb50,,2.9763580242594414,2.9752897343656506,10181692.0,0.9759151014442773,data_wide,5.067793600000186,7
case_079,4,ok,7786118.0,7780871.0,31670272.0,31670272.0,0.13396143088473428,3727360.0,24096768.0,1.000674346098271,11.141918100000112,f1f39499be98db8028a851f6f431e0daa39ad40820c828996d8da65466a29286,,3.9908451123273987,3.9881557150816365,7635624.0,0.9813328096558855,data_wide,4.271710399999847,6
case_079,5,ok,6263209.0,6260737.0,64759808.0,64759808.0,0.21749803948310545,13064192.0,47001600.0,1.0003948416935577,15.554226899999776,5f268a06e4bf8cc5dc5d36a8a6515388921e5ade457d6ce5ce966d3208005ebf,,4.959839552436079,4.957881973921037,6075976.0,0.9704889376442422,data_wide,5.093053900000086,7
case_080,1,ok,292138.0,291826.0,548864.0,548864.0,0.1686143572621035,413696.0,2039808.0,1.0010691302351402,0.40668840000034834,4bde11275202a3123e3211f6020879016dce6dd6e065878203a696a24797bbac,,1.0010691302351402,1.0,292138.0,1.0010691302351402,single_core_fixed,0.02336650000006557,1
case_080,2,ok,153702.0,153702.0,1921024.0,1921024.0,0.1006423982869379,385024.0,3440640.0,1.0,0.4139641000001575,cdb2d593766bd90bc7ed6e611b308690efd18cc54c1b22c445a079746c3e2cac,,1.900677935225306,1.900677935225306,156441.0,1.017820197525081,component_reuse_order,0.25707290000036664,7
case_080,3,ok,100098.0,100098.0,983040.0,983040.0,0.0,0.0,2740224.0,1.0,0.3704378999996152,f787fb65eda1728918e758483a68fd5181701e5ea27fcece0914931226fa0ab6,,2.9185198505464647,2.9185198505464647,100098.0,1.0,data_wide,0.15499110000018845,6
case_080,4,ok,107717.0,79440.0,4444160.0,4444160.0,0.43584656084656087,2699264.0,3493888.0,1.3559541792547836,0.5427884000000631,4de91d19bd4023f364490397d689a1da2530311d460b1e0e938e865993e5f61b,,3.677467270896274,2.7120881569297324,92659.0,1.1664023162134944,data_wide,0.1816862000000583,7
case_080,5,ok,117286.0,73651.0,5013504.0,5013504.0,0.4262899262899263,2842624.0,3825664.0,1.5924563142387749,0.6528370999999424,a197906aeb3a5dd86b14f2382cc7a86acc76b4f4b4ee99e60cd18741148a2792,,3.966517766221776,2.4908173183500164,113455.0,1.5404407272134797,data_wide,0.22301410000000033,7
case_081,1,ok,151795.0,151795.0,0.0,0.0,0.0,0.0,1044820.0,1.0,1.65133139999989,e0c3a84e75f5cccea24be436c009615eacaeea8dc4e49c81e869f8ffa0539f00,,1.0,1.0,151795.0,1.0,single_core_fixed,0.055472500000178115,1
case_081,2,ok,76860.0,76860.0,0.0,0.0,0.0,0.0,1044820.0,1.0,1.3600553000001128,38d67cf6c28fac291aac83471e998b1d4df4007407ebbd1d57a02e3949f048bd,,1.9749544626593807,1.9749544626593807,76860.0,1.0,component_merged,0.6813215000001946,7
case_081,3,ok,51943.0,51943.0,0.0,0.0,0.0,0.0,1044820.0,1.0,1.2661324999999124,d68ac76f4bbba1d8b60aa20c255a9cabd714ed94c6686cf599309686826f889c,,2.9223379473653814,2.9223379473653814,51943.0,1.0,component_merged,0.627009199999975,7
case_081,4,ok,39588.0,39588.0,0.0,0.0,0.0,0.0,1044820.0,1.0,1.1993954999998095,6a60e3a9bbc1f246a0658bb1bf739967c2feba8eda9c86978335e639c3b60689,,3.834369000707285,3.834369000707285,39588.0,1.0,component_merged,0.7022680000000037,7
case_081,5,ok,30943.0,30943.0,0.0,0.0,0.0,0.0,1044820.0,1.0,1.4518740999997135,ae26e110b0e9d64eef0fc2c50bf20ec8d20f3c1e5fb6ea87c3845f9f42fa4215,,4.905632937982743,4.905632937982743,30943.0,1.0,component_merged,0.7137695999999778,7
case_082,1,ok,721041.0,721041.0,0.0,0.0,0.0,0.0,566406.0,1.0,1.3760025000001406,6eb39ce98179d639db67413478cb56976f77b63d3afc1ad94cbd85377017ba62,,1.0,1.0,721041.0,1.0,single_core_fixed,0.059349899999688205,1
case_082,2,ok,365555.0,365554.0,567942.0,567942.0,0.10928238898349926,98310.0,801286.0,1.0000027355739507,1.478269900000214,e667ab7b0d097b0ba2cfadbe16203912a442382b7abd426668b5655594ba896b,,1.9724609770375923,1.972455581239485,365555.0,1.0000027355739507,valley,0.645997399999942,6
case_082,3,ok,249583.0,249485.0,1538572.0,1538572.0,0.32618174746840645,499852.0,1032582.0,1.000392809186925,1.5590508000000227,213037075f8e71bed93d8f639a4f34222e67abe2d060b80736ec3c035c244049,,2.890117642343227,2.888982823349347,249583.0,1.000392809186925,valley,0.5477753000000121,6
case_082,4,ok,202367.0,202415.0,1418386.0,1418386.0,0.3308694809077247,491410.0,993798.0,0.9997628634241533,1.4466459999998733,4dec74e4095e85090b6c73620265c118ac2593d4103e52ff1502112d02b88472,,3.5621915371884496,3.56303646345501,202367.0,0.9997628634241533,valley,0.592500299999756,6
case_082,5,ok,187739.0,187306.0,2829592.0,2829592.0,0.5301861455941522,1265812.0,1121674.0,1.0023117251983384,1.6927288000001681,2b79a56e8dcf36f94be82411fc38ebce69cf2dc28e2cec132788ae895df757e3,,3.849534985531697,3.840656443253666,187739.0,1.0023117251983384,valley,0.7615132999999332,6
case_083,1,ok,1057993.0,946145.0,13934688.0,13934688.0,0.7958684091545202,11829024.0,3034016.0,1.1182144385902795,1.883603100000073,7ec4e87335d7c4fad3623f4332ab33b69d05a0210b052cebef7267c241d7bedc,,1.1182144385902795,1.0,1057993.0,1.1182144385902795,single_core_fixed,0.057331499999691005,1
case_083,2,ok,447790.0,447715.0,930400.0,930400.0,0.43954846714886664,929536.0,1185216.0,1.0001675172821995,1.4082565999997314,c9188db4633d9a506e875ba4de40c57580c98591034206ec200a2d8503281d68,,2.3630948259495437,2.3626990330288753,447790.0,1.0001675172821995,data_band,0.5152158999999301,5
case_083,3,ok,308067.0,308067.0,1860800.0,1860800.0,0.30525110076607015,929536.0,2115616.0,1.0,1.3330852000003688,163a381039564a1b6b10d0687b4fb4a82a8471b4c6a3401066834aad95d289c3,,3.4342951370968002,3.4342951370968002,308067.0,1.0,data_band,0.5148374000000331,5
case_083,4,ok,224609.0,224609.0,2791200.0,2791200.0,0.7014391963682024,2788608.0,1186944.0,1.0,1.3346999000000324,06cb98df169d10f9dda4d24e406d18d2f029d314f774986c9328a4eba37c3a64,,4.710376699063707,4.710376699063707,224609.0,1.0,data_band,0.42821550000007846,5
case_083,5,ok,197034.0,196519.0,3721600.0,3721600.0,0.1894710751348566,929536.0,3976416.0,1.0026206117474645,1.1892071000002034,7bc8dee7e3372db6b1ac1ef6a582f78d0e8848584634df682eb17e36318e880a,,5.38366773696182,5.369596110315986,197034.0,1.0026206117474645,data_band,0.42039440000007744,5
case_084,1,ok,2507412.0,2507412.0,0.0,0.0,0.0,0.0,9927786.0,1.0,8.150140199999896,394128f58f59436607e94c6d809e84dc37c2bb9623f4570355de7e12960c1e4c,,1.0,1.0,2507412.0,1.0,single_core_fixed,0.22999170000002778,1
case_084,2,ok,686924.0,686924.0,9427968.0,9427968.0,0.0,0.0,14641770.0,1.0,7.372167700000318,c53cbb4f339adb9013e0da728f8c6ea12750731e63a78b6ebe0f3a5b79cc393c,,3.650202933657872,3.650202933657872,1255052.0,1.8270609266818454,data_wide,1.893052599999919,5
case_084,3,ok,458172.0,458172.0,9179136.0,9179136.0,0.0,0.0,14517354.0,1.0,6.622082200000023,17df49ba5e33bc6b79dc196c9e7f7eb44109f01ac006ad44c499d85d7173f0fe,,5.472643461407507,5.472643461407507,836220.0,1.8251224430999713,data_wide,1.6376636999998482,5
case_084,4,ok,384788.0,384788.0,8930304.0,8930304.0,0.0,0.0,14392938.0,1.0,6.33372640000016,f4e9c842ce60c8ca75d030fa21de8df965aaa44e52d6c15c9d2be0dd0f9a9248,,6.516346663617369,6.516346663617369,629028.0,1.6347391290788693,data_wide,1.6936501000000135,5
case_084,5,ok,375094.0,375094.0,8681472.0,8681472.0,0.0,0.0,14268522.0,1.0,6.0919896000000335,ab8bd5fc3d1b0963b4742defec2e0a1a5117169f5da6a5e2703547efc379ad69,,6.6847563544071615,6.6847563544071615,503472.0,1.3422555412776531,data_wide,1.781512400000338,5
case_085,1,ok,3187899.0,3187899.0,0.0,0.0,0.0,0.0,1655942.0,1.0,18.062422699999843,684cfd0441b7faf7f2c3f58f65970994db8dc62ead0591c028c1518df373ad26,,1.0,1.0,3187899.0,1.0,single_core_fixed,0.34349070000007487,1
case_085,2,ok,1662788.0,1662787.0,2148486.0,2148486.0,0.10248364323273938,294918.0,2582790.0,1.0000006013999387,13.739689800000178,083e187e6aff98d9172d047bb063fadf4be8447ad0180091392134369c68b998,,1.9172022634288095,1.917201110424179,1662788.0,1.0000006013999387,valley,3.2558837000001404,6
case_085,3,ok,1126371.0,1126373.0,5683212.0,5683212.0,0.3915372286538827,1991948.0,3095558.0,0.9999982243892565,12.712564399999792,75a93c335578dc3a749028a8c1ba37dbe314845d0095398918000f9b75e0c85a,,2.830233856812974,2.83023888221554,1126371.0,0.9999982243892565,valley,3.209216899999774,6
case_085,4,ok,838581.0,838456.0,5003666.0,5003666.0,0.30923819693848253,1473426.0,3291270.0,1.0001490835535793,11.344617499999913,8cece95d2e79e82e1d64dc409126568dbd694acec6c5883748ff6d78ed19789b,,3.802106490978656,3.8015397439245584,838581.0,1.0001490835535793,valley,3.406569700000091,6
case_085,5,ok,746292.0,744845.0,10855448.0,10855448.0,0.5254370581022013,4350870.0,3929608.0,1.001942686062201,12.041506200000185,a8e93b023e6d97f3119b454dabb3f879196b59721c4a090de056f54691f17e96,,4.27994951969873,4.271651042755383,746292.0,1.001942686062201,valley,3.672980699999698,6
case_086,1,ok,118403.0,118403.0,0.0,0.0,0.0,0.0,321126.0,1.0,1.9520516000002317,0f4e862bfccb3b103c1999ac88e283efe57b077628d0cdcbc5ba535fcad3106b,,1.0,1.0,118403.0,1.0,single_core_fixed,0.08998950000022887,1
case_086,2,ok,62866.0,62866.0,418278.0,418278.0,0.1573806547680034,92164.0,493448.0,1.0,1.862289900000178,35b4dc19fe6de0140349a30ac16fecc69b2281b416c9ed1a6b370b1e1fb0b490,,1.8834187000922598,1.8834187000922598,62866.0,1.0,valley,0.724576099999922,6
case_086,3,ok,48546.0,47249.0,1081164.0,1081164.0,0.4327925129756018,444780.0,582918.0,1.027450316408813,1.9723171000000548,270189df897b9402eac4cd5208f327a5555f5f1225acead7d182265cc187dfbc,,2.5059366335795468,2.4389857042804763,48546.0,1.027450316408813,valley,0.6969758999998703,6
case_086,4,ok,38996.0,38226.0,952434.0,952434.0,0.3114209910067014,300018.0,663366.0,1.020143357923926,1.8393044999997983,861855f6c09ec10488e4ec539762204e7a961c0e477ccb0e47746470b405658b,,3.0974467639826297,3.0362857728997845,38996.0,1.020143357923926,valley,0.7835767000001397,6
case_086,5,ok,40905.0,36951.0,1898328.0,1898328.0,0.5382102091908176,837144.0,718278.0,1.1070065762766907,2.042376400000194,47d94f9ff8923d4e71b6da05d8e8cae904691f3a6d32d70d03e8a010bc7bfe24,,3.2043246461530135,2.894585014056961,42073.0,1.1386160049795675,valley,0.797669400000359,6
case_087,1,ok,3974071.0,3969779.0,7902720.0,7902720.0,0.18336776784760794,2534400.0,11287004.0,1.0010811684982968,36.648023300000204,91acd6dff66221ddc3c11406e7b6f4cdc7b6973022b5518ef28c2f6c02a954f4,,1.0010811684982968,1.0,3974071.0,1.0010811684982968,single_core_fixed,0.592193099999804,1
case_087,2,ok,2008482.0,2008511.0,4631040.0,4631040.0,0.30051061051454997,3170304.0,7379420.0,0.9999855614432781,16.755303500000082,39a0c4998f517fde789a956791e922d67291627d4ef127ec5e00e8c2ff9e118e,,1.9786155017323779,1.978644070497022,1985234.0,0.9884108177650011,component_reuse_order,6.306838499999685,8
case_087,3,ok,1382997.0,1382997.0,5902848.0,5902848.0,0.16488421297679523,1949184.0,9872348.0,1.0,13.673735300000317,a19952710b95f5b275a60beae898c33b9d5ebd03743a927c65f5d08ef44b4f9d,,2.8735210560832742,2.8735210560832742,1385253.0,1.001631239980998,component_reuse_order,6.624311999999918,9
case_087,4,ok,1025060.0,1021202.0,22413298.0,22413298.0,0.493625108353013,12570348.0,12895026.0,1.0037779009441814,20.703630099999828,f6d8f7482764cd9fb2fa42ef5cff0c8f0cf5b65983e1d636e4cd10085ce99c43,,3.891562100348413,3.876915497629407,1069661.0,1.0474529035391626,valley,6.906024800000068,9
case_087,5,ok,885740.0,852871.0,25908378.0,25908378.0,0.5069576856598562,14296226.0,13903812.0,1.0385392398146964,19.910643400000026,8588e627d5dd658cbd83f985e37e2c6a8d20a5ad53477a146153b6321d973cd6,,4.659639030990618,4.486724095106916,888504.0,1.0417800581799592,valley,6.953563100000338,9
case_088,1,ok,243623.0,243623.0,0.0,0.0,0.0,0.0,1829730.0,1.0,1.1924192999999832,163f203a2937e442470e3ecfbb02b80323d01d3c6887661bb73f55d35b22ac06,,1.0,1.0,243623.0,1.0,single_core_fixed,0.05434229999991658,1
case_088,2,ok,135849.0,135313.0,850054.0,850054.0,0.18078630320797973,454854.0,2061122.0,1.0039611862866096,1.2497800000001007,ec9c72f07bc2d16c3909b622e25384f47039a8571fcdd2828ca8ab936b5983a4,,1.8004404602661976,1.7933367194458554,135849.0,1.0039611862866096,valley,0.5778408000001036,7
case_088,3,ok,96111.0,95879.0,1473104.0,1473104.0,0.3074813000078188,943820.0,2125700.0,1.0024197165176942,1.1590961000001698,f6ff33b6b1872685d56ba097edf7aa72d30ccbbd550601986244315808d7f5b0,,2.54094222926814,2.5348087107615154,96111.0,1.0024197165176942,valley,0.5626009000002341,7
case_088,4,ok,87538.0,81865.0,2048310.0,2048310.0,0.2558772351681021,877902.0,2553048.0,1.0692970133756794,1.354569999999967,c764181a7d11820a9ba8e1e639b5e9afb269114bfd966a1ae003d8d6a6d98aef,,2.975911561717462,2.7830542164545684,87538.0,1.0692970133756794,valley,0.6390885999999227,7
case_088,5,ok,86863.0,75845.0,2220472.0,2220472.0,0.35416680662765676,1265234.0,2307190.0,1.145269958467928,1.2531593999997312,828c99e849863ab9b9450f1a1659785d6c94d1bbb380ca6b3620e17fa424c455,,3.2121168171929595,2.804680934344888,86863.0,1.145269958467928,valley,0.612294699999893,7
case_089,1,ok,693092.0,693092.0,0.0,0.0,0.0,0.0,402560.0,1.0,2.190658099999837,4fc10e9b5c244c9674e677b5fc6937fd0b87f194d682ef550a0ce29592c22599,,1.0,1.0,693092.0,1.0,single_core_fixed,0.0737981000002037,1
case_089,2,ok,333104.0,333104.0,238720.0,238720.0,0.0,0.0,641280.0,1.0,2.029186500000378,fe37cb9dd10ca5d78706e2e36ff6b5c62a66e1f6dfbdbe1f5236f9bdaf9646a5,,2.0807075267784234,2.0807075267784234,346832.0,1.0412123540996205,data_band,0.804499400000168,6
case_089,3,ok,233146.0,233146.0,477440.0,477440.0,0.2711090909090909,238576.0,641424.0,1.0,1.8013640999997733,cd558c7aa63d9537847387ca2b42be34710397e24b433ffd180a0d607acf3574,,2.97278100417764,2.97278100417764,243614.0,1.0448989045490809,data_band,0.7018966000000546,6
case_089,4,ok,166784.0,166784.0,716160.0,716160.0,0.0,0.0,1118720.0,1.0,1.7402092000002085,c05288df336750edcf46764a1d5e8970abc40498ab4bb9f32df6cdf1f0ed5333,,4.155626438986953,4.155626438986953,178160.0,1.068207981580967,data_band,0.6380747999996856,6
case_089,5,ok,133604.0,133604.0,954880.0,954880.0,0.0,0.0,1357440.0,1.0,1.5679144000000633,3ac28abd0f96c8b48e87415b16b93aa3063c90b3527b48ca226a3cc17c670a89,,5.187659052124188,5.187659052124188,147432.0,1.1034998952127182,data_band,0.6968987000000197,6
case_090,1,ok,1178363.0,1178363.0,21233592.0,21233592.0,0.0,0.0,23365560.0,1.0,0.671536500000002,00f2e18102897420f917354e90524cc9061b95a3ad982b75fecb9f63b5a465d9,,1.0,1.0,1178363.0,1.0,single_core_fixed,0.024607500000001892,1
case_090,2,ok,481849.0,474598.0,2148480.0,2148480.0,0.4837413670975739,2097936.0,2238960.0,1.0152781933341481,0.5589331000001039,6dccdbc1381d4e468d67ccfa7c9506665df947ec8a28d1cd08b26404097699a4,,2.4828654988010905,2.445502636718142,482371.0,1.016378071546867,data_band,0.21160620000000563,6
case_090,3,ok,359580.0,338917.0,4296960.0,4296960.0,0.30420317958434484,1972872.0,4512504.0,1.0609677295621052,0.4989467999998851,e432b8e948f84de5c15dd8b7a1024ef209ae267c02b4aa71634b38456af2c390,,3.4768483138939623,3.2770537849713555,345253.0,1.0186948426900981,data_band,0.2232334999998784,6
case_090,4,ok,300013.0,271108.0,6445440.0,6445440.0,0.21889732698808043,1889928.0,6743928.0,1.1066180267642416,0.48860999999988053,53394a52f028a6468ccb08b283a6c6cf2da735f8c32d1c96d5ca80999879c6b3,,4.346470779172876,3.9277064660531376,297117.0,1.0959359369697685,data_band,0.199618399999963,6
case_090,5,ok,261420.0,203403.0,8593920.0,8593920.0,0.49140371808112826,5298480.0,5483856.0,1.2852317812421645,0.4719662000002245,8f8301a591902ceb531a0670b0aeacda8e98e8592f7df637b2067b8425fbf5d6,,5.7932429708509705,4.507547241986076,285660.0,1.404404064836802,data_band,0.23159209999994346,6
case_091,1,ok,9186769.0,9168820.0,53947008.0,53947008.0,0.10538579237748164,6374016.0,54108672.0,1.001957612866214,37.52661970000008,220eff77c868dc051d126bfdc2c7fc5a0fbed7471a8128d8b3fb07db31c8a47b,,1.001957612866214,1.0,9186769.0,1.001957612866214,single_core_fixed,0.7400276999997004,1
case_091,2,ok,4558277.0,4547581.0,28271584.0,28271584.0,0.4437133582231571,15444448.0,19362816.0,1.0023520196781541,28.07643280000002,d24ac85f57399384cc35ff897e7de2bc159f1b2898159d6d399cd0976a5f4e97,,2.020144116179569,2.015403846672767,4590046.0,1.0093379315288722,component_reuse_order,9.891173199999685,7
case_091,3,ok,3051376.0,3045559.0,25428800.0,25428800.0,0.26992962188028713,8628160.0,23336320.0,1.0019099941915426,21.71146269999963,9a59824e658e6b4a4383ebb636755850ea4fea403a88bea69ab3751770f23990,,3.016447555276388,3.010697141224156,3070809.0,1.0082907604154114,component_reuse_order,10.915838099999746,8
case_091,4,ok,2292534.0,2292459.0,26478240.0,26478240.0,0.15113624798266914,4989600.0,28024320.0,1.0000327159613323,20.611544400000184,56283ba511e316bf731318a5607c75a994d2d819714e974e15ad63e945e4d980,,4.00738639164321,4.007255290434078,2315529.0,1.010063429705831,component_reuse_order,10.300269200000002,8
case_091,5,ok,1855564.0,1850709.0,32660992.0,32660992.0,0.1412748510893986,5537504.0,33659168.0,1.00262331895506,19.804735600000186,ca75aa66d8a086979d8f6019180746f6178c31497c296c300f03ef7825993b2b,,4.963918692782063,4.9509308221112285,1876536.0,1.0139551923073806,component_reuse_order,9.50729679999995,8
case_092,1,ok,4815554.0,4333631.0,66000096.0,66000096.0,0.7935495964003455,52970464.0,13780832.0,1.111205361047122,20.364436899999873,13032b95691d7d95912166112d908978e2250d20d1b79f9ff370fd6738d13f5d,,1.111205361047122,1.0,4815554.0,1.111205361047122,single_core_fixed,0.34070410000003903,1
case_092,2,ok,2024032.0,2024032.0,5358176.0,5358176.0,0.0,0.0,5237952.0,1.0,12.585355500000333,1fcd43118b7ce7f1651fab7ff44d8bd4b1d51a5d6cd48d60e6152316e8384847,,2.3791886689538506,2.3791886689538506,2828252.0,1.3973356152471899,data_wide,2.5341275999999198,5
case_092,3,ok,1363611.0,1362889.0,5690560.0,5690560.0,0.1581750873692188,928384.0,4940960.0,1.0005297570088247,10.970206800000142,32f622492069a77ab353e4731a3d37afbd7937c43dae663a537cd6f77d473d87,,3.5333427740630383,3.5314719520449747,1376516.0,1.009998613239963,data_wide,2.6979286999999204,5
case_092,4,ok,1040221.0,1025333.0,6264608.0,6264608.0,0.2807600858286134,1859072.0,4762496.0,1.0145201607672825,9.402387499999804,b2c8e1a96bfc8db9f29cf9add8774bbedf9416c8d2c862979e675b2551c76a15,,4.696575649081811,4.62935664632804,1028889.0,1.003468141569617,data_band,2.6129963999997017,5
case_092,5,ok,827524.0,827834.0,4688256.0,4688256.0,0.20151297305810567,1269248.0,5029344.0,0.9996255287895882,9.105660600000192,3a1d8ae97abee815d8117edff0d646c0ddddd7aa61ccab43ad73899756fe0bd0,,5.817052694139163,5.819231828925807,819820.0,0.990319315225033,data_band,2.5588738999999805,5
case_093,1,ok,74205.0,74205.0,0.0,0.0,0.0,0.0,573440.0,1.0,0.2102122999999665,d740ca1eb54c74eab83a22fcf0c9a2ee98f0b8970396131df3ef725168ce19e3,,1.0,1.0,74205.0,1.0,single_core_fixed,0.011342100000092614,1
case_093,2,ok,37827.0,37827.0,8192.0,8192.0,0.0,0.0,581632.0,1.0,0.20205600000008417,1469376cc0cae5c34dfe2b96bb51cb4a7622e7a839eb29b6ac55960acadc677f,,1.9616940280751844,1.9616940280751844,37827.0,1.0,component_merged,0.0706718000001274,5
case_093,3,ok,25103.0,25103.0,16384.0,16384.0,0.0,0.0,589824.0,1.0,0.19596199999978126,d881d5b76b1d96eb7fa2e6e118e738073020ed1bb58fd1526ad5d9ad05a2f30a,,2.956021192686133,2.956021192686133,25103.0,1.0,component_merged,0.07142500000009022,5
case_093,4,ok,19779.0,19779.0,24576.0,24576.0,0.0,0.0,598016.0,1.0,0.19452180000007502,d2ad824bd9839e8f80ed32db071c1d06ec76ecd2bb9accbaaa0d02c8f0932074,,3.751706355225239,3.751706355225239,19779.0,1.0,component_merged,0.07681700000011915,5
case_093,5,ok,15876.0,15876.0,32768.0,32768.0,0.0,0.0,606208.0,1.0,0.20123689999991257,6d46bd5288ce6ae2cce27e74567a3e03b7ec6a87982c05048af6750615d14098,,4.674036281179139,4.674036281179139,15876.0,1.0,component_merged,0.07443330000023707,5
case_094,1,ok,94892.0,94892.0,0.0,0.0,0.0,0.0,471328.0,1.0,0.17905870000004143,90f14f38bd9283ba93052db846f68a96f7317d4b0a088f56294fd5f4c59c5589,,1.0,1.0,94892.0,1.0,single_core_fixed,0.01065359999984139,1
case_094,2,ok,49187.0,49187.0,320548.0,320548.0,0.17701066485792216,122656.0,570274.0,1.0,0.20451150000008056,0da7241638925333098212691b751367ee9eb011384d11314f4028c1ede64251,,1.9292089373208368,1.9292089373208368,53614.0,1.0900034561977758,data_wide,0.10328989999970872,7
case_094,3,ok,38896.0,37772.0,955340.0,955340.0,0.2422713118336195,264992.0,828790.0,1.0297574923223551,0.2952307999998993,02c514ee5779483cb66e4c86089536007e7e9928132286cbce826127c424bb0e,,2.5122312824314306,2.4396338955162484,39889.0,1.0560468071587419,data_band,0.1041187999999238,8
case_094,4,ok,30007.0,29551.0,752352.0,752352.0,0.2926383598129394,302368.0,730880.0,1.0154309498832528,0.2268927000000076,9e73cf354f79626a2bd17976f925c8fc5a71891a366886481df942cad7de09bb,,3.211126527021082,3.162328789949012,30709.0,1.0391864911508917,data_wide,0.11888460000000123,8
case_094,5,ok,25114.0,25114.0,259200.0,259200.0,0.25388759910639974,185472.0,545056.0,1.0,0.2004308000000492,d35e5c67697f3945cbc8a946c6a61fb2908b420ab79e8ca86701c92e6f65f66e,,3.778450266783467,3.778450266783467,25530.0,1.016564466034881,component_affinity,0.13038009999991118,8
case_095,1,ok,2084853.0,2084853.0,0.0,0.0,0.0,0.0,8516508.0,1.0,2.372734799999762,63844efdce53667d1c9880a22ccbba187bf1b0b94b7998c8421f3b04e046c508,,1.0,1.0,2084853.0,1.0,single_core_fixed,0.07470419999981459,1
case_095,2,ok,573788.0,573788.0,16588800.0,16588800.0,0.0,0.0,16810908.0,1.0,2.2357069999998203,68791bc0effc4847e5434a6aed173d4580ebe559755be78fddf67449782175a0,,3.633490069503022,3.633490069503022,1042890.0,1.8175528243881016,data_wide,0.6674111000002085,5
case_095,3,ok,474501.0,474501.0,16367616.0,16367616.0,0.0,0.0,16700316.0,1.0,2.184577399999853,9399b70a8917502bd8ee705afae70077219f727759a526e4168d2b050918621c,,4.393779992033736,4.393779992033736,695775.0,1.4663298918231995,data_wide,0.6400012999997671,5
case_095,4,ok,524422.0,524422.0,0.0,0.0,0.0,0.0,8516508.0,1.0,1.8117395999997825,fdfaea2ee55f85e27957b535630142b49bc1238bd49e55f3a705d7e12b5fa100,,3.9755254356224565,3.9755254356224565,524422.0,1.0,component_merged,0.5950301000002582,5
case_095,5,ok,420852.0,420852.0,0.0,0.0,0.0,0.0,8516508.0,1.0,1.7664064000000508,23bc2a91e21be76a82a97af2665dea4c52e73e94e9b8e706d538df9e694f270c,,4.953886401870491,4.953886401870491,420852.0,1.0,component_merged,0.7357672999996794,5
case_096,1,ok,84194.0,84194.0,0.0,0.0,0.0,0.0,210260.0,1.0,0.3318691999998009,93da29da2f8708b13093282b0af603acc6a81dd4698a737118e1cea3da38b2cd,,1.0,1.0,84194.0,1.0,single_core_fixed,0.02024649999975736,1
case_096,2,ok,46819.0,46819.0,67392.0,67392.0,0.2427211041159437,67392.0,210260.0,1.0,0.3460076000001209,2c7471d4983641febf1e29014a0377369927d95b06e0c1b8a758722d0b27e716,,1.798287020226831,1.798287020226831,47175.0,1.007603750614067,component_reuse_order,0.1637934000000314,6
case_096,3,ok,33662.0,33662.0,67392.0,67392.0,0.2427211041159437,67392.0,210260.0,1.0,0.30747999999994136,9b05ab4ac3348211722ab390fd6de236036367f85d9ce2dcad73e024b28ffb60,,2.5011585764363375,2.5011585764363375,33662.0,1.0,component_merged,0.15903389999994033,6
case_096,4,ok,26984.0,26984.0,78336.0,78336.0,0.2714382735727453,78336.0,210260.0,1.0,0.3180136000000857,fa24e4ae4d75279843c888c55b02e0c9c7742a5dc41e6026a64037043af6b2ed,,3.120145271271865,3.120145271271865,26984.0,1.0,component_merged,0.14663860000018758,5
case_096,5,ok,27053.0,27053.0,134784.0,134784.0,0.07011279720847197,24192.0,320852.0,1.0,0.2982744000000821,0021270dff33825143fca4bb712e51f6e8ac0ebefb0a792f84b0b59be6804202,,3.112187188112224,3.112187188112224,27053.0,1.0,component_affinity,0.16945709999981773,6
case_097,1,ok,11491509.0,11491509.0,10584064.0,10584064.0,0.0,0.0,14843904.0,1.0,5.129178800000318,57ee6ed9eb0b93fc2819d6a977f235b1e66cfc35ab0d556135bdf0d4cb14e297,,1.0,1.0,11491509.0,1.0,single_core_fixed,0.11019110000006549,1
case_097,2,ok,5182192.0,5178654.0,12130304.0,12130304.0,0.15456703736098962,2533376.0,13856768.0,1.0006831891066674,4.335399000000052,f123cf2c16f403e7cbe272ff648402084c50ac5db87019f344c1770320efd406,,2.219014631987385,2.217499660375378,5617602.0,1.0847610209139287,component_reuse_order,1.5277537000001757,6
case_097,3,ok,3555469.0,3555366.0,13991936.0,13991936.0,0.25998653500897667,4745216.0,13506560.0,1.000028970294479,3.57366009999987,207b776f34208a29b25f0df1191b889ea15dcf8e1a6df7c6acc60aa7c4d820ac,,3.2321592207384557,3.23206558684663,3660459.0,1.0295589821132338,component_reuse_order,1.716621699999905,7
case_097,4,ok,2698156.0,2688480.0,12335104.0,12335104.0,0.39133654202147355,6494208.0,10100736.0,1.0035990596917217,3.448689700000159,0501b0ad177cd25f01fa1515d4fd7223e9b568719730b2ba516e4a6937ba6860,,4.274351678271737,4.259023199548136,2626908.0,0.9770978396714872,component_reuse_order,1.4455361000000266,6
case_097,5,ok,2127942.0,2121402.0,19083264.0,19083264.0,0.2685558869977189,6268928.0,17074176.0,1.0030828668965146,3.715939000000162,556e60ea7c3c4e26324df15d75a53204c95f883a90fb728ff5bc8b7af69aecda,,5.416940777844086,5.400292395187463,2102348.0,0.9910182039990535,component_reuse_order,1.6366530999998758,7
case_098,1,ok,177430.0,177430.0,0.0,0.0,0.0,0.0,697912.0,1.0,0.40001600000005055,12827684fcb5eb70cc7deb4cda3e3555a20650761f267a8c6b5bc3bf71bcbca9,,1.0,1.0,177430.0,1.0,single_core_fixed,0.01998830000002272,1
case_098,2,ok,89756.0,89756.0,0.0,0.0,0.0,0.0,697912.0,1.0,0.4112599999998565,5658d8da1f1e59248ab8c4632d504599258e6153b2f94a1b59159775d90d3345,,1.9768037791345425,1.9768037791345425,89756.0,1.0,component_vector,0.19781109999985347,7
case_098,3,ok,76529.0,71975.0,2460304.0,2460304.0,0.15903149588830384,344078.0,1819506.0,1.0632719694338313,0.6673981999997523,4fe855a3f7294d0b8e45cbe9bae8b10236f49f9faf4c2c186e54848fc85a4786,,2.4651615144147274,2.3184675090488573,85234.0,1.1842167419242793,data_band,0.23207109999975728,7
case_098,4,ok,67101.0,63843.0,2390740.0,2390740.0,0.15409359799296457,319514.0,1753992.0,1.051031436492646,0.7143037000000731,622867cb5aee9497b2df65fa7cf325f8717411cf06147b56eac47694048fc11f,,2.7791613802609527,2.6442228878854266,78025.0,1.222138683959087,data_band,0.19389899999987392,7
case_098,5,ok,66750.0,61577.0,2165060.0,2165060.0,0.15488091485050887,315406.0,1721036.0,1.084008639589457,0.5813136000001577,b69dc861b43f6f7759d7a16de54c06098141e486beb851e71328432143e3008f,,2.881433002582133,2.65812734082397,70962.0,1.1524108027347872,data_wide,0.24248619999980292,7
case_099,1,ok,1622999.0,1618902.0,5484544.0,5484544.0,0.25235465023466686,2023424.0,5994752.0,1.002530727616619,2.35340159999987,23fce5f517d500d2a378a58d70967cd6ada40f9eea222b6cdc87baf0a2004661,,1.002530727616619,1.0,1622999.0,1.002530727616619,single_core_fixed,0.10518339999998716,1
case_099,2,ok,807032.0,807032.0,2809856.0,2809856.0,0.38633641546495473,2064384.0,3279104.0,1.0,2.372973699999875,7acf7cf5a5a512a3a87a57c7bea4475fb2a4516b874071ad116f8f524f68bcc7,,2.0110714321117378,2.0110714321117378,811392.0,1.0054025119202212,component_reuse_order,1.2455531999999039,7
case_099,3,ok,545287.0,545139.0,4001792.0,4001792.0,0.34846644991969916,2277376.0,4258048.0,1.0002714903905243,2.5475792000002,cfb0e69df5333b6ecb91b0f620021031af688cf78041ed7ab22ba3d47d04f952,,2.9772204887193907,2.9764124213487575,560542.0,1.0282551789543584,component_reuse_order,1.2320590999997876,7
case_099,4,ok,412325.0,412226.0,5935104.0,5935104.0,0.4459357335026148,3776512.0,4692224.0,1.0002401595241446,2.5320953000000372,479f95f3a57960485559c8e00b0e2a874c319a5bfb785fa9c6e7bed0afacafd7,,3.93715825784885,3.9362129388225306,427540.0,1.0371495247752447,component_reuse_order,1.2307261000000835,7
case_099,5,ok,328708.0,328634.0,7618560.0,7618560.0,0.48697581763623066,4943872.0,5208320.0,1.0002251745102455,2.52909980000004,e5169f8f919c77bdd75816d4976b8559bf6757fb9df6b8730f9f49aafd0ca2fe,,4.938621688565395,4.937509887194714,337221.0,1.0261293718848323,component_reuse_order,1.358065599999918,7
case_100,1,ok,151223.0,151223.0,0.0,0.0,0.0,0.0,436006.0,1.0,0.38383859999976266,681e653563d3c768f3caa97d5ce84b5b07d871ec759557bc231b2ab6ffdbe411,,1.0,1.0,151223.0,1.0,single_core_fixed,0.023057599999901868,1
case_100,2,ok,85932.0,85932.0,839412.0,839412.0,0.25354205359511806,248456.0,731484.0,1.0,0.5904344000000492,ed49a87d0a43fe9f6d9f5d432d305b65940f64f93649df22b80fb22fffcca716,,1.7597984452823163,1.7597984452823163,90243.0,1.0501675743611227,data_band,0.2012699000001703,7
case_100,3,ok,62351.0,59960.0,1366594.0,1366594.0,0.29686544226175077,390194.0,924186.0,1.039876584389593,0.6784634999999071,f610e3c242052307a0b5f3cb6230142ec7ee4d74c8791f5323fe6a9a00b7c985,,2.522064709806538,2.4253500344822054,57811.0,0.9641594396264176,data_band,0.19253399999979592,6
case_100,4,ok,51190.0,46910.0,1711060.0,1711060.0,0.2978931770191404,463576.0,1092606.0,1.0912385418887232,0.7185918000000129,f3399bb9491e9597fa840444e824837d04fe74a61f137f568944817e210aaa42,,3.2236836495416754,2.9541512014065248,58086.0,1.2382434448944788,data_band,0.18466350000016973,6
case_100,5,ok,47926.0,40766.0,1863742.0,1863742.0,0.3831375797115551,645760.0,1039692.0,1.17563655987833,0.8340539999999237,39fbe1a0a965dec08ab62a38e04931d3d2ad21bb316552f1f311e0d812ba3f25,,3.709537359564343,3.1553436548011518,58085.0,1.4248393268900554,data_band,0.19898789999979272,6
